listing_id,host_id,neighbourhood,latitude,longitude,room_type,property_type,date,month,season,price_per_night_inr,cleaning_fee_inr,availability_365,minimum_nights,occupancy_rate,number_of_bookings,average_stay_length,revenue_estimated_inr,review_count,review_scores_rating,guest_origin_country,event_flag
1,93810,Whitefield,12.710004,77.532509,Entire home/apt,Apartment,2024-01-01,1,Winter,5249,279,359,1,0.79,24,3,125976,16,4.4,India,0
1,93810,Whitefield,12.710004,77.532509,Entire home/apt,Apartment,2024-02-01,2,Winter,4050,279,359,1,0.79,23,3,93150,13,4.8,India,0
1,93810,Whitefield,12.710004,77.532509,Entire home/apt,Apartment,2024-03-01,3,Spring,4412,279,359,1,0.64,20,3,88240,279,4.3,India,0
1,93810,Whitefield,12.710004,77.532509,Entire home/apt,Apartment,2024-04-01,4,Spring,4412,279,359,1,0.59,18,2,79416,142,3.7,Germany,0
1,93810,Whitefield,12.710004,77.532509,Entire home/apt,Apartment,2024-05-01,5,Spring,3752,279,359,1,0.47,15,1,56280,81,4.1,India,0
1,93810,Whitefield,12.710004,77.532509,Entire home/apt,Apartment,2024-06-01,6,Summer,4158,279,359,1,0.42,13,2,54054,79,3.9,India,0
1,93810,Whitefield,12.710004,77.532509,Entire home/apt,Apartment,2024-07-01,7,Monsoon,3979,279,359,1,0.52,16,3,63664,52,4.5,India,0
1,93810,Whitefield,12.710004,77.532509,Entire home/apt,Apartment,2024-08-01,8,Monsoon,3402,279,359,1,0.48,15,1,51030,176,4.5,India,0
1,93810,Whitefield,12.710004,77.532509,Entire home/apt,Apartment,2024-09-01,9,Autumn,3866,279,359,1,0.61,18,4,69588,235,4.3,India,0
1,93810,Whitefield,12.710004,77.532509,Entire home/apt,Apartment,2024-10-01,10,Autumn,4038,279,359,1,0.47,15,5,60570,193,5.0,India,0
1,93810,Whitefield,12.710004,77.532509,Entire home/apt,Apartment,2024-11-01,11,Winter,4094,279,359,1,0.4,12,3,49128,185,4.8,India,0
1,93810,Whitefield,12.710004,77.532509,Entire home/apt,Apartment,2024-12-01,12,Winter,4876,279,359,1,0.59,18,3,87768,23,3.7,India,0
2,20458,Frazer Town,13.046593,77.564038,Entire home/apt,Villa,2024-01-01,1,Winter,2529,329,163,3,0.63,20,2,50580,343,4.5,India,0
2,20458,Frazer Town,13.046593,77.564038,Entire home/apt,Villa,2024-02-01,2,Winter,1846,329,163,3,0.38,11,3,20306,311,4.2,India,0
2,20458,Frazer Town,13.046593,77.564038,Entire home/apt,Villa,2024-03-01,3,Spring,2004,329,163,3,0.76,24,3,48096,125,4.6,India,0
2,20458,Frazer Town,13.046593,77.564038,Entire home/apt,Villa,2024-04-01,4,Spring,1744,329,163,3,0.65,20,2,34880,327,4.3,India,0
2,20458,Frazer Town,13.046593,77.564038,Entire home/apt,Villa,2024-05-01,5,Spring,1771,329,163,3,0.69,21,2,37191,166,4.9,Australia,0
2,20458,Frazer Town,13.046593,77.564038,Entire home/apt,Villa,2024-06-01,6,Summer,2092,329,163,3,0.47,14,3,29288,117,4.4,France,0
2,20458,Frazer Town,13.046593,77.564038,Entire home/apt,Villa,2024-07-01,7,Monsoon,1781,329,163,3,0.75,23,4,40963,205,4.3,India,0
2,20458,Frazer Town,13.046593,77.564038,Entire home/apt,Villa,2024-08-01,8,Monsoon,1678,329,163,3,0.43,13,2,21814,290,4.0,Singapore,0
2,20458,Frazer Town,13.046593,77.564038,Entire home/apt,Villa,2024-09-01,9,Autumn,2068,329,163,3,0.8,24,2,49632,335,4.5,India,0
2,20458,Frazer Town,13.046593,77.564038,Entire home/apt,Villa,2024-10-01,10,Autumn,2106,329,163,3,0.65,20,4,42120,329,4.2,India,0
2,20458,Frazer Town,13.046593,77.564038,Entire home/apt,Villa,2024-11-01,11,Winter,1978,329,163,3,0.83,25,2,49450,287,4.5,India,0
2,20458,Frazer Town,13.046593,77.564038,Entire home/apt,Villa,2024-12-01,12,Winter,2694,329,163,3,0.21,7,3,18858,219,4.8,UAE,0
3,38746,Jayanagar,12.903811,77.477273,Entire home/apt,Apartment,2024-01-01,1,Winter,4523,255,158,2,0.24,7,3,31661,216,4.4,India,0
3,38746,Jayanagar,12.903811,77.477273,Entire home/apt,Apartment,2024-02-01,2,Winter,3675,255,158,2,0.76,22,3,80850,239,4.3,India,0
3,38746,Jayanagar,12.903811,77.477273,Entire home/apt,Apartment,2024-03-01,3,Spring,3803,255,158,2,0.47,15,5,57045,5,4.9,India,0
3,38746,Jayanagar,12.903811,77.477273,Entire home/apt,Apartment,2024-04-01,4,Spring,4029,255,158,2,0.46,14,2,56406,274,4.7,UK,0
3,38746,Jayanagar,12.903811,77.477273,Entire home/apt,Apartment,2024-05-01,5,Spring,3623,255,158,2,0.69,21,3,76083,174,4.2,India,0
3,38746,Jayanagar,12.903811,77.477273,Entire home/apt,Apartment,2024-06-01,6,Summer,3539,255,158,2,0.48,14,2,49546,232,3.9,India,0
3,38746,Jayanagar,12.903811,77.477273,Entire home/apt,Apartment,2024-07-01,7,Monsoon,3302,255,158,2,0.58,18,3,59436,134,4.5,Netherlands,0
3,38746,Jayanagar,12.903811,77.477273,Entire home/apt,Apartment,2024-08-01,8,Monsoon,3197,255,158,2,0.33,10,3,31970,259,4.3,UAE,0
3,38746,Jayanagar,12.903811,77.477273,Entire home/apt,Apartment,2024-09-01,9,Autumn,3536,255,158,2,0.42,13,4,45968,152,4.4,Australia,0
3,38746,Jayanagar,12.903811,77.477273,Entire home/apt,Apartment,2024-10-01,10,Autumn,3684,255,158,2,0.83,26,3,95784,101,4.6,India,0
3,38746,Jayanagar,12.903811,77.477273,Entire home/apt,Apartment,2024-11-01,11,Winter,3655,255,158,2,0.53,16,3,58480,271,3.7,UAE,0
3,38746,Jayanagar,12.903811,77.477273,Entire home/apt,Apartment,2024-12-01,12,Winter,4500,255,158,2,0.55,17,3,76500,250,5.0,India,0
4,50306,Frazer Town,12.72317,77.713403,Private room,Apartment,2024-01-01,1,Winter,4080,345,328,1,0.42,13,5,53040,272,5.0,UK,0
4,50306,Frazer Town,12.72317,77.713403,Private room,Apartment,2024-02-01,2,Winter,3419,345,328,1,0.72,21,2,71799,281,4.1,India,0
4,50306,Frazer Town,12.72317,77.713403,Private room,Apartment,2024-03-01,3,Spring,3875,345,328,1,0.39,12,3,46500,310,4.7,India,0
4,50306,Frazer Town,12.72317,77.713403,Private room,Apartment,2024-04-01,4,Spring,4033,345,328,1,0.45,14,2,56462,276,4.3,UK,0
4,50306,Frazer Town,12.72317,77.713403,Private room,Apartment,2024-05-01,5,Spring,3288,345,328,1,0.52,16,3,52608,159,3.9,India,0
4,50306,Frazer Town,12.72317,77.713403,Private room,Apartment,2024-06-01,6,Summer,3282,345,328,1,0.44,13,3,42666,191,4.7,India,0
4,50306,Frazer Town,12.72317,77.713403,Private room,Apartment,2024-07-01,7,Monsoon,2759,345,328,1,0.83,26,3,71734,61,4.2,India,0
4,50306,Frazer Town,12.72317,77.713403,Private room,Apartment,2024-08-01,8,Monsoon,2878,345,328,1,0.72,22,1,63316,10,4.0,India,0
4,50306,Frazer Town,12.72317,77.713403,Private room,Apartment,2024-09-01,9,Autumn,3314,345,328,1,0.8,24,2,79536,112,3.9,India,0
4,50306,Frazer Town,12.72317,77.713403,Private room,Apartment,2024-10-01,10,Autumn,3305,345,328,1,0.64,20,3,66100,30,4.8,India,0
4,50306,Frazer Town,12.72317,77.713403,Private room,Apartment,2024-11-01,11,Winter,3022,345,328,1,0.4,12,4,36264,36,4.7,India,0
4,50306,Frazer Town,12.72317,77.713403,Private room,Apartment,2024-12-01,12,Winter,4145,345,328,1,0.64,20,2,82900,248,4.6,India,0
5,84847,Ulsoor,12.889068,77.685386,Private room,Independent House,2024-01-01,1,Winter,3411,334,128,1,0.44,14,3,47754,181,5.0,India,0
5,84847,Ulsoor,12.889068,77.685386,Private room,Independent House,2024-02-01,2,Winter,2777,334,128,1,0.36,10,3,27770,344,4.8,India,0
5,84847,Ulsoor,12.889068,77.685386,Private room,Independent House,2024-03-01,3,Spring,2757,334,128,1,0.66,20,3,55140,31,5.0,India,0
5,84847,Ulsoor,12.889068,77.685386,Private room,Independent House,2024-04-01,4,Spring,2787,334,128,1,0.69,21,2,58527,55,4.7,India,0
5,84847,Ulsoor,12.889068,77.685386,Private room,Independent House,2024-05-01,5,Spring,2847,334,128,1,0.83,26,2,74022,229,4.4,India,0
5,84847,Ulsoor,12.889068,77.685386,Private room,Independent House,2024-06-01,6,Summer,2533,334,128,1,0.41,12,2,30396,236,4.2,India,0
5,84847,Ulsoor,12.889068,77.685386,Private room,Independent House,2024-07-01,7,Monsoon,2399,334,128,1,0.59,18,4,43182,226,4.6,Germany,0
5,84847,Ulsoor,12.889068,77.685386,Private room,Independent House,2024-08-01,8,Monsoon,2579,334,128,1,0.54,17,4,43843,50,5.0,India,0
5,84847,Ulsoor,12.889068,77.685386,Private room,Independent House,2024-09-01,9,Autumn,2631,334,128,1,0.95,28,5,73668,7,4.8,Canada,0
5,84847,Ulsoor,12.889068,77.685386,Private room,Independent House,2024-10-01,10,Autumn,2512,334,128,1,0.38,12,4,30144,121,4.7,India,0
5,84847,Ulsoor,12.889068,77.685386,Private room,Independent House,2024-11-01,11,Winter,2639,334,128,1,0.65,20,2,52780,205,4.7,UAE,0
5,84847,Ulsoor,12.889068,77.685386,Private room,Independent House,2024-12-01,12,Winter,3339,334,128,1,0.42,13,2,43407,1,3.9,Netherlands,0
6,69638,Basavanagudi,12.869203,77.737195,Shared room,Studio,2024-01-01,1,Winter,3747,428,329,2,0.38,12,2,44964,111,4.6,Canada,0
6,69638,Basavanagudi,12.869203,77.737195,Shared room,Studio,2024-02-01,2,Winter,3041,428,329,2,0.44,13,3,39533,160,4.6,India,0
6,69638,Basavanagudi,12.869203,77.737195,Shared room,Studio,2024-03-01,3,Spring,3271,428,329,2,0.4,12,3,39252,257,4.6,UAE,0
6,69638,Basavanagudi,12.869203,77.737195,Shared room,Studio,2024-04-01,4,Spring,3372,428,329,2,0.73,22,3,74184,29,4.9,Canada,0
6,69638,Basavanagudi,12.869203,77.737195,Shared room,Studio,2024-05-01,5,Spring,2689,428,329,2,0.43,13,1,34957,95,4.7,India,0
6,69638,Basavanagudi,12.869203,77.737195,Shared room,Studio,2024-06-01,6,Summer,3066,428,329,2,0.65,20,1,61320,120,5.0,India,0
6,69638,Basavanagudi,12.869203,77.737195,Shared room,Studio,2024-07-01,7,Monsoon,2781,428,329,2,0.74,23,4,63963,291,4.9,India,0
6,69638,Basavanagudi,12.869203,77.737195,Shared room,Studio,2024-08-01,8,Monsoon,2797,428,329,2,0.52,16,3,44752,317,4.8,India,0
6,69638,Basavanagudi,12.869203,77.737195,Shared room,Studio,2024-09-01,9,Autumn,2810,428,329,2,0.54,16,3,44960,289,4.3,India,0
6,69638,Basavanagudi,12.869203,77.737195,Shared room,Studio,2024-10-01,10,Autumn,2980,428,329,2,0.92,29,4,86420,104,3.8,India,0
6,69638,Basavanagudi,12.869203,77.737195,Shared room,Studio,2024-11-01,11,Winter,3101,428,329,2,0.33,10,2,31010,67,4.3,India,0
6,69638,Basavanagudi,12.869203,77.737195,Shared room,Studio,2024-12-01,12,Winter,3922,428,329,2,0.58,18,2,70596,161,4.1,UAE,0
7,11220,Electronic City,12.948464,77.618898,Entire home/apt,Studio,2024-01-01,1,Winter,3155,401,189,3,0.63,20,2,63100,178,4.5,Singapore,0
7,11220,Electronic City,12.948464,77.618898,Entire home/apt,Studio,2024-02-01,2,Winter,2511,401,189,3,0.92,27,2,67797,80,4.8,India,0
7,11220,Electronic City,12.948464,77.618898,Entire home/apt,Studio,2024-03-01,3,Spring,2500,401,189,3,0.63,20,3,50000,154,4.2,India,0
7,11220,Electronic City,12.948464,77.618898,Entire home/apt,Studio,2024-04-01,4,Spring,3075,401,189,3,0.48,14,5,43050,334,4.5,India,0
7,11220,Electronic City,12.948464,77.618898,Entire home/apt,Studio,2024-05-01,5,Spring,2741,401,189,3,0.73,23,3,63043,283,4.0,India,0
7,11220,Electronic City,12.948464,77.618898,Entire home/apt,Studio,2024-06-01,6,Summer,2575,401,189,3,0.53,16,3,41200,68,4.2,India,0
7,11220,Electronic City,12.948464,77.618898,Entire home/apt,Studio,2024-07-01,7,Monsoon,2729,401,189,3,0.66,20,4,54580,283,4.0,India,0
7,11220,Electronic City,12.948464,77.618898,Entire home/apt,Studio,2024-08-01,8,Monsoon,2559,401,189,3,0.92,29,2,74211,107,4.9,USA,0
7,11220,Electronic City,12.948464,77.618898,Entire home/apt,Studio,2024-09-01,9,Autumn,2338,401,189,3,0.53,16,2,37408,324,5.0,Australia,0
7,11220,Electronic City,12.948464,77.618898,Entire home/apt,Studio,2024-10-01,10,Autumn,2500,401,189,3,0.67,21,3,52500,128,4.8,UAE,0
7,11220,Electronic City,12.948464,77.618898,Entire home/apt,Studio,2024-11-01,11,Winter,2456,401,189,3,0.59,18,1,44208,216,3.2,France,0
7,11220,Electronic City,12.948464,77.618898,Entire home/apt,Studio,2024-12-01,12,Winter,3097,401,189,3,0.56,17,1,52649,170,4.0,UK,0
8,44335,HSR Layout,12.996492,77.615504,Entire home/apt,Apartment,2024-01-01,1,Winter,6734,85,137,1,0.55,17,4,114478,76,5.0,India,0
8,44335,HSR Layout,12.996492,77.615504,Entire home/apt,Apartment,2024-02-01,2,Winter,5171,85,137,1,0.7,20,3,103420,75,4.5,India,0
8,44335,HSR Layout,12.996492,77.615504,Entire home/apt,Apartment,2024-03-01,3,Spring,5807,85,137,1,0.6,19,1,110333,186,4.6,UAE,0
8,44335,HSR Layout,12.996492,77.615504,Entire home/apt,Apartment,2024-04-01,4,Spring,5883,85,137,1,0.54,16,3,94128,20,4.3,UAE,0
8,44335,HSR Layout,12.996492,77.615504,Entire home/apt,Apartment,2024-05-01,5,Spring,5480,85,137,1,0.63,20,2,109600,127,5.0,India,0
8,44335,HSR Layout,12.996492,77.615504,Entire home/apt,Apartment,2024-06-01,6,Summer,5211,85,137,1,0.85,26,2,135486,286,3.7,Singapore,0
8,44335,HSR Layout,12.996492,77.615504,Entire home/apt,Apartment,2024-07-01,7,Monsoon,4882,85,137,1,0.62,19,2,92758,317,4.6,USA,0
8,44335,HSR Layout,12.996492,77.615504,Entire home/apt,Apartment,2024-08-01,8,Monsoon,4788,85,137,1,0.5,16,4,76608,121,4.3,Singapore,0
8,44335,HSR Layout,12.996492,77.615504,Entire home/apt,Apartment,2024-09-01,9,Autumn,5341,85,137,1,0.66,20,5,106820,90,4.6,Singapore,0
8,44335,HSR Layout,12.996492,77.615504,Entire home/apt,Apartment,2024-10-01,10,Autumn,5320,85,137,1,0.66,20,1,106400,170,4.6,UK,0
8,44335,HSR Layout,12.996492,77.615504,Entire home/apt,Apartment,2024-11-01,11,Winter,5620,85,137,1,0.62,19,3,106780,127,4.2,India,0
8,44335,HSR Layout,12.996492,77.615504,Entire home/apt,Apartment,2024-12-01,12,Winter,6710,85,137,1,0.64,20,3,134200,55,4.7,India,1
9,71694,Frazer Town,12.779829,77.725536,Entire home/apt,Independent House,2024-01-01,1,Winter,4597,317,194,1,0.51,16,3,73552,204,4.7,India,0
9,71694,Frazer Town,12.779829,77.725536,Entire home/apt,Independent House,2024-02-01,2,Winter,3434,317,194,1,0.57,17,5,58378,142,4.9,India,0
9,71694,Frazer Town,12.779829,77.725536,Entire home/apt,Independent House,2024-03-01,3,Spring,3986,317,194,1,0.72,22,3,87692,347,5.0,Netherlands,0
9,71694,Frazer Town,12.779829,77.725536,Entire home/apt,Independent House,2024-04-01,4,Spring,3825,317,194,1,0.7,21,3,80325,14,4.4,India,0
9,71694,Frazer Town,12.779829,77.725536,Entire home/apt,Independent House,2024-05-01,5,Spring,3538,317,194,1,0.58,18,5,63684,91,4.5,India,0
9,71694,Frazer Town,12.779829,77.725536,Entire home/apt,Independent House,2024-06-01,6,Summer,3593,317,194,1,0.48,14,5,50302,19,5.0,India,0
9,71694,Frazer Town,12.779829,77.725536,Entire home/apt,Independent House,2024-07-01,7,Monsoon,2925,317,194,1,0.42,13,2,38025,160,5.0,India,0
9,71694,Frazer Town,12.779829,77.725536,Entire home/apt,Independent House,2024-08-01,8,Monsoon,3284,317,194,1,0.69,21,5,68964,59,4.8,India,0
9,71694,Frazer Town,12.779829,77.725536,Entire home/apt,Independent House,2024-09-01,9,Autumn,3472,317,194,1,0.47,14,3,48608,130,4.5,India,0
9,71694,Frazer Town,12.779829,77.725536,Entire home/apt,Independent House,2024-10-01,10,Autumn,3339,317,194,1,0.75,23,2,76797,266,4.4,UAE,0
9,71694,Frazer Town,12.779829,77.725536,Entire home/apt,Independent House,2024-11-01,11,Winter,3309,317,194,1,0.55,16,3,52944,343,4.7,India,0
9,71694,Frazer Town,12.779829,77.725536,Entire home/apt,Independent House,2024-12-01,12,Winter,4230,317,194,1,0.48,15,2,63450,340,4.6,UAE,0
10,96951,Whitefield,12.987902,77.540097,Entire home/apt,Serviced Apartment,2024-01-01,1,Winter,4647,223,247,5,0.59,18,3,83646,283,3.9,India,0
10,96951,Whitefield,12.987902,77.540097,Entire home/apt,Serviced Apartment,2024-02-01,2,Winter,3512,223,247,5,0.45,13,4,45656,346,4.4,USA,0
10,96951,Whitefield,12.987902,77.540097,Entire home/apt,Serviced Apartment,2024-03-01,3,Spring,4234,223,247,5,0.78,24,2,101616,291,4.8,India,0
10,96951,Whitefield,12.987902,77.540097,Entire home/apt,Serviced Apartment,2024-04-01,4,Spring,4141,223,247,5,0.55,16,3,66256,0,4.1,India,0
10,96951,Whitefield,12.987902,77.540097,Entire home/apt,Serviced Apartment,2024-05-01,5,Spring,3790,223,247,5,0.51,16,2,60640,296,4.6,India,0
10,96951,Whitefield,12.987902,77.540097,Entire home/apt,Serviced Apartment,2024-06-01,6,Summer,3628,223,247,5,0.64,19,2,68932,226,5.0,India,0
10,96951,Whitefield,12.987902,77.540097,Entire home/apt,Serviced Apartment,2024-07-01,7,Monsoon,3392,223,247,5,0.62,19,2,64448,242,4.8,Germany,0
10,96951,Whitefield,12.987902,77.540097,Entire home/apt,Serviced Apartment,2024-08-01,8,Monsoon,3333,223,247,5,0.59,18,5,59994,86,4.5,India,0
10,96951,Whitefield,12.987902,77.540097,Entire home/apt,Serviced Apartment,2024-09-01,9,Autumn,3812,223,247,5,0.44,13,2,49556,339,4.5,India,0
10,96951,Whitefield,12.987902,77.540097,Entire home/apt,Serviced Apartment,2024-10-01,10,Autumn,3892,223,247,5,0.77,24,2,93408,120,4.9,India,0
10,96951,Whitefield,12.987902,77.540097,Entire home/apt,Serviced Apartment,2024-11-01,11,Winter,4223,223,247,5,0.44,13,2,54899,12,4.8,India,0
10,96951,Whitefield,12.987902,77.540097,Entire home/apt,Serviced Apartment,2024-12-01,12,Winter,4777,223,247,5,0.89,28,5,133756,312,4.2,Australia,1
11,64321,Ulsoor,12.777774,77.658906,Entire home/apt,Independent House,2024-01-01,1,Winter,2691,210,155,1,0.46,14,4,37674,54,4.2,UK,0
11,64321,Ulsoor,12.777774,77.658906,Entire home/apt,Independent House,2024-02-01,2,Winter,2522,210,155,1,0.59,17,4,42874,265,5.0,India,0
11,64321,Ulsoor,12.777774,77.658906,Entire home/apt,Independent House,2024-03-01,3,Spring,2931,210,155,1,0.46,14,3,41034,62,4.1,India,0
11,64321,Ulsoor,12.777774,77.658906,Entire home/apt,Independent House,2024-04-01,4,Spring,2839,210,155,1,0.34,10,4,28390,341,5.0,India,0
11,64321,Ulsoor,12.777774,77.658906,Entire home/apt,Independent House,2024-05-01,5,Spring,2727,210,155,1,0.47,15,3,40905,162,3.8,Canada,0
11,64321,Ulsoor,12.777774,77.658906,Entire home/apt,Independent House,2024-06-01,6,Summer,2762,210,155,1,0.53,16,4,44192,313,5.0,Germany,0
11,64321,Ulsoor,12.777774,77.658906,Entire home/apt,Independent House,2024-07-01,7,Monsoon,1924,210,155,1,0.45,14,4,26936,218,4.5,France,0
11,64321,Ulsoor,12.777774,77.658906,Entire home/apt,Independent House,2024-08-01,8,Monsoon,2251,210,155,1,0.48,15,3,33765,81,4.7,USA,0
11,64321,Ulsoor,12.777774,77.658906,Entire home/apt,Independent House,2024-09-01,9,Autumn,2279,210,155,1,0.52,16,2,36464,132,4.5,UK,0
11,64321,Ulsoor,12.777774,77.658906,Entire home/apt,Independent House,2024-10-01,10,Autumn,2594,210,155,1,0.65,20,4,51880,141,4.1,UK,0
11,64321,Ulsoor,12.777774,77.658906,Entire home/apt,Independent House,2024-11-01,11,Winter,2186,210,155,1,0.73,22,3,48092,140,4.6,India,0
11,64321,Ulsoor,12.777774,77.658906,Entire home/apt,Independent House,2024-12-01,12,Winter,2966,210,155,1,0.78,24,3,71184,120,4.5,India,0
12,80798,MG Road,12.75535,77.519378,Entire home/apt,Independent House,2024-01-01,1,Winter,6555,310,112,5,0.83,26,2,170430,277,4.4,India,1
12,80798,MG Road,12.75535,77.519378,Entire home/apt,Independent House,2024-02-01,2,Winter,5109,310,112,5,0.67,19,4,97071,199,5.0,UAE,0
12,80798,MG Road,12.75535,77.519378,Entire home/apt,Independent House,2024-03-01,3,Spring,5214,310,112,5,0.67,21,3,109494,10,4.9,Australia,0
12,80798,MG Road,12.75535,77.519378,Entire home/apt,Independent House,2024-04-01,4,Spring,5055,310,112,5,0.39,12,3,60660,194,3.7,India,0
12,80798,MG Road,12.75535,77.519378,Entire home/apt,Independent House,2024-05-01,5,Spring,4862,310,112,5,0.68,21,4,102102,152,5.0,UK,0
12,80798,MG Road,12.75535,77.519378,Entire home/apt,Independent House,2024-06-01,6,Summer,4929,310,112,5,0.82,25,4,123225,214,3.9,India,0
12,80798,MG Road,12.75535,77.519378,Entire home/apt,Independent House,2024-07-01,7,Monsoon,4083,310,112,5,0.56,17,3,69411,308,4.7,UAE,0
12,80798,MG Road,12.75535,77.519378,Entire home/apt,Independent House,2024-08-01,8,Monsoon,4417,310,112,5,0.26,8,2,35336,139,4.5,India,0
12,80798,MG Road,12.75535,77.519378,Entire home/apt,Independent House,2024-09-01,9,Autumn,4655,310,112,5,0.67,20,1,93100,172,4.6,India,0
12,80798,MG Road,12.75535,77.519378,Entire home/apt,Independent House,2024-10-01,10,Autumn,4728,310,112,5,0.49,15,3,70920,84,4.1,Australia,0
12,80798,MG Road,12.75535,77.519378,Entire home/apt,Independent House,2024-11-01,11,Winter,4903,310,112,5,0.71,21,5,102963,273,4.1,India,0
12,80798,MG Road,12.75535,77.519378,Entire home/apt,Independent House,2024-12-01,12,Winter,6243,310,112,5,0.49,15,2,93645,288,4.2,India,0
13,66179,Jayanagar,13.046741,77.504519,Entire home/apt,Villa,2024-01-01,1,Winter,4103,144,188,5,0.36,11,2,45133,194,5.0,India,0
13,66179,Jayanagar,13.046741,77.504519,Entire home/apt,Villa,2024-02-01,2,Winter,3378,144,188,5,0.44,13,2,43914,41,4.6,India,0
13,66179,Jayanagar,13.046741,77.504519,Entire home/apt,Villa,2024-03-01,3,Spring,3686,144,188,5,0.51,16,3,58976,26,4.7,Netherlands,0
13,66179,Jayanagar,13.046741,77.504519,Entire home/apt,Villa,2024-04-01,4,Spring,3859,144,188,5,0.46,14,2,54026,332,4.3,India,0
13,66179,Jayanagar,13.046741,77.504519,Entire home/apt,Villa,2024-05-01,5,Spring,3316,144,188,5,0.2,6,5,19896,20,3.9,UK,0
13,66179,Jayanagar,13.046741,77.504519,Entire home/apt,Villa,2024-06-01,6,Summer,3644,144,188,5,0.79,24,4,87456,102,4.4,France,0
13,66179,Jayanagar,13.046741,77.504519,Entire home/apt,Villa,2024-07-01,7,Monsoon,3148,144,188,5,0.59,18,3,56664,122,5.0,India,0
13,66179,Jayanagar,13.046741,77.504519,Entire home/apt,Villa,2024-08-01,8,Monsoon,3256,144,188,5,0.52,16,3,52096,288,4.1,Canada,0
13,66179,Jayanagar,13.046741,77.504519,Entire home/apt,Villa,2024-09-01,9,Autumn,3050,144,188,5,0.57,17,2,51850,131,4.2,UK,0
13,66179,Jayanagar,13.046741,77.504519,Entire home/apt,Villa,2024-10-01,10,Autumn,3087,144,188,5,0.45,14,2,43218,310,4.1,Canada,0
13,66179,Jayanagar,13.046741,77.504519,Entire home/apt,Villa,2024-11-01,11,Winter,3708,144,188,5,0.68,20,3,74160,83,4.5,Canada,0
13,66179,Jayanagar,13.046741,77.504519,Entire home/apt,Villa,2024-12-01,12,Winter,4508,144,188,5,0.55,17,2,76636,13,4.2,UAE,0
14,59192,Malleshwaram,13.076588,77.509499,Entire home/apt,Independent House,2024-01-01,1,Winter,6451,380,132,3,0.5,16,4,103216,307,4.1,Germany,0
14,59192,Malleshwaram,13.076588,77.509499,Entire home/apt,Independent House,2024-02-01,2,Winter,5051,380,132,3,0.67,19,3,95969,21,5.0,India,0
14,59192,Malleshwaram,13.076588,77.509499,Entire home/apt,Independent House,2024-03-01,3,Spring,5580,380,132,3,0.61,19,2,106020,189,4.2,India,0
14,59192,Malleshwaram,13.076588,77.509499,Entire home/apt,Independent House,2024-04-01,4,Spring,5762,380,132,3,0.44,13,3,74906,6,4.2,Australia,0
14,59192,Malleshwaram,13.076588,77.509499,Entire home/apt,Independent House,2024-05-01,5,Spring,5336,380,132,3,0.4,12,4,64032,54,4.6,India,0
14,59192,Malleshwaram,13.076588,77.509499,Entire home/apt,Independent House,2024-06-01,6,Summer,5317,380,132,3,0.49,15,2,79755,235,4.1,USA,0
14,59192,Malleshwaram,13.076588,77.509499,Entire home/apt,Independent House,2024-07-01,7,Monsoon,4679,380,132,3,0.64,20,2,93580,267,4.7,Canada,0
14,59192,Malleshwaram,13.076588,77.509499,Entire home/apt,Independent House,2024-08-01,8,Monsoon,4599,380,132,3,0.54,17,2,78183,275,4.8,UK,0
14,59192,Malleshwaram,13.076588,77.509499,Entire home/apt,Independent House,2024-09-01,9,Autumn,4994,380,132,3,0.61,18,2,89892,303,4.2,India,0
14,59192,Malleshwaram,13.076588,77.509499,Entire home/apt,Independent House,2024-10-01,10,Autumn,5441,380,132,3,0.41,13,4,70733,44,3.8,India,0
14,59192,Malleshwaram,13.076588,77.509499,Entire home/apt,Independent House,2024-11-01,11,Winter,5002,380,132,3,0.54,16,3,80032,291,4.6,India,0
14,59192,Malleshwaram,13.076588,77.509499,Entire home/apt,Independent House,2024-12-01,12,Winter,6478,380,132,3,0.62,19,2,123082,14,3.8,India,0
15,73904,Hebbal,12.84193,77.527506,Entire home/apt,Studio,2024-01-01,1,Winter,4145,118,221,1,0.52,16,3,66320,97,4.2,India,0
15,73904,Hebbal,12.84193,77.527506,Entire home/apt,Studio,2024-02-01,2,Winter,3344,118,221,1,0.67,19,2,63536,123,4.3,India,0
15,73904,Hebbal,12.84193,77.527506,Entire home/apt,Studio,2024-03-01,3,Spring,3929,118,221,1,0.34,11,3,43219,251,4.7,India,0
15,73904,Hebbal,12.84193,77.527506,Entire home/apt,Studio,2024-04-01,4,Spring,4050,118,221,1,0.14,4,1,16200,150,4.2,India,0
15,73904,Hebbal,12.84193,77.527506,Entire home/apt,Studio,2024-05-01,5,Spring,3535,118,221,1,0.48,15,3,53025,156,4.6,India,0
15,73904,Hebbal,12.84193,77.527506,Entire home/apt,Studio,2024-06-01,6,Summer,3300,118,221,1,0.53,16,2,52800,283,4.4,India,0
15,73904,Hebbal,12.84193,77.527506,Entire home/apt,Studio,2024-07-01,7,Monsoon,3311,118,221,1,0.55,17,2,56287,281,4.6,India,0
15,73904,Hebbal,12.84193,77.527506,Entire home/apt,Studio,2024-08-01,8,Monsoon,2996,118,221,1,0.44,14,3,41944,138,4.3,India,0
15,73904,Hebbal,12.84193,77.527506,Entire home/apt,Studio,2024-09-01,9,Autumn,3498,118,221,1,0.45,14,2,48972,98,4.6,India,0
15,73904,Hebbal,12.84193,77.527506,Entire home/apt,Studio,2024-10-01,10,Autumn,3835,118,221,1,0.64,20,3,76700,94,4.4,India,0
15,73904,Hebbal,12.84193,77.527506,Entire home/apt,Studio,2024-11-01,11,Winter,3660,118,221,1,0.45,14,2,51240,301,3.7,Netherlands,0
15,73904,Hebbal,12.84193,77.527506,Entire home/apt,Studio,2024-12-01,12,Winter,4074,118,221,1,0.23,7,3,28518,144,4.4,Netherlands,0
16,48829,Frazer Town,12.844352,77.54068,Private room,Independent House,2024-01-01,1,Winter,4467,551,220,1,0.57,18,5,80406,283,4.8,India,0
16,48829,Frazer Town,12.844352,77.54068,Private room,Independent House,2024-02-01,2,Winter,3080,551,220,1,0.64,19,3,58520,251,4.8,India,0
16,48829,Frazer Town,12.844352,77.54068,Private room,Independent House,2024-03-01,3,Spring,3579,551,220,1,0.77,24,1,85896,145,4.6,India,0
16,48829,Frazer Town,12.844352,77.54068,Private room,Independent House,2024-04-01,4,Spring,3791,551,220,1,0.69,21,2,79611,94,5.0,Canada,0
16,48829,Frazer Town,12.844352,77.54068,Private room,Independent House,2024-05-01,5,Spring,3558,551,220,1,0.64,20,2,71160,244,4.3,India,0
16,48829,Frazer Town,12.844352,77.54068,Private room,Independent House,2024-06-01,6,Summer,3353,551,220,1,0.72,22,1,73766,251,4.2,India,0
16,48829,Frazer Town,12.844352,77.54068,Private room,Independent House,2024-07-01,7,Monsoon,3183,551,220,1,0.53,16,3,50928,27,4.7,India,0
16,48829,Frazer Town,12.844352,77.54068,Private room,Independent House,2024-08-01,8,Monsoon,3235,551,220,1,0.76,24,4,77640,155,4.3,India,0
16,48829,Frazer Town,12.844352,77.54068,Private room,Independent House,2024-09-01,9,Autumn,3469,551,220,1,0.45,14,2,48566,285,4.3,UK,0
16,48829,Frazer Town,12.844352,77.54068,Private room,Independent House,2024-10-01,10,Autumn,3597,551,220,1,0.71,22,3,79134,316,4.1,India,0
16,48829,Frazer Town,12.844352,77.54068,Private room,Independent House,2024-11-01,11,Winter,3695,551,220,1,0.8,24,2,88680,226,4.7,India,0
16,48829,Frazer Town,12.844352,77.54068,Private room,Independent House,2024-12-01,12,Winter,4777,551,220,1,0.48,15,3,71655,219,4.0,India,0
17,89905,Whitefield,13.079036,77.512336,Entire home/apt,Apartment,2024-01-01,1,Winter,1836,524,160,2,0.55,17,2,31212,38,4.6,India,0
17,89905,Whitefield,13.079036,77.512336,Entire home/apt,Apartment,2024-02-01,2,Winter,1140,524,160,2,0.92,27,3,30780,240,4.6,India,0
17,89905,Whitefield,13.079036,77.512336,Entire home/apt,Apartment,2024-03-01,3,Spring,1522,524,160,2,0.67,21,2,31962,144,4.7,USA,0
17,89905,Whitefield,13.079036,77.512336,Entire home/apt,Apartment,2024-04-01,4,Spring,1545,524,160,2,0.44,13,2,20085,119,4.7,UAE,0
17,89905,Whitefield,13.079036,77.512336,Entire home/apt,Apartment,2024-05-01,5,Spring,1741,524,160,2,0.76,24,3,41784,320,5.0,India,0
17,89905,Whitefield,13.079036,77.512336,Entire home/apt,Apartment,2024-06-01,6,Summer,1263,524,160,2,0.41,12,4,15156,101,4.4,India,0
17,89905,Whitefield,13.079036,77.512336,Entire home/apt,Apartment,2024-07-01,7,Monsoon,1239,524,160,2,0.72,22,3,27258,331,3.8,India,0
17,89905,Whitefield,13.079036,77.512336,Entire home/apt,Apartment,2024-08-01,8,Monsoon,1533,524,160,2,0.53,16,2,24528,72,4.3,India,0
17,89905,Whitefield,13.079036,77.512336,Entire home/apt,Apartment,2024-09-01,9,Autumn,1163,524,160,2,0.31,9,2,10467,157,4.8,India,0
17,89905,Whitefield,13.079036,77.512336,Entire home/apt,Apartment,2024-10-01,10,Autumn,1379,524,160,2,0.36,11,4,15169,147,4.0,India,0
17,89905,Whitefield,13.079036,77.512336,Entire home/apt,Apartment,2024-11-01,11,Winter,1298,524,160,2,0.81,24,2,31152,206,4.4,Canada,0
17,89905,Whitefield,13.079036,77.512336,Entire home/apt,Apartment,2024-12-01,12,Winter,1406,524,160,2,0.52,16,3,22496,252,4.4,India,0
18,66626,Yeshwanthpur,12.941485,77.457759,Entire home/apt,Studio,2024-01-01,1,Winter,954,291,90,3,0.66,20,3,19080,89,5.0,India,0
18,66626,Yeshwanthpur,12.941485,77.457759,Entire home/apt,Studio,2024-02-01,2,Winter,1025,291,90,3,0.52,15,4,15375,92,4.1,Netherlands,0
18,66626,Yeshwanthpur,12.941485,77.457759,Entire home/apt,Studio,2024-03-01,3,Spring,1394,291,90,3,0.57,18,2,25092,251,4.5,Canada,0
18,66626,Yeshwanthpur,12.941485,77.457759,Entire home/apt,Studio,2024-04-01,4,Spring,876,291,90,3,0.59,18,2,15768,209,4.4,India,0
18,66626,Yeshwanthpur,12.941485,77.457759,Entire home/apt,Studio,2024-05-01,5,Spring,686,291,90,3,0.48,15,3,10290,82,4.5,India,0
18,66626,Yeshwanthpur,12.941485,77.457759,Entire home/apt,Studio,2024-06-01,6,Summer,692,291,90,3,0.45,14,3,9688,147,4.5,India,0
18,66626,Yeshwanthpur,12.941485,77.457759,Entire home/apt,Studio,2024-07-01,7,Monsoon,670,291,90,3,0.78,24,2,16080,281,3.4,India,0
18,66626,Yeshwanthpur,12.941485,77.457759,Entire home/apt,Studio,2024-08-01,8,Monsoon,938,291,90,3,0.74,23,1,21574,129,3.7,India,0
18,66626,Yeshwanthpur,12.941485,77.457759,Entire home/apt,Studio,2024-09-01,9,Autumn,732,291,90,3,0.5,15,5,10980,206,3.9,Singapore,0
18,66626,Yeshwanthpur,12.941485,77.457759,Entire home/apt,Studio,2024-10-01,10,Autumn,645,291,90,3,0.39,12,4,7740,0,5.0,India,0
18,66626,Yeshwanthpur,12.941485,77.457759,Entire home/apt,Studio,2024-11-01,11,Winter,987,291,90,3,0.75,22,2,21714,96,4.8,India,0
18,66626,Yeshwanthpur,12.941485,77.457759,Entire home/apt,Studio,2024-12-01,12,Winter,775,291,90,3,0.48,15,3,11625,255,4.7,India,0
19,36680,Bellandur,12.919688,77.728302,Entire home/apt,Serviced Apartment,2024-01-01,1,Winter,2493,406,142,1,0.53,16,5,39888,311,4.8,Germany,0
19,36680,Bellandur,12.919688,77.728302,Entire home/apt,Serviced Apartment,2024-02-01,2,Winter,2121,406,142,1,0.53,15,2,31815,7,5.0,India,0
19,36680,Bellandur,12.919688,77.728302,Entire home/apt,Serviced Apartment,2024-03-01,3,Spring,2020,406,142,1,0.68,21,1,42420,58,4.7,India,0
19,36680,Bellandur,12.919688,77.728302,Entire home/apt,Serviced Apartment,2024-04-01,4,Spring,2175,406,142,1,0.63,19,2,41325,78,4.0,India,0
19,36680,Bellandur,12.919688,77.728302,Entire home/apt,Serviced Apartment,2024-05-01,5,Spring,2217,406,142,1,0.56,17,3,37689,260,4.3,USA,0
19,36680,Bellandur,12.919688,77.728302,Entire home/apt,Serviced Apartment,2024-06-01,6,Summer,2242,406,142,1,0.48,14,2,31388,247,3.9,Netherlands,0
19,36680,Bellandur,12.919688,77.728302,Entire home/apt,Serviced Apartment,2024-07-01,7,Monsoon,1518,406,142,1,0.68,21,2,31878,282,4.0,India,0
19,36680,Bellandur,12.919688,77.728302,Entire home/apt,Serviced Apartment,2024-08-01,8,Monsoon,2179,406,142,1,0.27,8,2,17432,306,5.0,India,0
19,36680,Bellandur,12.919688,77.728302,Entire home/apt,Serviced Apartment,2024-09-01,9,Autumn,2075,406,142,1,0.57,17,4,35275,35,4.3,India,0
19,36680,Bellandur,12.919688,77.728302,Entire home/apt,Serviced Apartment,2024-10-01,10,Autumn,2112,406,142,1,0.58,18,3,38016,212,4.9,India,0
19,36680,Bellandur,12.919688,77.728302,Entire home/apt,Serviced Apartment,2024-11-01,11,Winter,2055,406,142,1,0.61,18,2,36990,1,4.4,India,0
19,36680,Bellandur,12.919688,77.728302,Entire home/apt,Serviced Apartment,2024-12-01,12,Winter,2530,406,142,1,0.63,20,2,50600,300,3.8,India,0
20,29476,Electronic City,12.915432,77.553537,Entire home/apt,Studio,2024-01-01,1,Winter,2386,411,273,5,0.57,18,4,42948,96,4.5,Netherlands,0
20,29476,Electronic City,12.915432,77.553537,Entire home/apt,Studio,2024-02-01,2,Winter,1951,411,273,5,0.52,15,2,29265,210,4.2,India,0
20,29476,Electronic City,12.915432,77.553537,Entire home/apt,Studio,2024-03-01,3,Spring,2109,411,273,5,0.45,14,3,29526,195,4.7,India,0
20,29476,Electronic City,12.915432,77.553537,Entire home/apt,Studio,2024-04-01,4,Spring,1730,411,273,5,0.75,22,3,38060,333,4.7,Netherlands,0
20,29476,Electronic City,12.915432,77.553537,Entire home/apt,Studio,2024-05-01,5,Spring,1933,411,273,5,0.75,23,2,44459,18,5.0,India,0
20,29476,Electronic City,12.915432,77.553537,Entire home/apt,Studio,2024-06-01,6,Summer,2084,411,273,5,0.32,10,5,20840,169,4.0,Singapore,0
20,29476,Electronic City,12.915432,77.553537,Entire home/apt,Studio,2024-07-01,7,Monsoon,1569,411,273,5,0.6,19,4,29811,225,4.7,India,0
20,29476,Electronic City,12.915432,77.553537,Entire home/apt,Studio,2024-08-01,8,Monsoon,1548,411,273,5,0.63,20,4,30960,7,4.2,USA,0
20,29476,Electronic City,12.915432,77.553537,Entire home/apt,Studio,2024-09-01,9,Autumn,1760,411,273,5,0.39,12,2,21120,335,4.1,Canada,0
20,29476,Electronic City,12.915432,77.553537,Entire home/apt,Studio,2024-10-01,10,Autumn,1612,411,273,5,0.45,14,1,22568,135,4.9,India,0
20,29476,Electronic City,12.915432,77.553537,Entire home/apt,Studio,2024-11-01,11,Winter,1693,411,273,5,0.99,30,3,50790,168,4.7,Australia,0
20,29476,Electronic City,12.915432,77.553537,Entire home/apt,Studio,2024-12-01,12,Winter,2388,411,273,5,0.47,15,4,35820,194,4.8,Canada,0
21,73956,Residency Road,12.71436,77.470526,Entire home/apt,Villa,2024-01-01,1,Winter,4023,318,196,1,0.54,17,2,68391,50,5.0,UK,0
21,73956,Residency Road,12.71436,77.470526,Entire home/apt,Villa,2024-02-01,2,Winter,2669,318,196,1,0.55,16,2,42704,85,5.0,India,0
21,73956,Residency Road,12.71436,77.470526,Entire home/apt,Villa,2024-03-01,3,Spring,2964,318,196,1,0.83,26,4,77064,23,4.8,India,0
21,73956,Residency Road,12.71436,77.470526,Entire home/apt,Villa,2024-04-01,4,Spring,2977,318,196,1,0.65,20,1,59540,183,4.9,India,0
21,73956,Residency Road,12.71436,77.470526,Entire home/apt,Villa,2024-05-01,5,Spring,2933,318,196,1,0.32,10,2,29330,271,4.2,India,0
21,73956,Residency Road,12.71436,77.470526,Entire home/apt,Villa,2024-06-01,6,Summer,2760,318,196,1,0.55,16,3,44160,92,4.7,India,0
21,73956,Residency Road,12.71436,77.470526,Entire home/apt,Villa,2024-07-01,7,Monsoon,2563,318,196,1,0.36,11,1,28193,195,4.7,India,0
21,73956,Residency Road,12.71436,77.470526,Entire home/apt,Villa,2024-08-01,8,Monsoon,2650,318,196,1,0.64,20,2,53000,298,4.9,India,0
21,73956,Residency Road,12.71436,77.470526,Entire home/apt,Villa,2024-09-01,9,Autumn,2975,318,196,1,0.63,19,2,56525,130,4.5,India,0
21,73956,Residency Road,12.71436,77.470526,Entire home/apt,Villa,2024-10-01,10,Autumn,2477,318,196,1,0.62,19,3,47063,238,4.6,UAE,0
21,73956,Residency Road,12.71436,77.470526,Entire home/apt,Villa,2024-11-01,11,Winter,2863,318,196,1,0.37,11,2,31493,226,4.1,Canada,0
21,73956,Residency Road,12.71436,77.470526,Entire home/apt,Villa,2024-12-01,12,Winter,3721,318,196,1,0.55,17,5,63257,153,4.8,India,0
22,42780,Electronic City,13.038122,77.509765,Entire home/apt,Serviced Apartment,2024-01-01,1,Winter,4603,304,134,2,0.52,16,2,73648,183,4.5,India,0
22,42780,Electronic City,13.038122,77.509765,Entire home/apt,Serviced Apartment,2024-02-01,2,Winter,3441,304,134,2,0.53,15,2,51615,337,4.4,India,0
22,42780,Electronic City,13.038122,77.509765,Entire home/apt,Serviced Apartment,2024-03-01,3,Spring,3930,304,134,2,0.53,16,1,62880,25,5.0,UAE,0
22,42780,Electronic City,13.038122,77.509765,Entire home/apt,Serviced Apartment,2024-04-01,4,Spring,3708,304,134,2,0.57,17,3,63036,146,4.3,UK,0
22,42780,Electronic City,13.038122,77.509765,Entire home/apt,Serviced Apartment,2024-05-01,5,Spring,3822,304,134,2,0.63,20,2,76440,180,4.9,India,0
22,42780,Electronic City,13.038122,77.509765,Entire home/apt,Serviced Apartment,2024-06-01,6,Summer,3236,304,134,2,0.64,19,2,61484,128,4.9,India,0
22,42780,Electronic City,13.038122,77.509765,Entire home/apt,Serviced Apartment,2024-07-01,7,Monsoon,3195,304,134,2,0.76,24,3,76680,337,4.3,India,0
22,42780,Electronic City,13.038122,77.509765,Entire home/apt,Serviced Apartment,2024-08-01,8,Monsoon,3460,304,134,2,0.94,29,2,100340,49,4.4,UAE,0
22,42780,Electronic City,13.038122,77.509765,Entire home/apt,Serviced Apartment,2024-09-01,9,Autumn,3444,304,134,2,0.82,25,3,86100,158,5.0,UK,0
22,42780,Electronic City,13.038122,77.509765,Entire home/apt,Serviced Apartment,2024-10-01,10,Autumn,3429,304,134,2,0.54,17,1,58293,186,4.4,USA,0
22,42780,Electronic City,13.038122,77.509765,Entire home/apt,Serviced Apartment,2024-11-01,11,Winter,3265,304,134,2,0.46,14,2,45710,212,4.1,India,0
22,42780,Electronic City,13.038122,77.509765,Entire home/apt,Serviced Apartment,2024-12-01,12,Winter,4263,304,134,2,0.59,18,2,76734,276,4.6,Singapore,0
23,75771,Bellandur,13.032189,77.527091,Private room,Serviced Apartment,2024-01-01,1,Winter,6896,150,231,3,0.55,17,4,117232,239,4.5,Canada,0
23,75771,Bellandur,13.032189,77.527091,Private room,Serviced Apartment,2024-02-01,2,Winter,5494,150,231,3,0.42,12,5,65928,346,4.7,USA,0
23,75771,Bellandur,13.032189,77.527091,Private room,Serviced Apartment,2024-03-01,3,Spring,5929,150,231,3,0.66,20,5,118580,285,4.6,India,0
23,75771,Bellandur,13.032189,77.527091,Private room,Serviced Apartment,2024-04-01,4,Spring,6387,150,231,3,0.49,15,3,95805,7,4.3,India,0
23,75771,Bellandur,13.032189,77.527091,Private room,Serviced Apartment,2024-05-01,5,Spring,5236,150,231,3,0.5,16,2,83776,188,4.2,India,0
23,75771,Bellandur,13.032189,77.527091,Private room,Serviced Apartment,2024-06-01,6,Summer,5597,150,231,3,0.8,24,3,134328,299,4.3,India,0
23,75771,Bellandur,13.032189,77.527091,Private room,Serviced Apartment,2024-07-01,7,Monsoon,4658,150,231,3,0.66,20,3,93160,190,4.3,India,0
23,75771,Bellandur,13.032189,77.527091,Private room,Serviced Apartment,2024-08-01,8,Monsoon,4950,150,231,3,0.62,19,2,94050,12,3.9,India,0
23,75771,Bellandur,13.032189,77.527091,Private room,Serviced Apartment,2024-09-01,9,Autumn,5669,150,231,3,0.86,26,4,147394,167,4.3,UAE,0
23,75771,Bellandur,13.032189,77.527091,Private room,Serviced Apartment,2024-10-01,10,Autumn,5283,150,231,3,0.63,20,2,105660,32,4.6,India,0
23,75771,Bellandur,13.032189,77.527091,Private room,Serviced Apartment,2024-11-01,11,Winter,5491,150,231,3,0.89,27,3,148257,332,4.4,India,0
23,75771,Bellandur,13.032189,77.527091,Private room,Serviced Apartment,2024-12-01,12,Winter,6541,150,231,3,0.38,12,2,78492,19,4.2,India,0
24,22739,Frazer Town,13.054904,77.490699,Entire home/apt,Studio,2024-01-01,1,Winter,4222,569,294,2,0.63,20,4,84440,335,4.5,India,0
24,22739,Frazer Town,13.054904,77.490699,Entire home/apt,Studio,2024-02-01,2,Winter,3697,569,294,2,0.98,28,2,103516,143,4.3,India,0
24,22739,Frazer Town,13.054904,77.490699,Entire home/apt,Studio,2024-03-01,3,Spring,3709,569,294,2,0.76,24,2,89016,227,4.8,India,0
24,22739,Frazer Town,13.054904,77.490699,Entire home/apt,Studio,2024-04-01,4,Spring,4175,569,294,2,0.69,21,2,87675,185,4.4,India,0
24,22739,Frazer Town,13.054904,77.490699,Entire home/apt,Studio,2024-05-01,5,Spring,3578,569,294,2,0.77,24,3,85872,278,4.8,UAE,0
24,22739,Frazer Town,13.054904,77.490699,Entire home/apt,Studio,2024-06-01,6,Summer,3561,569,294,2,0.76,23,3,81903,31,5.0,India,0
24,22739,Frazer Town,13.054904,77.490699,Entire home/apt,Studio,2024-07-01,7,Monsoon,3390,569,294,2,0.7,22,2,74580,62,4.4,Canada,0
24,22739,Frazer Town,13.054904,77.490699,Entire home/apt,Studio,2024-08-01,8,Monsoon,3143,569,294,2,0.78,24,4,75432,46,4.2,India,0
24,22739,Frazer Town,13.054904,77.490699,Entire home/apt,Studio,2024-09-01,9,Autumn,3533,569,294,2,0.54,16,3,56528,305,4.5,Netherlands,0
24,22739,Frazer Town,13.054904,77.490699,Entire home/apt,Studio,2024-10-01,10,Autumn,3715,569,294,2,0.63,20,1,74300,170,4.5,India,0
24,22739,Frazer Town,13.054904,77.490699,Entire home/apt,Studio,2024-11-01,11,Winter,3189,569,294,2,0.71,21,3,66969,35,4.8,France,0
24,22739,Frazer Town,13.054904,77.490699,Entire home/apt,Studio,2024-12-01,12,Winter,4757,569,294,2,0.55,17,3,80869,300,4.6,India,0
25,53064,Jayanagar,13.015458,77.628794,Entire home/apt,Independent House,2024-01-01,1,Winter,4729,536,146,3,0.58,18,3,85122,56,4.7,India,1
25,53064,Jayanagar,13.015458,77.628794,Entire home/apt,Independent House,2024-02-01,2,Winter,3836,536,146,3,0.48,14,1,53704,121,4.6,India,0
25,53064,Jayanagar,13.015458,77.628794,Entire home/apt,Independent House,2024-03-01,3,Spring,4392,536,146,3,0.39,12,1,52704,135,4.6,India,0
25,53064,Jayanagar,13.015458,77.628794,Entire home/apt,Independent House,2024-04-01,4,Spring,4038,536,146,3,0.72,22,3,88836,269,3.9,India,0
25,53064,Jayanagar,13.015458,77.628794,Entire home/apt,Independent House,2024-05-01,5,Spring,3688,536,146,3,0.6,19,1,70072,229,5.0,UK,0
25,53064,Jayanagar,13.015458,77.628794,Entire home/apt,Independent House,2024-06-01,6,Summer,3786,536,146,3,0.46,14,3,53004,55,5.0,India,0
25,53064,Jayanagar,13.015458,77.628794,Entire home/apt,Independent House,2024-07-01,7,Monsoon,3130,536,146,3,0.21,7,2,21910,314,4.7,India,0
25,53064,Jayanagar,13.015458,77.628794,Entire home/apt,Independent House,2024-08-01,8,Monsoon,3319,536,146,3,0.39,12,3,39828,337,4.8,India,0
25,53064,Jayanagar,13.015458,77.628794,Entire home/apt,Independent House,2024-09-01,9,Autumn,3847,536,146,3,0.46,14,2,53858,15,4.0,India,0
25,53064,Jayanagar,13.015458,77.628794,Entire home/apt,Independent House,2024-10-01,10,Autumn,3973,536,146,3,0.64,20,2,79460,205,4.5,India,0
25,53064,Jayanagar,13.015458,77.628794,Entire home/apt,Independent House,2024-11-01,11,Winter,4168,536,146,3,0.38,11,3,45848,227,3.9,India,0
25,53064,Jayanagar,13.015458,77.628794,Entire home/apt,Independent House,2024-12-01,12,Winter,4610,536,146,3,0.54,17,1,78370,311,4.6,India,0
26,91830,Ulsoor,12.919343,77.547556,Shared room,Studio,2024-01-01,1,Winter,3762,352,230,5,0.76,24,3,90288,220,4.5,India,0
26,91830,Ulsoor,12.919343,77.547556,Shared room,Studio,2024-02-01,2,Winter,3433,352,230,5,0.59,17,4,58361,333,4.7,Singapore,0
26,91830,Ulsoor,12.919343,77.547556,Shared room,Studio,2024-03-01,3,Spring,3644,352,230,5,0.61,19,3,69236,110,4.8,India,0
26,91830,Ulsoor,12.919343,77.547556,Shared room,Studio,2024-04-01,4,Spring,3796,352,230,5,0.57,17,4,64532,211,4.8,India,0
26,91830,Ulsoor,12.919343,77.547556,Shared room,Studio,2024-05-01,5,Spring,3193,352,230,5,0.76,24,2,76632,212,4.2,USA,0
26,91830,Ulsoor,12.919343,77.547556,Shared room,Studio,2024-06-01,6,Summer,3570,352,230,5,0.54,16,2,57120,160,3.9,India,0
26,91830,Ulsoor,12.919343,77.547556,Shared room,Studio,2024-07-01,7,Monsoon,2914,352,230,5,0.44,14,2,40796,78,4.8,India,0
26,91830,Ulsoor,12.919343,77.547556,Shared room,Studio,2024-08-01,8,Monsoon,2759,352,230,5,0.48,15,2,41385,46,3.7,France,0
26,91830,Ulsoor,12.919343,77.547556,Shared room,Studio,2024-09-01,9,Autumn,3120,352,230,5,0.18,5,1,15600,49,3.9,USA,0
26,91830,Ulsoor,12.919343,77.547556,Shared room,Studio,2024-10-01,10,Autumn,3362,352,230,5,0.66,20,2,67240,66,4.7,India,0
26,91830,Ulsoor,12.919343,77.547556,Shared room,Studio,2024-11-01,11,Winter,3017,352,230,5,0.54,16,3,48272,168,4.5,India,0
26,91830,Ulsoor,12.919343,77.547556,Shared room,Studio,2024-12-01,12,Winter,3781,352,230,5,0.77,24,2,90744,340,4.9,Canada,0
27,16743,Basavanagudi,12.940164,77.555494,Entire home/apt,Independent House,2024-01-01,1,Winter,4083,304,159,5,0.27,8,2,32664,55,4.4,India,0
27,16743,Basavanagudi,12.940164,77.555494,Entire home/apt,Independent House,2024-02-01,2,Winter,3098,304,159,5,0.42,12,2,37176,142,4.4,India,0
27,16743,Basavanagudi,12.940164,77.555494,Entire home/apt,Independent House,2024-03-01,3,Spring,3916,304,159,5,0.67,21,4,82236,287,4.3,Netherlands,0
27,16743,Basavanagudi,12.940164,77.555494,Entire home/apt,Independent House,2024-04-01,4,Spring,3671,304,159,5,0.78,23,4,84433,314,4.9,India,0
27,16743,Basavanagudi,12.940164,77.555494,Entire home/apt,Independent House,2024-05-01,5,Spring,3245,304,159,5,0.47,15,3,48675,311,4.8,UAE,0
27,16743,Basavanagudi,12.940164,77.555494,Entire home/apt,Independent House,2024-06-01,6,Summer,3312,304,159,5,0.71,21,4,69552,136,4.8,India,0
27,16743,Basavanagudi,12.940164,77.555494,Entire home/apt,Independent House,2024-07-01,7,Monsoon,3119,304,159,5,0.49,15,2,46785,158,5.0,UAE,0
27,16743,Basavanagudi,12.940164,77.555494,Entire home/apt,Independent House,2024-08-01,8,Monsoon,2949,304,159,5,0.88,27,2,79623,92,4.2,Singapore,0
27,16743,Basavanagudi,12.940164,77.555494,Entire home/apt,Independent House,2024-09-01,9,Autumn,3581,304,159,5,0.6,18,3,64458,205,4.2,India,0
27,16743,Basavanagudi,12.940164,77.555494,Entire home/apt,Independent House,2024-10-01,10,Autumn,3138,304,159,5,0.52,16,3,50208,15,4.7,India,0
27,16743,Basavanagudi,12.940164,77.555494,Entire home/apt,Independent House,2024-11-01,11,Winter,3338,304,159,5,0.49,15,2,50070,232,4.5,India,0
27,16743,Basavanagudi,12.940164,77.555494,Entire home/apt,Independent House,2024-12-01,12,Winter,4470,304,159,5,0.83,26,2,116220,166,4.7,UK,0
28,21135,Koramangala,12.762232,77.676331,Entire home/apt,Apartment,2024-01-01,1,Winter,4553,318,219,5,0.43,13,3,59189,248,4.4,India,0
28,21135,Koramangala,12.762232,77.676331,Entire home/apt,Apartment,2024-02-01,2,Winter,3212,318,219,5,0.65,19,2,61028,262,4.8,India,0
28,21135,Koramangala,12.762232,77.676331,Entire home/apt,Apartment,2024-03-01,3,Spring,3803,318,219,5,0.82,25,2,95075,145,4.0,India,0
28,21135,Koramangala,12.762232,77.676331,Entire home/apt,Apartment,2024-04-01,4,Spring,3607,318,219,5,0.62,19,3,68533,269,4.9,India,0
28,21135,Koramangala,12.762232,77.676331,Entire home/apt,Apartment,2024-05-01,5,Spring,3881,318,219,5,0.52,16,1,62096,202,4.9,Netherlands,0
28,21135,Koramangala,12.762232,77.676331,Entire home/apt,Apartment,2024-06-01,6,Summer,3538,318,219,5,0.56,17,1,60146,104,4.9,India,0
28,21135,Koramangala,12.762232,77.676331,Entire home/apt,Apartment,2024-07-01,7,Monsoon,3320,318,219,5,0.35,11,2,36520,70,5.0,UK,0
28,21135,Koramangala,12.762232,77.676331,Entire home/apt,Apartment,2024-08-01,8,Monsoon,3466,318,219,5,0.49,15,2,51990,61,4.7,India,0
28,21135,Koramangala,12.762232,77.676331,Entire home/apt,Apartment,2024-09-01,9,Autumn,3643,318,219,5,0.62,19,3,69217,89,4.3,India,0
28,21135,Koramangala,12.762232,77.676331,Entire home/apt,Apartment,2024-10-01,10,Autumn,3411,318,219,5,0.58,18,3,61398,117,5.0,India,0
28,21135,Koramangala,12.762232,77.676331,Entire home/apt,Apartment,2024-11-01,11,Winter,3653,318,219,5,0.53,16,4,58448,36,4.8,India,0
28,21135,Koramangala,12.762232,77.676331,Entire home/apt,Apartment,2024-12-01,12,Winter,3862,318,219,5,0.76,24,3,92688,223,3.8,India,0
29,51033,Ulsoor,12.871714,77.571327,Entire home/apt,Villa,2024-01-01,1,Winter,3573,132,138,5,0.72,22,1,78606,166,4.3,India,0
29,51033,Ulsoor,12.871714,77.571327,Entire home/apt,Villa,2024-02-01,2,Winter,3134,132,138,5,0.54,16,2,50144,185,4.7,India,0
29,51033,Ulsoor,12.871714,77.571327,Entire home/apt,Villa,2024-03-01,3,Spring,3386,132,138,5,0.35,11,4,37246,124,4.9,India,0
29,51033,Ulsoor,12.871714,77.571327,Entire home/apt,Villa,2024-04-01,4,Spring,3273,132,138,5,0.31,9,2,29457,40,4.3,India,0
29,51033,Ulsoor,12.871714,77.571327,Entire home/apt,Villa,2024-05-01,5,Spring,3365,132,138,5,0.67,21,2,70665,173,4.4,India,0
29,51033,Ulsoor,12.871714,77.571327,Entire home/apt,Villa,2024-06-01,6,Summer,2996,132,138,5,0.49,15,3,44940,39,5.0,India,0
29,51033,Ulsoor,12.871714,77.571327,Entire home/apt,Villa,2024-07-01,7,Monsoon,2834,132,138,5,0.61,19,2,53846,261,4.9,India,0
29,51033,Ulsoor,12.871714,77.571327,Entire home/apt,Villa,2024-08-01,8,Monsoon,2805,132,138,5,0.5,16,3,44880,179,4.4,USA,0
29,51033,Ulsoor,12.871714,77.571327,Entire home/apt,Villa,2024-09-01,9,Autumn,3051,132,138,5,0.54,16,4,48816,75,4.8,India,0
29,51033,Ulsoor,12.871714,77.571327,Entire home/apt,Villa,2024-10-01,10,Autumn,3075,132,138,5,0.65,20,2,61500,101,4.5,India,0
29,51033,Ulsoor,12.871714,77.571327,Entire home/apt,Villa,2024-11-01,11,Winter,3080,132,138,5,0.24,7,3,21560,38,4.9,India,0
29,51033,Ulsoor,12.871714,77.571327,Entire home/apt,Villa,2024-12-01,12,Winter,3900,132,138,5,0.69,21,3,81900,252,3.3,India,0
30,85952,Electronic City,12.972453,77.714614,Entire home/apt,Studio,2024-01-01,1,Winter,7728,279,245,3,0.44,14,2,108192,34,4.7,India,0
30,85952,Electronic City,12.972453,77.714614,Entire home/apt,Studio,2024-02-01,2,Winter,5796,279,245,3,0.51,15,3,86940,302,5.0,India,0
30,85952,Electronic City,12.972453,77.714614,Entire home/apt,Studio,2024-03-01,3,Spring,6568,279,245,3,0.63,20,3,131360,158,4.8,India,0
30,85952,Electronic City,12.972453,77.714614,Entire home/apt,Studio,2024-04-01,4,Spring,6705,279,245,3,0.62,19,1,127395,188,4.6,France,0
30,85952,Electronic City,12.972453,77.714614,Entire home/apt,Studio,2024-05-01,5,Spring,6486,279,245,3,0.59,18,1,116748,46,4.6,India,0
30,85952,Electronic City,12.972453,77.714614,Entire home/apt,Studio,2024-06-01,6,Summer,6216,279,245,3,0.77,23,3,142968,236,5.0,India,0
30,85952,Electronic City,12.972453,77.714614,Entire home/apt,Studio,2024-07-01,7,Monsoon,5532,279,245,3,0.43,13,5,71916,21,5.0,India,0
30,85952,Electronic City,12.972453,77.714614,Entire home/apt,Studio,2024-08-01,8,Monsoon,5176,279,245,3,0.65,20,4,103520,333,4.2,India,0
30,85952,Electronic City,12.972453,77.714614,Entire home/apt,Studio,2024-09-01,9,Autumn,5994,279,245,3,0.65,20,3,119880,256,4.6,India,0
30,85952,Electronic City,12.972453,77.714614,Entire home/apt,Studio,2024-10-01,10,Autumn,6090,279,245,3,0.84,26,1,158340,52,4.7,Germany,0
30,85952,Electronic City,12.972453,77.714614,Entire home/apt,Studio,2024-11-01,11,Winter,5958,279,245,3,0.74,22,5,131076,43,5.0,India,0
30,85952,Electronic City,12.972453,77.714614,Entire home/apt,Studio,2024-12-01,12,Winter,7262,279,245,3,0.69,21,2,152502,126,4.8,USA,0
31,78690,Brigade Road,12.943922,77.559169,Private room,Serviced Apartment,2024-01-01,1,Winter,3897,506,289,3,0.59,18,3,70146,26,4.4,UK,0
31,78690,Brigade Road,12.943922,77.559169,Private room,Serviced Apartment,2024-02-01,2,Winter,3145,506,289,3,0.41,12,1,37740,48,3.9,India,0
31,78690,Brigade Road,12.943922,77.559169,Private room,Serviced Apartment,2024-03-01,3,Spring,3774,506,289,3,0.44,14,2,52836,129,4.1,USA,0
31,78690,Brigade Road,12.943922,77.559169,Private room,Serviced Apartment,2024-04-01,4,Spring,3026,506,289,3,0.48,14,3,42364,308,4.0,Singapore,0
31,78690,Brigade Road,12.943922,77.559169,Private room,Serviced Apartment,2024-05-01,5,Spring,3470,506,289,3,0.72,22,2,76340,298,4.2,India,0
31,78690,Brigade Road,12.943922,77.559169,Private room,Serviced Apartment,2024-06-01,6,Summer,3592,506,289,3,0.72,22,4,79024,158,4.4,Canada,0
31,78690,Brigade Road,12.943922,77.559169,Private room,Serviced Apartment,2024-07-01,7,Monsoon,2328,506,289,3,0.92,29,3,67512,200,3.9,India,0
31,78690,Brigade Road,12.943922,77.559169,Private room,Serviced Apartment,2024-08-01,8,Monsoon,2498,506,289,3,0.72,22,3,54956,43,5.0,India,0
31,78690,Brigade Road,12.943922,77.559169,Private room,Serviced Apartment,2024-09-01,9,Autumn,3418,506,289,3,0.66,20,2,68360,168,4.7,Germany,0
31,78690,Brigade Road,12.943922,77.559169,Private room,Serviced Apartment,2024-10-01,10,Autumn,3312,506,289,3,0.69,21,3,69552,350,4.6,UAE,0
31,78690,Brigade Road,12.943922,77.559169,Private room,Serviced Apartment,2024-11-01,11,Winter,3162,506,289,3,0.56,17,3,53754,260,4.2,India,0
31,78690,Brigade Road,12.943922,77.559169,Private room,Serviced Apartment,2024-12-01,12,Winter,3871,506,289,3,0.32,10,2,38710,92,4.5,Canada,0
32,73736,Hebbal,12.790617,77.49127,Entire home/apt,Apartment,2024-01-01,1,Winter,2926,134,339,1,0.72,22,3,64372,316,4.9,India,0
32,73736,Hebbal,12.790617,77.49127,Entire home/apt,Apartment,2024-02-01,2,Winter,1999,134,339,1,0.37,11,2,21989,319,4.9,Germany,0
32,73736,Hebbal,12.790617,77.49127,Entire home/apt,Apartment,2024-03-01,3,Spring,2348,134,339,1,0.48,15,2,35220,224,4.7,India,0
32,73736,Hebbal,12.790617,77.49127,Entire home/apt,Apartment,2024-04-01,4,Spring,2351,134,339,1,0.53,16,2,37616,121,4.0,Canada,0
32,73736,Hebbal,12.790617,77.49127,Entire home/apt,Apartment,2024-05-01,5,Spring,2193,134,339,1,0.56,17,3,37281,229,3.9,India,0
32,73736,Hebbal,12.790617,77.49127,Entire home/apt,Apartment,2024-06-01,6,Summer,2401,134,339,1,0.51,15,2,36015,240,4.7,UAE,0
32,73736,Hebbal,12.790617,77.49127,Entire home/apt,Apartment,2024-07-01,7,Monsoon,2125,134,339,1,0.72,22,2,46750,347,4.6,Canada,0
32,73736,Hebbal,12.790617,77.49127,Entire home/apt,Apartment,2024-08-01,8,Monsoon,1996,134,339,1,0.53,16,5,31936,236,4.7,UK,0
32,73736,Hebbal,12.790617,77.49127,Entire home/apt,Apartment,2024-09-01,9,Autumn,2322,134,339,1,0.52,16,3,37152,257,4.2,India,0
32,73736,Hebbal,12.790617,77.49127,Entire home/apt,Apartment,2024-10-01,10,Autumn,2181,134,339,1,0.3,9,5,19629,102,5.0,Germany,0
32,73736,Hebbal,12.790617,77.49127,Entire home/apt,Apartment,2024-11-01,11,Winter,2065,134,339,1,0.41,12,2,24780,328,4.2,India,0
32,73736,Hebbal,12.790617,77.49127,Entire home/apt,Apartment,2024-12-01,12,Winter,3069,134,339,1,0.47,15,2,46035,52,5.0,USA,0
33,26341,Basavanagudi,12.73355,77.498094,Entire home/apt,Studio,2024-01-01,1,Winter,3196,341,155,5,0.89,28,1,89488,113,4.0,Germany,0
33,26341,Basavanagudi,12.73355,77.498094,Entire home/apt,Studio,2024-02-01,2,Winter,2752,341,155,5,0.67,19,4,52288,212,4.7,India,0
33,26341,Basavanagudi,12.73355,77.498094,Entire home/apt,Studio,2024-03-01,3,Spring,2923,341,155,5,0.55,17,3,49691,120,4.5,India,0
33,26341,Basavanagudi,12.73355,77.498094,Entire home/apt,Studio,2024-04-01,4,Spring,2931,341,155,5,0.72,22,1,64482,114,5.0,India,0
33,26341,Basavanagudi,12.73355,77.498094,Entire home/apt,Studio,2024-05-01,5,Spring,2580,341,155,5,0.37,11,4,28380,332,4.5,India,0
33,26341,Basavanagudi,12.73355,77.498094,Entire home/apt,Studio,2024-06-01,6,Summer,3206,341,155,5,0.45,14,2,44884,19,5.0,India,0
33,26341,Basavanagudi,12.73355,77.498094,Entire home/apt,Studio,2024-07-01,7,Monsoon,2756,341,155,5,0.49,15,4,41340,71,4.7,UK,0
33,26341,Basavanagudi,12.73355,77.498094,Entire home/apt,Studio,2024-08-01,8,Monsoon,2746,341,155,5,0.51,16,2,43936,315,4.4,India,0
33,26341,Basavanagudi,12.73355,77.498094,Entire home/apt,Studio,2024-09-01,9,Autumn,2575,341,155,5,0.42,13,1,33475,131,4.2,India,0
33,26341,Basavanagudi,12.73355,77.498094,Entire home/apt,Studio,2024-10-01,10,Autumn,2447,341,155,5,0.58,18,2,44046,311,4.2,India,0
33,26341,Basavanagudi,12.73355,77.498094,Entire home/apt,Studio,2024-11-01,11,Winter,2737,341,155,5,0.34,10,2,27370,154,4.6,India,0
33,26341,Basavanagudi,12.73355,77.498094,Entire home/apt,Studio,2024-12-01,12,Winter,3529,341,155,5,0.27,8,2,28232,327,4.6,Germany,0
34,24530,Marathahalli,12.938696,77.454931,Entire home/apt,Independent House,2024-01-01,1,Winter,6550,118,153,3,0.65,20,2,131000,314,4.2,India,0
34,24530,Marathahalli,12.938696,77.454931,Entire home/apt,Independent House,2024-02-01,2,Winter,4962,118,153,3,0.67,19,2,94278,342,4.5,India,0
34,24530,Marathahalli,12.938696,77.454931,Entire home/apt,Independent House,2024-03-01,3,Spring,5577,118,153,3,0.45,14,5,78078,34,4.6,Canada,0
34,24530,Marathahalli,12.938696,77.454931,Entire home/apt,Independent House,2024-04-01,4,Spring,5188,118,153,3,0.57,17,3,88196,259,4.1,India,0
34,24530,Marathahalli,12.938696,77.454931,Entire home/apt,Independent House,2024-05-01,5,Spring,4826,118,153,3,0.77,24,2,115824,240,4.9,India,0
34,24530,Marathahalli,12.938696,77.454931,Entire home/apt,Independent House,2024-06-01,6,Summer,5094,118,153,3,0.42,13,2,66222,191,4.4,India,0
34,24530,Marathahalli,12.938696,77.454931,Entire home/apt,Independent House,2024-07-01,7,Monsoon,4717,118,153,3,0.61,19,1,89623,34,5.0,India,0
34,24530,Marathahalli,12.938696,77.454931,Entire home/apt,Independent House,2024-08-01,8,Monsoon,4553,118,153,3,0.61,19,3,86507,321,4.4,India,0
34,24530,Marathahalli,12.938696,77.454931,Entire home/apt,Independent House,2024-09-01,9,Autumn,4999,118,153,3,0.56,17,3,84983,170,4.8,India,0
34,24530,Marathahalli,12.938696,77.454931,Entire home/apt,Independent House,2024-10-01,10,Autumn,5164,118,153,3,0.47,15,2,77460,173,4.0,Germany,0
34,24530,Marathahalli,12.938696,77.454931,Entire home/apt,Independent House,2024-11-01,11,Winter,4606,118,153,3,0.66,20,3,92120,237,4.1,Netherlands,0
34,24530,Marathahalli,12.938696,77.454931,Entire home/apt,Independent House,2024-12-01,12,Winter,5786,118,153,3,0.64,20,2,115720,93,5.0,Germany,1
35,69988,Koramangala,12.817377,77.463142,Entire home/apt,Apartment,2024-01-01,1,Winter,4381,425,241,3,0.57,18,3,78858,278,4.9,India,1
35,69988,Koramangala,12.817377,77.463142,Entire home/apt,Apartment,2024-02-01,2,Winter,3434,425,241,3,0.63,18,3,61812,146,4.6,India,0
35,69988,Koramangala,12.817377,77.463142,Entire home/apt,Apartment,2024-03-01,3,Spring,3708,425,241,3,0.73,23,3,85284,335,4.4,India,0
35,69988,Koramangala,12.817377,77.463142,Entire home/apt,Apartment,2024-04-01,4,Spring,3690,425,241,3,0.67,20,2,73800,188,4.1,India,0
35,69988,Koramangala,12.817377,77.463142,Entire home/apt,Apartment,2024-05-01,5,Spring,3497,425,241,3,0.58,18,2,62946,225,4.9,UAE,0
35,69988,Koramangala,12.817377,77.463142,Entire home/apt,Apartment,2024-06-01,6,Summer,3586,425,241,3,0.58,17,2,60962,95,4.8,India,0
35,69988,Koramangala,12.817377,77.463142,Entire home/apt,Apartment,2024-07-01,7,Monsoon,3420,425,241,3,0.67,21,2,71820,265,4.5,India,0
35,69988,Koramangala,12.817377,77.463142,Entire home/apt,Apartment,2024-08-01,8,Monsoon,2880,425,241,3,0.43,13,1,37440,217,4.4,India,0
35,69988,Koramangala,12.817377,77.463142,Entire home/apt,Apartment,2024-09-01,9,Autumn,3371,425,241,3,0.56,17,3,57307,92,4.5,India,0
35,69988,Koramangala,12.817377,77.463142,Entire home/apt,Apartment,2024-10-01,10,Autumn,3597,425,241,3,0.58,18,2,64746,40,4.7,India,0
35,69988,Koramangala,12.817377,77.463142,Entire home/apt,Apartment,2024-11-01,11,Winter,3504,425,241,3,0.29,9,2,31536,218,4.1,India,0
35,69988,Koramangala,12.817377,77.463142,Entire home/apt,Apartment,2024-12-01,12,Winter,4337,425,241,3,0.4,12,2,52044,228,4.7,India,0
36,56210,Richmond Town,13.09926,77.532367,Shared room,Apartment,2024-01-01,1,Winter,6628,482,118,5,0.75,23,2,152444,347,4.6,India,1
36,56210,Richmond Town,13.09926,77.532367,Shared room,Apartment,2024-02-01,2,Winter,5269,482,118,5,0.44,13,4,68497,347,4.4,UK,0
36,56210,Richmond Town,13.09926,77.532367,Shared room,Apartment,2024-03-01,3,Spring,5792,482,118,5,0.55,17,1,98464,34,4.6,India,0
36,56210,Richmond Town,13.09926,77.532367,Shared room,Apartment,2024-04-01,4,Spring,5869,482,118,5,0.59,18,3,105642,185,5.0,India,0
36,56210,Richmond Town,13.09926,77.532367,Shared room,Apartment,2024-05-01,5,Spring,5525,482,118,5,0.31,10,3,55250,309,3.5,India,0
36,56210,Richmond Town,13.09926,77.532367,Shared room,Apartment,2024-06-01,6,Summer,5522,482,118,5,0.32,10,2,55220,189,4.4,India,0
36,56210,Richmond Town,13.09926,77.532367,Shared room,Apartment,2024-07-01,7,Monsoon,4568,482,118,5,0.26,8,3,36544,293,4.7,India,0
36,56210,Richmond Town,13.09926,77.532367,Shared room,Apartment,2024-08-01,8,Monsoon,4953,482,118,5,0.44,14,2,69342,160,3.5,India,0
36,56210,Richmond Town,13.09926,77.532367,Shared room,Apartment,2024-09-01,9,Autumn,5227,482,118,5,0.59,18,2,94086,58,3.9,India,0
36,56210,Richmond Town,13.09926,77.532367,Shared room,Apartment,2024-10-01,10,Autumn,5372,482,118,5,0.53,16,2,85952,265,4.7,India,0
36,56210,Richmond Town,13.09926,77.532367,Shared room,Apartment,2024-11-01,11,Winter,5359,482,118,5,0.38,11,2,58949,133,5.0,USA,0
36,56210,Richmond Town,13.09926,77.532367,Shared room,Apartment,2024-12-01,12,Winter,6639,482,118,5,0.52,16,2,106224,313,4.1,India,0
37,74382,Hebbal,12.749055,77.705848,Entire home/apt,Serviced Apartment,2024-01-01,1,Winter,3676,167,124,3,0.77,24,3,88224,33,4.0,India,0
37,74382,Hebbal,12.749055,77.705848,Entire home/apt,Serviced Apartment,2024-02-01,2,Winter,2646,167,124,3,0.73,21,2,55566,80,4.4,USA,0
37,74382,Hebbal,12.749055,77.705848,Entire home/apt,Serviced Apartment,2024-03-01,3,Spring,3131,167,124,3,0.67,21,4,65751,326,4.3,India,0
37,74382,Hebbal,12.749055,77.705848,Entire home/apt,Serviced Apartment,2024-04-01,4,Spring,3629,167,124,3,0.62,19,2,68951,114,4.3,India,0
37,74382,Hebbal,12.749055,77.705848,Entire home/apt,Serviced Apartment,2024-05-01,5,Spring,3399,167,124,3,0.42,13,2,44187,71,4.8,India,0
37,74382,Hebbal,12.749055,77.705848,Entire home/apt,Serviced Apartment,2024-06-01,6,Summer,3027,167,124,3,0.71,21,2,63567,184,5.0,India,0
37,74382,Hebbal,12.749055,77.705848,Entire home/apt,Serviced Apartment,2024-07-01,7,Monsoon,2677,167,124,3,0.4,12,2,32124,282,4.7,India,0
37,74382,Hebbal,12.749055,77.705848,Entire home/apt,Serviced Apartment,2024-08-01,8,Monsoon,2536,167,124,3,0.82,25,4,63400,33,4.6,India,0
37,74382,Hebbal,12.749055,77.705848,Entire home/apt,Serviced Apartment,2024-09-01,9,Autumn,2895,167,124,3,0.54,16,5,46320,245,4.0,India,0
37,74382,Hebbal,12.749055,77.705848,Entire home/apt,Serviced Apartment,2024-10-01,10,Autumn,2774,167,124,3,0.69,21,3,58254,294,4.2,India,0
37,74382,Hebbal,12.749055,77.705848,Entire home/apt,Serviced Apartment,2024-11-01,11,Winter,2759,167,124,3,0.59,18,3,49662,230,5.0,India,0
37,74382,Hebbal,12.749055,77.705848,Entire home/apt,Serviced Apartment,2024-12-01,12,Winter,3853,167,124,3,0.66,20,3,77060,65,4.2,Singapore,0
38,93859,Ulsoor,12.772785,77.739879,Entire home/apt,Apartment,2024-01-01,1,Winter,2177,525,143,2,0.51,16,2,34832,82,5.0,India,0
38,93859,Ulsoor,12.772785,77.739879,Entire home/apt,Apartment,2024-02-01,2,Winter,1904,525,143,2,0.61,18,2,34272,265,5.0,UAE,0
38,93859,Ulsoor,12.772785,77.739879,Entire home/apt,Apartment,2024-03-01,3,Spring,1844,525,143,2,0.68,21,4,38724,128,4.5,India,0
38,93859,Ulsoor,12.772785,77.739879,Entire home/apt,Apartment,2024-04-01,4,Spring,2025,525,143,2,0.77,23,5,46575,140,4.7,India,0
38,93859,Ulsoor,12.772785,77.739879,Entire home/apt,Apartment,2024-05-01,5,Spring,1900,525,143,2,0.7,22,2,41800,273,4.4,India,0
38,93859,Ulsoor,12.772785,77.739879,Entire home/apt,Apartment,2024-06-01,6,Summer,1626,525,143,2,0.39,12,3,19512,303,3.7,Canada,0
38,93859,Ulsoor,12.772785,77.739879,Entire home/apt,Apartment,2024-07-01,7,Monsoon,2024,525,143,2,0.38,12,2,24288,337,4.4,India,0
38,93859,Ulsoor,12.772785,77.739879,Entire home/apt,Apartment,2024-08-01,8,Monsoon,1558,525,143,2,0.59,18,4,28044,172,4.8,Australia,0
38,93859,Ulsoor,12.772785,77.739879,Entire home/apt,Apartment,2024-09-01,9,Autumn,1965,525,143,2,0.46,14,3,27510,14,4.4,India,0
38,93859,Ulsoor,12.772785,77.739879,Entire home/apt,Apartment,2024-10-01,10,Autumn,1849,525,143,2,0.51,16,4,29584,295,5.0,India,0
38,93859,Ulsoor,12.772785,77.739879,Entire home/apt,Apartment,2024-11-01,11,Winter,1891,525,143,2,0.65,20,3,37820,316,4.8,India,0
38,93859,Ulsoor,12.772785,77.739879,Entire home/apt,Apartment,2024-12-01,12,Winter,2475,525,143,2,0.57,18,2,44550,321,4.0,India,0
39,49596,Marathahalli,12.797951,77.692205,Entire home/apt,Serviced Apartment,2024-01-01,1,Winter,4868,202,117,1,0.67,21,2,102228,212,5.0,India,0
39,49596,Marathahalli,12.797951,77.692205,Entire home/apt,Serviced Apartment,2024-02-01,2,Winter,3983,202,117,1,0.63,18,3,71694,160,5.0,Singapore,0
39,49596,Marathahalli,12.797951,77.692205,Entire home/apt,Serviced Apartment,2024-03-01,3,Spring,4424,202,117,1,0.98,30,2,132720,176,4.7,Netherlands,0
39,49596,Marathahalli,12.797951,77.692205,Entire home/apt,Serviced Apartment,2024-04-01,4,Spring,4024,202,117,1,0.7,21,2,84504,189,4.7,India,0
39,49596,Marathahalli,12.797951,77.692205,Entire home/apt,Serviced Apartment,2024-05-01,5,Spring,4236,202,117,1,0.69,21,2,88956,123,4.4,India,0
39,49596,Marathahalli,12.797951,77.692205,Entire home/apt,Serviced Apartment,2024-06-01,6,Summer,3735,202,117,1,0.55,16,2,59760,126,4.2,India,0
39,49596,Marathahalli,12.797951,77.692205,Entire home/apt,Serviced Apartment,2024-07-01,7,Monsoon,3465,202,117,1,0.67,21,1,72765,196,5.0,Singapore,0
39,49596,Marathahalli,12.797951,77.692205,Entire home/apt,Serviced Apartment,2024-08-01,8,Monsoon,3659,202,117,1,0.41,13,2,47567,81,4.7,Germany,0
39,49596,Marathahalli,12.797951,77.692205,Entire home/apt,Serviced Apartment,2024-09-01,9,Autumn,4218,202,117,1,0.49,15,4,63270,160,4.4,India,0
39,49596,Marathahalli,12.797951,77.692205,Entire home/apt,Serviced Apartment,2024-10-01,10,Autumn,3981,202,117,1,0.47,15,2,59715,263,4.8,India,0
39,49596,Marathahalli,12.797951,77.692205,Entire home/apt,Serviced Apartment,2024-11-01,11,Winter,3955,202,117,1,0.65,20,2,79100,46,4.1,Canada,0
39,49596,Marathahalli,12.797951,77.692205,Entire home/apt,Serviced Apartment,2024-12-01,12,Winter,4886,202,117,1,0.69,21,3,102606,123,4.4,India,0
40,16624,Basavanagudi,12.897958,77.714702,Entire home/apt,Serviced Apartment,2024-01-01,1,Winter,7009,240,226,1,0.71,22,4,154198,220,3.9,India,0
40,16624,Basavanagudi,12.897958,77.714702,Entire home/apt,Serviced Apartment,2024-02-01,2,Winter,5220,240,226,1,0.34,10,2,52200,206,5.0,India,0
40,16624,Basavanagudi,12.897958,77.714702,Entire home/apt,Serviced Apartment,2024-03-01,3,Spring,6019,240,226,1,0.96,30,2,180570,291,4.3,India,0
40,16624,Basavanagudi,12.897958,77.714702,Entire home/apt,Serviced Apartment,2024-04-01,4,Spring,6165,240,226,1,0.8,24,2,147960,147,5.0,India,0
40,16624,Basavanagudi,12.897958,77.714702,Entire home/apt,Serviced Apartment,2024-05-01,5,Spring,5984,240,226,1,0.75,23,3,137632,281,4.9,India,0
40,16624,Basavanagudi,12.897958,77.714702,Entire home/apt,Serviced Apartment,2024-06-01,6,Summer,5690,240,226,1,0.69,21,5,119490,348,4.3,India,0
40,16624,Basavanagudi,12.897958,77.714702,Entire home/apt,Serviced Apartment,2024-07-01,7,Monsoon,4851,240,226,1,0.57,18,2,87318,49,4.4,India,0
40,16624,Basavanagudi,12.897958,77.714702,Entire home/apt,Serviced Apartment,2024-08-01,8,Monsoon,4924,240,226,1,0.68,21,3,103404,173,4.9,India,0
40,16624,Basavanagudi,12.897958,77.714702,Entire home/apt,Serviced Apartment,2024-09-01,9,Autumn,5589,240,226,1,0.79,24,2,134136,73,4.0,India,0
40,16624,Basavanagudi,12.897958,77.714702,Entire home/apt,Serviced Apartment,2024-10-01,10,Autumn,5534,240,226,1,0.46,14,3,77476,256,3.8,India,1
40,16624,Basavanagudi,12.897958,77.714702,Entire home/apt,Serviced Apartment,2024-11-01,11,Winter,5556,240,226,1,0.55,16,3,88896,242,5.0,India,0
40,16624,Basavanagudi,12.897958,77.714702,Entire home/apt,Serviced Apartment,2024-12-01,12,Winter,7091,240,226,1,0.42,13,2,92183,263,5.0,India,0
41,51750,HSR Layout,12.857182,77.63495,Private room,Studio,2024-01-01,1,Winter,6161,387,252,5,0.38,12,3,73932,153,4.4,India,1
41,51750,HSR Layout,12.857182,77.63495,Private room,Studio,2024-02-01,2,Winter,5182,387,252,5,0.81,23,2,119186,56,5.0,Netherlands,0
41,51750,HSR Layout,12.857182,77.63495,Private room,Studio,2024-03-01,3,Spring,5364,387,252,5,0.36,11,3,59004,322,4.6,India,0
41,51750,HSR Layout,12.857182,77.63495,Private room,Studio,2024-04-01,4,Spring,5108,387,252,5,0.58,17,2,86836,335,4.4,UK,0
41,51750,HSR Layout,12.857182,77.63495,Private room,Studio,2024-05-01,5,Spring,4872,387,252,5,0.29,9,3,43848,295,4.7,India,0
41,51750,HSR Layout,12.857182,77.63495,Private room,Studio,2024-06-01,6,Summer,4859,387,252,5,0.35,10,1,48590,245,3.4,India,0
41,51750,HSR Layout,12.857182,77.63495,Private room,Studio,2024-07-01,7,Monsoon,4463,387,252,5,0.79,24,3,107112,317,5.0,UK,0
41,51750,HSR Layout,12.857182,77.63495,Private room,Studio,2024-08-01,8,Monsoon,4377,387,252,5,0.44,14,2,61278,348,4.7,India,0
41,51750,HSR Layout,12.857182,77.63495,Private room,Studio,2024-09-01,9,Autumn,4766,387,252,5,0.57,17,3,81022,56,4.8,India,0
41,51750,HSR Layout,12.857182,77.63495,Private room,Studio,2024-10-01,10,Autumn,5210,387,252,5,0.51,16,2,83360,214,4.4,India,0
41,51750,HSR Layout,12.857182,77.63495,Private room,Studio,2024-11-01,11,Winter,4790,387,252,5,0.4,12,2,57480,313,4.4,UAE,0
41,51750,HSR Layout,12.857182,77.63495,Private room,Studio,2024-12-01,12,Winter,6279,387,252,5,0.67,21,4,131859,31,4.2,USA,0
42,83516,Yeshwanthpur,13.099249,77.593511,Entire home/apt,Independent House,2024-01-01,1,Winter,6609,259,315,3,0.45,14,3,92526,346,3.5,UK,0
42,83516,Yeshwanthpur,13.099249,77.593511,Entire home/apt,Independent House,2024-02-01,2,Winter,5467,259,315,3,0.67,19,3,103873,135,4.4,India,0
42,83516,Yeshwanthpur,13.099249,77.593511,Entire home/apt,Independent House,2024-03-01,3,Spring,5833,259,315,3,0.63,20,2,116660,126,3.9,India,0
42,83516,Yeshwanthpur,13.099249,77.593511,Entire home/apt,Independent House,2024-04-01,4,Spring,5715,259,315,3,0.68,20,2,114300,152,4.0,UK,0
42,83516,Yeshwanthpur,13.099249,77.593511,Entire home/apt,Independent House,2024-05-01,5,Spring,5349,259,315,3,0.35,11,3,58839,250,4.7,India,0
42,83516,Yeshwanthpur,13.099249,77.593511,Entire home/apt,Independent House,2024-06-01,6,Summer,5284,259,315,3,0.31,9,2,47556,140,5.0,India,0
42,83516,Yeshwanthpur,13.099249,77.593511,Entire home/apt,Independent House,2024-07-01,7,Monsoon,4615,259,315,3,0.44,14,3,64610,278,4.6,India,0
42,83516,Yeshwanthpur,13.099249,77.593511,Entire home/apt,Independent House,2024-08-01,8,Monsoon,4990,259,315,3,0.4,12,5,59880,176,4.5,Canada,0
42,83516,Yeshwanthpur,13.099249,77.593511,Entire home/apt,Independent House,2024-09-01,9,Autumn,5376,259,315,3,0.66,20,4,107520,148,4.6,India,0
42,83516,Yeshwanthpur,13.099249,77.593511,Entire home/apt,Independent House,2024-10-01,10,Autumn,5218,259,315,3,0.43,13,5,67834,40,4.5,India,0
42,83516,Yeshwanthpur,13.099249,77.593511,Entire home/apt,Independent House,2024-11-01,11,Winter,5077,259,315,3,0.12,4,2,20308,245,4.7,India,0
42,83516,Yeshwanthpur,13.099249,77.593511,Entire home/apt,Independent House,2024-12-01,12,Winter,6793,259,315,3,0.2,6,4,40758,138,4.1,UAE,0
43,27992,Whitefield,12.946271,77.626049,Entire home/apt,Studio,2024-01-01,1,Winter,5306,608,195,2,0.45,14,1,74284,211,4.4,India,0
43,27992,Whitefield,12.946271,77.626049,Entire home/apt,Studio,2024-02-01,2,Winter,4516,608,195,2,0.46,13,3,58708,70,4.2,India,0
43,27992,Whitefield,12.946271,77.626049,Entire home/apt,Studio,2024-03-01,3,Spring,4570,608,195,2,0.41,13,3,59410,80,4.5,India,0
43,27992,Whitefield,12.946271,77.626049,Entire home/apt,Studio,2024-04-01,4,Spring,4990,608,195,2,0.61,18,4,89820,243,4.4,India,0
43,27992,Whitefield,12.946271,77.626049,Entire home/apt,Studio,2024-05-01,5,Spring,4184,608,195,2,0.32,10,2,41840,147,4.9,India,0
43,27992,Whitefield,12.946271,77.626049,Entire home/apt,Studio,2024-06-01,6,Summer,4227,608,195,2,0.53,16,3,67632,45,5.0,India,0
43,27992,Whitefield,12.946271,77.626049,Entire home/apt,Studio,2024-07-01,7,Monsoon,3876,608,195,2,0.44,14,2,54264,19,4.3,UAE,0
43,27992,Whitefield,12.946271,77.626049,Entire home/apt,Studio,2024-08-01,8,Monsoon,4046,608,195,2,0.57,18,2,72828,90,3.9,UAE,0
43,27992,Whitefield,12.946271,77.626049,Entire home/apt,Studio,2024-09-01,9,Autumn,4425,608,195,2,0.46,14,1,61950,203,5.0,UK,0
43,27992,Whitefield,12.946271,77.626049,Entire home/apt,Studio,2024-10-01,10,Autumn,4458,608,195,2,0.49,15,2,66870,148,5.0,Singapore,1
43,27992,Whitefield,12.946271,77.626049,Entire home/apt,Studio,2024-11-01,11,Winter,4255,608,195,2,0.69,21,3,89355,54,4.7,UAE,0
43,27992,Whitefield,12.946271,77.626049,Entire home/apt,Studio,2024-12-01,12,Winter,5133,608,195,2,0.46,14,2,71862,232,4.9,Netherlands,0
44,74738,Jayanagar,13.040424,77.590406,Entire home/apt,Apartment,2024-01-01,1,Winter,3681,239,249,2,0.61,19,3,69939,331,5.0,India,0
44,74738,Jayanagar,13.040424,77.590406,Entire home/apt,Apartment,2024-02-01,2,Winter,2885,239,249,2,0.55,16,3,46160,151,5.0,India,0
44,74738,Jayanagar,13.040424,77.590406,Entire home/apt,Apartment,2024-03-01,3,Spring,3392,239,249,2,0.61,19,3,64448,89,4.1,India,0
44,74738,Jayanagar,13.040424,77.590406,Entire home/apt,Apartment,2024-04-01,4,Spring,3492,239,249,2,0.51,15,3,52380,207,4.9,France,0
44,74738,Jayanagar,13.040424,77.590406,Entire home/apt,Apartment,2024-05-01,5,Spring,3335,239,249,2,0.93,29,3,96715,44,4.7,India,0
44,74738,Jayanagar,13.040424,77.590406,Entire home/apt,Apartment,2024-06-01,6,Summer,3163,239,249,2,0.57,17,1,53771,71,4.4,India,0
44,74738,Jayanagar,13.040424,77.590406,Entire home/apt,Apartment,2024-07-01,7,Monsoon,2855,239,249,2,0.5,16,4,45680,3,4.6,India,0
44,74738,Jayanagar,13.040424,77.590406,Entire home/apt,Apartment,2024-08-01,8,Monsoon,3051,239,249,2,0.39,12,2,36612,136,5.0,Canada,0
44,74738,Jayanagar,13.040424,77.590406,Entire home/apt,Apartment,2024-09-01,9,Autumn,3361,239,249,2,0.53,16,2,53776,293,3.7,India,0
44,74738,Jayanagar,13.040424,77.590406,Entire home/apt,Apartment,2024-10-01,10,Autumn,2977,239,249,2,0.74,23,3,68471,120,4.5,India,0
44,74738,Jayanagar,13.040424,77.590406,Entire home/apt,Apartment,2024-11-01,11,Winter,2899,239,249,2,0.47,14,2,40586,207,4.8,India,0
44,74738,Jayanagar,13.040424,77.590406,Entire home/apt,Apartment,2024-12-01,12,Winter,3981,239,249,2,0.51,16,4,63696,159,4.4,India,0
45,48671,Rajajinagar,12.94585,77.515739,Entire home/apt,Independent House,2024-01-01,1,Winter,4109,161,312,3,0.49,15,2,61635,281,5.0,UAE,0
45,48671,Rajajinagar,12.94585,77.515739,Entire home/apt,Independent House,2024-02-01,2,Winter,3333,161,312,3,0.69,20,4,66660,111,4.3,UK,0
45,48671,Rajajinagar,12.94585,77.515739,Entire home/apt,Independent House,2024-03-01,3,Spring,3411,161,312,3,0.54,17,3,57987,305,4.1,Singapore,0
45,48671,Rajajinagar,12.94585,77.515739,Entire home/apt,Independent House,2024-04-01,4,Spring,3395,161,312,3,0.37,11,1,37345,228,5.0,India,0
45,48671,Rajajinagar,12.94585,77.515739,Entire home/apt,Independent House,2024-05-01,5,Spring,2937,161,312,3,0.57,18,2,52866,288,4.6,India,0
45,48671,Rajajinagar,12.94585,77.515739,Entire home/apt,Independent House,2024-06-01,6,Summer,2978,161,312,3,0.63,19,4,56582,258,4.3,India,0
45,48671,Rajajinagar,12.94585,77.515739,Entire home/apt,Independent House,2024-07-01,7,Monsoon,2900,161,312,3,0.34,11,3,31900,84,4.6,India,0
45,48671,Rajajinagar,12.94585,77.515739,Entire home/apt,Independent House,2024-08-01,8,Monsoon,3113,161,312,3,0.39,12,3,37356,59,4.2,India,0
45,48671,Rajajinagar,12.94585,77.515739,Entire home/apt,Independent House,2024-09-01,9,Autumn,3131,161,312,3,0.57,17,3,53227,250,4.6,India,0
45,48671,Rajajinagar,12.94585,77.515739,Entire home/apt,Independent House,2024-10-01,10,Autumn,3126,161,312,3,0.64,20,3,62520,28,4.9,India,0
45,48671,Rajajinagar,12.94585,77.515739,Entire home/apt,Independent House,2024-11-01,11,Winter,3110,161,312,3,0.51,15,2,46650,29,4.8,India,0
45,48671,Rajajinagar,12.94585,77.515739,Entire home/apt,Independent House,2024-12-01,12,Winter,4165,161,312,3,0.52,16,3,66640,157,4.1,USA,0
46,10395,Hebbal,12.931325,77.463587,Entire home/apt,Apartment,2024-01-01,1,Winter,5601,281,357,1,0.64,20,4,112020,35,4.3,Netherlands,0
46,10395,Hebbal,12.931325,77.463587,Entire home/apt,Apartment,2024-02-01,2,Winter,4810,281,357,1,0.56,16,2,76960,92,4.6,UK,0
46,10395,Hebbal,12.931325,77.463587,Entire home/apt,Apartment,2024-03-01,3,Spring,5451,281,357,1,0.45,14,3,76314,330,4.7,Canada,0
46,10395,Hebbal,12.931325,77.463587,Entire home/apt,Apartment,2024-04-01,4,Spring,5259,281,357,1,0.63,19,2,99921,195,4.7,India,0
46,10395,Hebbal,12.931325,77.463587,Entire home/apt,Apartment,2024-05-01,5,Spring,4641,281,357,1,0.68,21,4,97461,193,4.3,India,0
46,10395,Hebbal,12.931325,77.463587,Entire home/apt,Apartment,2024-06-01,6,Summer,4989,281,357,1,0.57,17,3,84813,338,5.0,Singapore,0
46,10395,Hebbal,12.931325,77.463587,Entire home/apt,Apartment,2024-07-01,7,Monsoon,4301,281,357,1,0.46,14,2,60214,178,4.5,India,0
46,10395,Hebbal,12.931325,77.463587,Entire home/apt,Apartment,2024-08-01,8,Monsoon,4285,281,357,1,0.63,20,5,85700,201,3.9,India,0
46,10395,Hebbal,12.931325,77.463587,Entire home/apt,Apartment,2024-09-01,9,Autumn,4618,281,357,1,0.35,10,3,46180,114,4.9,France,0
46,10395,Hebbal,12.931325,77.463587,Entire home/apt,Apartment,2024-10-01,10,Autumn,5170,281,357,1,0.5,16,3,82720,152,4.4,India,0
46,10395,Hebbal,12.931325,77.463587,Entire home/apt,Apartment,2024-11-01,11,Winter,4842,281,357,1,0.69,21,2,101682,194,4.1,France,0
46,10395,Hebbal,12.931325,77.463587,Entire home/apt,Apartment,2024-12-01,12,Winter,6082,281,357,1,0.66,20,2,121640,177,4.7,India,0
47,24790,Koramangala,13.023791,77.575772,Private room,Apartment,2024-01-01,1,Winter,4118,450,203,2,0.69,21,1,86478,304,4.2,India,0
47,24790,Koramangala,13.023791,77.575772,Private room,Apartment,2024-02-01,2,Winter,3361,450,203,2,0.66,19,3,63859,24,5.0,India,0
47,24790,Koramangala,13.023791,77.575772,Private room,Apartment,2024-03-01,3,Spring,4072,450,203,2,0.73,23,1,93656,224,5.0,India,0
47,24790,Koramangala,13.023791,77.575772,Private room,Apartment,2024-04-01,4,Spring,4361,450,203,2,0.83,25,2,109025,28,4.8,India,0
47,24790,Koramangala,13.023791,77.575772,Private room,Apartment,2024-05-01,5,Spring,3742,450,203,2,0.35,11,5,41162,119,4.4,Germany,0
47,24790,Koramangala,13.023791,77.575772,Private room,Apartment,2024-06-01,6,Summer,3559,450,203,2,0.91,27,3,96093,163,4.4,India,0
47,24790,Koramangala,13.023791,77.575772,Private room,Apartment,2024-07-01,7,Monsoon,3378,450,203,2,0.67,21,3,70938,164,4.5,India,0
47,24790,Koramangala,13.023791,77.575772,Private room,Apartment,2024-08-01,8,Monsoon,3693,450,203,2,0.49,15,4,55395,338,4.6,India,0
47,24790,Koramangala,13.023791,77.575772,Private room,Apartment,2024-09-01,9,Autumn,3579,450,203,2,0.39,12,2,42948,140,4.3,India,0
47,24790,Koramangala,13.023791,77.575772,Private room,Apartment,2024-10-01,10,Autumn,3720,450,203,2,0.52,16,4,59520,89,4.2,India,0
47,24790,Koramangala,13.023791,77.575772,Private room,Apartment,2024-11-01,11,Winter,3446,450,203,2,0.57,17,2,58582,176,3.9,Canada,0
47,24790,Koramangala,13.023791,77.575772,Private room,Apartment,2024-12-01,12,Winter,4810,450,203,2,0.6,19,3,91390,268,3.9,India,0
48,29558,Basavanagudi,12.850584,77.676325,Entire home/apt,Independent House,2024-01-01,1,Winter,3973,187,233,2,0.77,24,4,95352,29,3.7,India,0
48,29558,Basavanagudi,12.850584,77.676325,Entire home/apt,Independent House,2024-02-01,2,Winter,3151,187,233,2,0.55,16,3,50416,68,4.8,India,0
48,29558,Basavanagudi,12.850584,77.676325,Entire home/apt,Independent House,2024-03-01,3,Spring,3482,187,233,2,0.46,14,2,48748,169,4.4,India,0
48,29558,Basavanagudi,12.850584,77.676325,Entire home/apt,Independent House,2024-04-01,4,Spring,3281,187,233,2,0.73,22,4,72182,189,4.5,India,0
48,29558,Basavanagudi,12.850584,77.676325,Entire home/apt,Independent House,2024-05-01,5,Spring,3508,187,233,2,0.56,17,3,59636,97,4.2,India,0
48,29558,Basavanagudi,12.850584,77.676325,Entire home/apt,Independent House,2024-06-01,6,Summer,2826,187,233,2,0.3,9,2,25434,309,3.9,India,0
48,29558,Basavanagudi,12.850584,77.676325,Entire home/apt,Independent House,2024-07-01,7,Monsoon,2868,187,233,2,0.65,20,4,57360,96,3.9,Germany,0
48,29558,Basavanagudi,12.850584,77.676325,Entire home/apt,Independent House,2024-08-01,8,Monsoon,2994,187,233,2,0.5,16,3,47904,343,4.6,India,0
48,29558,Basavanagudi,12.850584,77.676325,Entire home/apt,Independent House,2024-09-01,9,Autumn,3450,187,233,2,0.71,21,2,72450,170,4.4,India,0
48,29558,Basavanagudi,12.850584,77.676325,Entire home/apt,Independent House,2024-10-01,10,Autumn,2950,187,233,2,0.25,8,4,23600,108,4.2,UAE,0
48,29558,Basavanagudi,12.850584,77.676325,Entire home/apt,Independent House,2024-11-01,11,Winter,3086,187,233,2,0.42,13,2,40118,245,4.4,UAE,0
48,29558,Basavanagudi,12.850584,77.676325,Entire home/apt,Independent House,2024-12-01,12,Winter,3925,187,233,2,0.54,17,3,66725,104,4.2,India,0
49,52154,Basavanagudi,12.852265,77.610095,Entire home/apt,Villa,2024-01-01,1,Winter,4409,366,264,5,0.78,24,2,105816,240,4.5,UK,0
49,52154,Basavanagudi,12.852265,77.610095,Entire home/apt,Villa,2024-02-01,2,Winter,3705,366,264,5,0.68,20,2,74100,160,4.6,India,0
49,52154,Basavanagudi,12.852265,77.610095,Entire home/apt,Villa,2024-03-01,3,Spring,4262,366,264,5,0.61,19,3,80978,113,4.3,USA,0
49,52154,Basavanagudi,12.852265,77.610095,Entire home/apt,Villa,2024-04-01,4,Spring,4144,366,264,5,0.4,12,1,49728,283,4.5,UAE,0
49,52154,Basavanagudi,12.852265,77.610095,Entire home/apt,Villa,2024-05-01,5,Spring,3696,366,264,5,0.54,17,3,62832,213,4.4,India,0
49,52154,Basavanagudi,12.852265,77.610095,Entire home/apt,Villa,2024-06-01,6,Summer,3326,366,264,5,0.49,15,2,49890,117,4.5,India,0
49,52154,Basavanagudi,12.852265,77.610095,Entire home/apt,Villa,2024-07-01,7,Monsoon,3362,366,264,5,0.42,13,4,43706,255,5.0,India,0
49,52154,Basavanagudi,12.852265,77.610095,Entire home/apt,Villa,2024-08-01,8,Monsoon,3158,366,264,5,0.72,22,4,69476,172,4.7,India,0
49,52154,Basavanagudi,12.852265,77.610095,Entire home/apt,Villa,2024-09-01,9,Autumn,3573,366,264,5,0.84,25,4,89325,328,4.0,USA,0
49,52154,Basavanagudi,12.852265,77.610095,Entire home/apt,Villa,2024-10-01,10,Autumn,3885,366,264,5,0.72,22,2,85470,180,4.2,India,0
49,52154,Basavanagudi,12.852265,77.610095,Entire home/apt,Villa,2024-11-01,11,Winter,3980,366,264,5,0.53,16,2,63680,277,4.6,Netherlands,0
49,52154,Basavanagudi,12.852265,77.610095,Entire home/apt,Villa,2024-12-01,12,Winter,4679,366,264,5,0.55,17,5,79543,268,4.8,India,0
50,97584,Koramangala,13.005736,77.573718,Private room,Independent House,2024-01-01,1,Winter,5825,37,114,2,0.34,11,1,64075,258,4.9,India,1
50,97584,Koramangala,13.005736,77.573718,Private room,Independent House,2024-02-01,2,Winter,4677,37,114,2,0.42,12,3,56124,315,4.3,UAE,0
50,97584,Koramangala,13.005736,77.573718,Private room,Independent House,2024-03-01,3,Spring,4676,37,114,2,0.55,17,3,79492,8,4.4,India,0
50,97584,Koramangala,13.005736,77.573718,Private room,Independent House,2024-04-01,4,Spring,5052,37,114,2,0.78,23,3,116196,6,5.0,India,0
50,97584,Koramangala,13.005736,77.573718,Private room,Independent House,2024-05-01,5,Spring,4340,37,114,2,0.55,17,3,73780,274,3.8,Netherlands,0
50,97584,Koramangala,13.005736,77.573718,Private room,Independent House,2024-06-01,6,Summer,4291,37,114,2,0.73,22,1,94402,345,5.0,India,0
50,97584,Koramangala,13.005736,77.573718,Private room,Independent House,2024-07-01,7,Monsoon,3760,37,114,2,0.5,16,4,60160,91,4.5,India,0
50,97584,Koramangala,13.005736,77.573718,Private room,Independent House,2024-08-01,8,Monsoon,4062,37,114,2,0.46,14,1,56868,76,4.7,India,0
50,97584,Koramangala,13.005736,77.573718,Private room,Independent House,2024-09-01,9,Autumn,4358,37,114,2,0.58,17,3,74086,129,4.7,Germany,0
50,97584,Koramangala,13.005736,77.573718,Private room,Independent House,2024-10-01,10,Autumn,4453,37,114,2,0.52,16,2,71248,203,4.5,India,0
50,97584,Koramangala,13.005736,77.573718,Private room,Independent House,2024-11-01,11,Winter,4435,37,114,2,0.53,16,2,70960,124,4.4,Netherlands,0
50,97584,Koramangala,13.005736,77.573718,Private room,Independent House,2024-12-01,12,Winter,5884,37,114,2,0.67,21,2,123564,350,4.4,France,0
51,95182,Koramangala,12.7374,77.563779,Entire home/apt,Apartment,2024-01-01,1,Winter,5654,249,84,2,0.64,20,1,113080,222,4.5,India,0
51,95182,Koramangala,12.7374,77.563779,Entire home/apt,Apartment,2024-02-01,2,Winter,4425,249,84,2,0.35,10,5,44250,48,4.0,UAE,0
51,95182,Koramangala,12.7374,77.563779,Entire home/apt,Apartment,2024-03-01,3,Spring,4531,249,84,2,0.61,19,4,86089,117,5.0,India,0
51,95182,Koramangala,12.7374,77.563779,Entire home/apt,Apartment,2024-04-01,4,Spring,5215,249,84,2,0.68,20,4,104300,290,4.7,India,0
51,95182,Koramangala,12.7374,77.563779,Entire home/apt,Apartment,2024-05-01,5,Spring,3976,249,84,2,0.5,16,1,63616,38,4.2,India,0
51,95182,Koramangala,12.7374,77.563779,Entire home/apt,Apartment,2024-06-01,6,Summer,4212,249,84,2,0.56,17,2,71604,278,4.3,India,0
51,95182,Koramangala,12.7374,77.563779,Entire home/apt,Apartment,2024-07-01,7,Monsoon,3507,249,84,2,0.7,22,1,77154,161,4.1,India,0
51,95182,Koramangala,12.7374,77.563779,Entire home/apt,Apartment,2024-08-01,8,Monsoon,3949,249,84,2,0.9,28,2,110572,73,4.1,UK,0
51,95182,Koramangala,12.7374,77.563779,Entire home/apt,Apartment,2024-09-01,9,Autumn,3830,249,84,2,0.54,16,3,61280,203,4.9,UAE,0
51,95182,Koramangala,12.7374,77.563779,Entire home/apt,Apartment,2024-10-01,10,Autumn,4727,249,84,2,0.4,12,2,56724,288,4.7,India,0
51,95182,Koramangala,12.7374,77.563779,Entire home/apt,Apartment,2024-11-01,11,Winter,4243,249,84,2,0.57,17,2,72131,276,5.0,India,0
51,95182,Koramangala,12.7374,77.563779,Entire home/apt,Apartment,2024-12-01,12,Winter,5120,249,84,2,0.62,19,3,97280,71,4.7,Germany,0
52,20279,Brigade Road,12.998183,77.553758,Entire home/apt,Independent House,2024-01-01,1,Winter,6063,314,118,3,0.51,16,3,97008,314,4.6,Canada,0
52,20279,Brigade Road,12.998183,77.553758,Entire home/apt,Independent House,2024-02-01,2,Winter,4734,314,118,3,0.66,19,3,89946,15,4.4,India,0
52,20279,Brigade Road,12.998183,77.553758,Entire home/apt,Independent House,2024-03-01,3,Spring,5357,314,118,3,0.57,18,3,96426,230,5.0,India,0
52,20279,Brigade Road,12.998183,77.553758,Entire home/apt,Independent House,2024-04-01,4,Spring,5272,314,118,3,0.31,9,2,47448,192,5.0,India,0
52,20279,Brigade Road,12.998183,77.553758,Entire home/apt,Independent House,2024-05-01,5,Spring,4621,314,118,3,0.47,15,3,69315,338,4.3,India,0
52,20279,Brigade Road,12.998183,77.553758,Entire home/apt,Independent House,2024-06-01,6,Summer,5076,314,118,3,0.25,8,3,40608,151,5.0,Germany,0
52,20279,Brigade Road,12.998183,77.553758,Entire home/apt,Independent House,2024-07-01,7,Monsoon,4532,314,118,3,0.6,19,3,86108,42,4.5,India,0
52,20279,Brigade Road,12.998183,77.553758,Entire home/apt,Independent House,2024-08-01,8,Monsoon,4378,314,118,3,0.65,20,2,87560,324,4.8,India,0
52,20279,Brigade Road,12.998183,77.553758,Entire home/apt,Independent House,2024-09-01,9,Autumn,4913,314,118,3,0.58,17,2,83521,184,4.4,India,0
52,20279,Brigade Road,12.998183,77.553758,Entire home/apt,Independent House,2024-10-01,10,Autumn,4772,314,118,3,0.54,17,1,81124,157,5.0,India,0
52,20279,Brigade Road,12.998183,77.553758,Entire home/apt,Independent House,2024-11-01,11,Winter,4920,314,118,3,0.13,4,2,19680,44,4.8,India,0
52,20279,Brigade Road,12.998183,77.553758,Entire home/apt,Independent House,2024-12-01,12,Winter,6040,314,118,3,0.57,18,2,108720,284,4.3,India,0
53,21746,Rajajinagar,12.921688,77.629077,Private room,Serviced Apartment,2024-01-01,1,Winter,5906,442,86,3,0.6,19,2,112214,43,4.1,USA,0
53,21746,Rajajinagar,12.921688,77.629077,Private room,Serviced Apartment,2024-02-01,2,Winter,4573,442,86,3,0.45,13,5,59449,124,4.8,India,0
53,21746,Rajajinagar,12.921688,77.629077,Private room,Serviced Apartment,2024-03-01,3,Spring,5522,442,86,3,0.62,19,2,104918,194,4.8,India,0
53,21746,Rajajinagar,12.921688,77.629077,Private room,Serviced Apartment,2024-04-01,4,Spring,5435,442,86,3,0.45,14,2,76090,137,4.7,India,0
53,21746,Rajajinagar,12.921688,77.629077,Private room,Serviced Apartment,2024-05-01,5,Spring,5008,442,86,3,0.66,20,1,100160,222,5.0,India,0
53,21746,Rajajinagar,12.921688,77.629077,Private room,Serviced Apartment,2024-06-01,6,Summer,4989,442,86,3,0.6,18,2,89802,39,4.9,India,0
53,21746,Rajajinagar,12.921688,77.629077,Private room,Serviced Apartment,2024-07-01,7,Monsoon,4358,442,86,3,0.41,13,4,56654,320,4.4,India,0
53,21746,Rajajinagar,12.921688,77.629077,Private room,Serviced Apartment,2024-08-01,8,Monsoon,4215,442,86,3,0.44,14,3,59010,234,4.4,India,0
53,21746,Rajajinagar,12.921688,77.629077,Private room,Serviced Apartment,2024-09-01,9,Autumn,4690,442,86,3,0.5,15,2,70350,202,3.7,India,0
53,21746,Rajajinagar,12.921688,77.629077,Private room,Serviced Apartment,2024-10-01,10,Autumn,4890,442,86,3,0.54,17,3,83130,168,4.2,India,0
53,21746,Rajajinagar,12.921688,77.629077,Private room,Serviced Apartment,2024-11-01,11,Winter,4979,442,86,3,0.68,20,4,99580,333,3.9,Netherlands,0
53,21746,Rajajinagar,12.921688,77.629077,Private room,Serviced Apartment,2024-12-01,12,Winter,5908,442,86,3,0.43,13,2,76804,164,4.1,India,0
54,72784,Yeshwanthpur,12.771055,77.569472,Entire home/apt,Serviced Apartment,2024-01-01,1,Winter,5566,270,204,3,0.26,8,2,44528,201,4.8,India,0
54,72784,Yeshwanthpur,12.771055,77.569472,Entire home/apt,Serviced Apartment,2024-02-01,2,Winter,4248,270,204,3,0.57,17,2,72216,279,4.6,India,0
54,72784,Yeshwanthpur,12.771055,77.569472,Entire home/apt,Serviced Apartment,2024-03-01,3,Spring,5216,270,204,3,0.36,11,3,57376,13,3.3,Canada,0
54,72784,Yeshwanthpur,12.771055,77.569472,Entire home/apt,Serviced Apartment,2024-04-01,4,Spring,4980,270,204,3,0.83,25,2,124500,107,5.0,India,0
54,72784,Yeshwanthpur,12.771055,77.569472,Entire home/apt,Serviced Apartment,2024-05-01,5,Spring,4536,270,204,3,0.48,15,2,68040,35,4.8,Germany,0
54,72784,Yeshwanthpur,12.771055,77.569472,Entire home/apt,Serviced Apartment,2024-06-01,6,Summer,4301,270,204,3,0.63,19,3,81719,209,4.7,India,0
54,72784,Yeshwanthpur,12.771055,77.569472,Entire home/apt,Serviced Apartment,2024-07-01,7,Monsoon,4257,270,204,3,0.97,30,2,127710,155,4.7,India,0
54,72784,Yeshwanthpur,12.771055,77.569472,Entire home/apt,Serviced Apartment,2024-08-01,8,Monsoon,3944,270,204,3,0.55,17,3,67048,216,3.8,UK,0
54,72784,Yeshwanthpur,12.771055,77.569472,Entire home/apt,Serviced Apartment,2024-09-01,9,Autumn,4357,270,204,3,0.5,15,1,65355,306,4.3,India,0
54,72784,Yeshwanthpur,12.771055,77.569472,Entire home/apt,Serviced Apartment,2024-10-01,10,Autumn,4525,270,204,3,0.43,13,2,58825,259,4.9,UAE,0
54,72784,Yeshwanthpur,12.771055,77.569472,Entire home/apt,Serviced Apartment,2024-11-01,11,Winter,4495,270,204,3,0.56,17,2,76415,18,4.4,Germany,0
54,72784,Yeshwanthpur,12.771055,77.569472,Entire home/apt,Serviced Apartment,2024-12-01,12,Winter,5649,270,204,3,0.68,21,2,118629,274,4.2,India,0
55,24335,Frazer Town,12.963041,77.556503,Entire home/apt,Apartment,2024-01-01,1,Winter,3118,254,284,3,0.48,15,5,46770,220,4.3,India,0
55,24335,Frazer Town,12.963041,77.556503,Entire home/apt,Apartment,2024-02-01,2,Winter,2884,254,284,3,0.64,19,2,54796,265,4.6,India,0
55,24335,Frazer Town,12.963041,77.556503,Entire home/apt,Apartment,2024-03-01,3,Spring,3151,254,284,3,0.58,18,3,56718,113,4.7,India,0
55,24335,Frazer Town,12.963041,77.556503,Entire home/apt,Apartment,2024-04-01,4,Spring,2961,254,284,3,0.64,19,2,56259,347,4.3,India,0
55,24335,Frazer Town,12.963041,77.556503,Entire home/apt,Apartment,2024-05-01,5,Spring,2223,254,284,3,0.58,18,3,40014,176,5.0,Netherlands,0
55,24335,Frazer Town,12.963041,77.556503,Entire home/apt,Apartment,2024-06-01,6,Summer,2895,254,284,3,0.74,22,2,63690,151,5.0,India,0
55,24335,Frazer Town,12.963041,77.556503,Entire home/apt,Apartment,2024-07-01,7,Monsoon,2456,254,284,3,0.63,20,5,49120,59,4.3,France,0
55,24335,Frazer Town,12.963041,77.556503,Entire home/apt,Apartment,2024-08-01,8,Monsoon,2376,254,284,3,0.69,21,3,49896,178,5.0,India,0
55,24335,Frazer Town,12.963041,77.556503,Entire home/apt,Apartment,2024-09-01,9,Autumn,2683,254,284,3,0.53,16,2,42928,105,4.5,India,0
55,24335,Frazer Town,12.963041,77.556503,Entire home/apt,Apartment,2024-10-01,10,Autumn,2830,254,284,3,0.38,12,2,33960,49,3.6,India,0
55,24335,Frazer Town,12.963041,77.556503,Entire home/apt,Apartment,2024-11-01,11,Winter,2600,254,284,3,0.42,13,2,33800,153,4.3,India,0
55,24335,Frazer Town,12.963041,77.556503,Entire home/apt,Apartment,2024-12-01,12,Winter,3358,254,284,3,0.53,16,3,53728,11,5.0,Australia,0
56,98754,HSR Layout,13.071969,77.672147,Entire home/apt,Studio,2024-01-01,1,Winter,4989,345,161,3,0.36,11,3,54879,236,4.9,India,0
56,98754,HSR Layout,13.071969,77.672147,Entire home/apt,Studio,2024-02-01,2,Winter,3877,345,161,3,0.63,18,2,69786,327,4.1,India,0
56,98754,HSR Layout,13.071969,77.672147,Entire home/apt,Studio,2024-03-01,3,Spring,3971,345,161,3,0.65,20,2,79420,314,4.7,Singapore,0
56,98754,HSR Layout,13.071969,77.672147,Entire home/apt,Studio,2024-04-01,4,Spring,4101,345,161,3,0.4,12,2,49212,219,5.0,India,0
56,98754,HSR Layout,13.071969,77.672147,Entire home/apt,Studio,2024-05-01,5,Spring,3655,345,161,3,0.77,24,3,87720,105,4.1,India,0
56,98754,HSR Layout,13.071969,77.672147,Entire home/apt,Studio,2024-06-01,6,Summer,4019,345,161,3,0.48,14,3,56266,32,4.7,India,0
56,98754,HSR Layout,13.071969,77.672147,Entire home/apt,Studio,2024-07-01,7,Monsoon,3394,345,161,3,0.5,16,3,54304,274,4.5,India,0
56,98754,HSR Layout,13.071969,77.672147,Entire home/apt,Studio,2024-08-01,8,Monsoon,3302,345,161,3,0.64,20,2,66040,234,4.3,India,0
56,98754,HSR Layout,13.071969,77.672147,Entire home/apt,Studio,2024-09-01,9,Autumn,3847,345,161,3,0.38,11,3,42317,250,3.5,India,0
56,98754,HSR Layout,13.071969,77.672147,Entire home/apt,Studio,2024-10-01,10,Autumn,3854,345,161,3,0.89,28,3,107912,305,4.8,India,0
56,98754,HSR Layout,13.071969,77.672147,Entire home/apt,Studio,2024-11-01,11,Winter,3889,345,161,3,0.49,15,2,58335,180,4.5,Australia,0
56,98754,HSR Layout,13.071969,77.672147,Entire home/apt,Studio,2024-12-01,12,Winter,4974,345,161,3,0.35,11,3,54714,344,4.9,USA,0
57,90541,Ulsoor,12.733901,77.490184,Entire home/apt,Villa,2024-01-01,1,Winter,5534,407,139,2,0.55,17,2,94078,72,4.8,India,0
57,90541,Ulsoor,12.733901,77.490184,Entire home/apt,Villa,2024-02-01,2,Winter,4476,407,139,2,0.49,14,2,62664,196,4.3,India,0
57,90541,Ulsoor,12.733901,77.490184,Entire home/apt,Villa,2024-03-01,3,Spring,4813,407,139,2,0.78,24,2,115512,275,4.0,India,0
57,90541,Ulsoor,12.733901,77.490184,Entire home/apt,Villa,2024-04-01,4,Spring,4500,407,139,2,0.57,17,3,76500,88,4.5,India,0
57,90541,Ulsoor,12.733901,77.490184,Entire home/apt,Villa,2024-05-01,5,Spring,4392,407,139,2,0.58,18,2,79056,71,4.4,India,0
57,90541,Ulsoor,12.733901,77.490184,Entire home/apt,Villa,2024-06-01,6,Summer,4655,407,139,2,0.3,9,4,41895,317,4.2,India,0
57,90541,Ulsoor,12.733901,77.490184,Entire home/apt,Villa,2024-07-01,7,Monsoon,3902,407,139,2,0.3,9,2,35118,4,4.4,India,0
57,90541,Ulsoor,12.733901,77.490184,Entire home/apt,Villa,2024-08-01,8,Monsoon,4254,407,139,2,0.55,17,2,72318,196,4.6,Canada,0
57,90541,Ulsoor,12.733901,77.490184,Entire home/apt,Villa,2024-09-01,9,Autumn,4106,407,139,2,0.45,14,3,57484,253,4.3,India,0
57,90541,Ulsoor,12.733901,77.490184,Entire home/apt,Villa,2024-10-01,10,Autumn,4295,407,139,2,0.74,23,2,98785,227,4.7,India,0
57,90541,Ulsoor,12.733901,77.490184,Entire home/apt,Villa,2024-11-01,11,Winter,4136,407,139,2,0.58,17,1,70312,112,4.7,India,0
57,90541,Ulsoor,12.733901,77.490184,Entire home/apt,Villa,2024-12-01,12,Winter,5675,407,139,2,0.78,24,2,136200,275,4.1,India,0
58,84140,Marathahalli,12.91989,77.483963,Entire home/apt,Studio,2024-01-01,1,Winter,3111,111,267,1,0.66,20,3,62220,225,4.9,India,0
58,84140,Marathahalli,12.91989,77.483963,Entire home/apt,Studio,2024-02-01,2,Winter,2511,111,267,1,0.54,16,2,40176,334,4.6,UK,0
58,84140,Marathahalli,12.91989,77.483963,Entire home/apt,Studio,2024-03-01,3,Spring,2611,111,267,1,0.9,28,2,73108,16,3.9,India,0
58,84140,Marathahalli,12.91989,77.483963,Entire home/apt,Studio,2024-04-01,4,Spring,2814,111,267,1,0.89,27,2,75978,44,4.5,India,0
58,84140,Marathahalli,12.91989,77.483963,Entire home/apt,Studio,2024-05-01,5,Spring,2488,111,267,1,0.53,16,5,39808,121,4.4,India,0
58,84140,Marathahalli,12.91989,77.483963,Entire home/apt,Studio,2024-06-01,6,Summer,2800,111,267,1,0.25,8,3,22400,179,5.0,Singapore,0
58,84140,Marathahalli,12.91989,77.483963,Entire home/apt,Studio,2024-07-01,7,Monsoon,1989,111,267,1,0.55,17,3,33813,219,4.3,India,0
58,84140,Marathahalli,12.91989,77.483963,Entire home/apt,Studio,2024-08-01,8,Monsoon,2390,111,267,1,0.35,11,2,26290,105,4.7,Germany,0
58,84140,Marathahalli,12.91989,77.483963,Entire home/apt,Studio,2024-09-01,9,Autumn,2930,111,267,1,0.38,11,4,32230,291,4.6,India,0
58,84140,Marathahalli,12.91989,77.483963,Entire home/apt,Studio,2024-10-01,10,Autumn,2394,111,267,1,0.65,20,2,47880,275,4.5,India,0
58,84140,Marathahalli,12.91989,77.483963,Entire home/apt,Studio,2024-11-01,11,Winter,2398,111,267,1,0.66,20,2,47960,293,5.0,India,0
58,84140,Marathahalli,12.91989,77.483963,Entire home/apt,Studio,2024-12-01,12,Winter,3119,111,267,1,0.69,21,4,65499,347,4.0,Germany,0
59,63948,Koramangala,13.096994,77.710114,Entire home/apt,Independent House,2024-01-01,1,Winter,3236,370,207,2,0.64,20,3,64720,126,4.4,UK,0
59,63948,Koramangala,13.096994,77.710114,Entire home/apt,Independent House,2024-02-01,2,Winter,2352,370,207,2,0.4,12,2,28224,295,4.7,India,0
59,63948,Koramangala,13.096994,77.710114,Entire home/apt,Independent House,2024-03-01,3,Spring,2763,370,207,2,0.52,16,3,44208,192,4.3,India,0
59,63948,Koramangala,13.096994,77.710114,Entire home/apt,Independent House,2024-04-01,4,Spring,2640,370,207,2,0.52,16,3,42240,47,4.5,India,0
59,63948,Koramangala,13.096994,77.710114,Entire home/apt,Independent House,2024-05-01,5,Spring,2771,370,207,2,0.55,17,3,47107,188,4.4,India,0
59,63948,Koramangala,13.096994,77.710114,Entire home/apt,Independent House,2024-06-01,6,Summer,2223,370,207,2,0.7,21,2,46683,297,4.4,India,0
59,63948,Koramangala,13.096994,77.710114,Entire home/apt,Independent House,2024-07-01,7,Monsoon,1987,370,207,2,0.78,24,3,47688,47,5.0,USA,0
59,63948,Koramangala,13.096994,77.710114,Entire home/apt,Independent House,2024-08-01,8,Monsoon,1996,370,207,2,0.31,10,2,19960,340,4.9,India,0
59,63948,Koramangala,13.096994,77.710114,Entire home/apt,Independent House,2024-09-01,9,Autumn,2216,370,207,2,0.7,21,4,46536,273,3.7,India,0
59,63948,Koramangala,13.096994,77.710114,Entire home/apt,Independent House,2024-10-01,10,Autumn,2530,370,207,2,0.4,12,5,30360,108,4.8,India,0
59,63948,Koramangala,13.096994,77.710114,Entire home/apt,Independent House,2024-11-01,11,Winter,2354,370,207,2,0.44,13,2,30602,280,4.3,India,0
59,63948,Koramangala,13.096994,77.710114,Entire home/apt,Independent House,2024-12-01,12,Winter,3077,370,207,2,0.6,19,3,58463,248,4.7,UK,0
60,16345,Koramangala,12.73983,77.685167,Entire home/apt,Apartment,2024-01-01,1,Winter,7661,65,160,5,0.6,19,2,145559,219,4.1,India,0
60,16345,Koramangala,12.73983,77.685167,Entire home/apt,Apartment,2024-02-01,2,Winter,5605,65,160,5,0.56,16,2,89680,332,4.9,India,0
60,16345,Koramangala,12.73983,77.685167,Entire home/apt,Apartment,2024-03-01,3,Spring,6433,65,160,5,0.81,25,4,160825,140,3.9,India,0
60,16345,Koramangala,12.73983,77.685167,Entire home/apt,Apartment,2024-04-01,4,Spring,6456,65,160,5,0.4,12,2,77472,42,4.6,India,0
60,16345,Koramangala,12.73983,77.685167,Entire home/apt,Apartment,2024-05-01,5,Spring,6048,65,160,5,0.52,16,4,96768,84,3.5,India,0
60,16345,Koramangala,12.73983,77.685167,Entire home/apt,Apartment,2024-06-01,6,Summer,5910,65,160,5,0.65,20,3,118200,119,4.7,India,0
60,16345,Koramangala,12.73983,77.685167,Entire home/apt,Apartment,2024-07-01,7,Monsoon,5530,65,160,5,0.43,13,1,71890,48,4.8,India,0
60,16345,Koramangala,12.73983,77.685167,Entire home/apt,Apartment,2024-08-01,8,Monsoon,5521,65,160,5,0.32,10,2,55210,67,4.6,India,0
60,16345,Koramangala,12.73983,77.685167,Entire home/apt,Apartment,2024-09-01,9,Autumn,5771,65,160,5,0.57,17,3,98107,227,4.6,India,0
60,16345,Koramangala,12.73983,77.685167,Entire home/apt,Apartment,2024-10-01,10,Autumn,5774,65,160,5,0.48,15,3,86610,61,4.5,Netherlands,0
60,16345,Koramangala,12.73983,77.685167,Entire home/apt,Apartment,2024-11-01,11,Winter,5654,65,160,5,0.42,13,2,73502,36,4.8,India,0
60,16345,Koramangala,12.73983,77.685167,Entire home/apt,Apartment,2024-12-01,12,Winter,7109,65,160,5,0.69,21,1,149289,52,4.7,India,0
61,49223,Jayanagar,12.853088,77.69401,Private room,Independent House,2024-01-01,1,Winter,2024,198,115,1,0.4,12,3,24288,84,4.3,India,0
61,49223,Jayanagar,12.853088,77.69401,Private room,Independent House,2024-02-01,2,Winter,1521,198,115,1,0.66,19,3,28899,77,4.4,UAE,0
61,49223,Jayanagar,12.853088,77.69401,Private room,Independent House,2024-03-01,3,Spring,1452,198,115,1,0.76,24,3,34848,226,5.0,Australia,0
61,49223,Jayanagar,12.853088,77.69401,Private room,Independent House,2024-04-01,4,Spring,1766,198,115,1,0.56,17,1,30022,51,4.2,India,0
61,49223,Jayanagar,12.853088,77.69401,Private room,Independent House,2024-05-01,5,Spring,1263,198,115,1,0.62,19,2,23997,196,4.7,India,0
61,49223,Jayanagar,12.853088,77.69401,Private room,Independent House,2024-06-01,6,Summer,1709,198,115,1,0.64,19,2,32471,71,3.9,India,0
61,49223,Jayanagar,12.853088,77.69401,Private room,Independent House,2024-07-01,7,Monsoon,1496,198,115,1,0.39,12,3,17952,127,4.3,India,0
61,49223,Jayanagar,12.853088,77.69401,Private room,Independent House,2024-08-01,8,Monsoon,1336,198,115,1,0.84,26,3,34736,311,5.0,India,0
61,49223,Jayanagar,12.853088,77.69401,Private room,Independent House,2024-09-01,9,Autumn,1550,198,115,1,0.52,16,4,24800,13,4.7,Australia,0
61,49223,Jayanagar,12.853088,77.69401,Private room,Independent House,2024-10-01,10,Autumn,1606,198,115,1,0.49,15,3,24090,154,5.0,India,0
61,49223,Jayanagar,12.853088,77.69401,Private room,Independent House,2024-11-01,11,Winter,1475,198,115,1,0.62,19,2,28025,200,4.8,India,0
61,49223,Jayanagar,12.853088,77.69401,Private room,Independent House,2024-12-01,12,Winter,1870,198,115,1,0.67,21,1,39270,122,4.3,India,0
62,75481,Richmond Town,12.728405,77.716617,Entire home/apt,Villa,2024-01-01,1,Winter,3624,134,242,2,0.65,20,2,72480,291,4.7,India,0
62,75481,Richmond Town,12.728405,77.716617,Entire home/apt,Villa,2024-02-01,2,Winter,3164,134,242,2,0.53,15,2,47460,241,4.8,Canada,0
62,75481,Richmond Town,12.728405,77.716617,Entire home/apt,Villa,2024-03-01,3,Spring,2895,134,242,2,0.47,15,3,43425,8,4.8,India,0
62,75481,Richmond Town,12.728405,77.716617,Entire home/apt,Villa,2024-04-01,4,Spring,3282,134,242,2,0.48,14,1,45948,110,4.5,India,0
62,75481,Richmond Town,12.728405,77.716617,Entire home/apt,Villa,2024-05-01,5,Spring,2527,134,242,2,0.48,15,1,37905,203,4.9,India,0
62,75481,Richmond Town,12.728405,77.716617,Entire home/apt,Villa,2024-06-01,6,Summer,2945,134,242,2,0.6,18,3,53010,256,4.5,UK,0
62,75481,Richmond Town,12.728405,77.716617,Entire home/apt,Villa,2024-07-01,7,Monsoon,2548,134,242,2,0.43,13,2,33124,205,4.8,India,0
62,75481,Richmond Town,12.728405,77.716617,Entire home/apt,Villa,2024-08-01,8,Monsoon,2631,134,242,2,0.6,19,3,49989,315,4.3,India,0
62,75481,Richmond Town,12.728405,77.716617,Entire home/apt,Villa,2024-09-01,9,Autumn,2400,134,242,2,0.69,21,1,50400,40,4.3,India,0
62,75481,Richmond Town,12.728405,77.716617,Entire home/apt,Villa,2024-10-01,10,Autumn,2658,134,242,2,0.63,20,2,53160,79,4.3,India,0
62,75481,Richmond Town,12.728405,77.716617,Entire home/apt,Villa,2024-11-01,11,Winter,3041,134,242,2,0.62,19,3,57779,332,4.8,India,0
62,75481,Richmond Town,12.728405,77.716617,Entire home/apt,Villa,2024-12-01,12,Winter,3264,134,242,2,0.71,22,1,71808,223,4.6,USA,0
63,17589,Frazer Town,12.734485,77.580345,Entire home/apt,Studio,2024-01-01,1,Winter,3465,321,108,3,0.66,20,3,69300,336,4.1,USA,0
63,17589,Frazer Town,12.734485,77.580345,Entire home/apt,Studio,2024-02-01,2,Winter,2786,321,108,3,0.37,11,3,30646,5,4.9,India,0
63,17589,Frazer Town,12.734485,77.580345,Entire home/apt,Studio,2024-03-01,3,Spring,3236,321,108,3,0.83,26,5,84136,267,4.3,India,0
63,17589,Frazer Town,12.734485,77.580345,Entire home/apt,Studio,2024-04-01,4,Spring,3020,321,108,3,0.43,13,4,39260,132,5.0,India,0
63,17589,Frazer Town,12.734485,77.580345,Entire home/apt,Studio,2024-05-01,5,Spring,3025,321,108,3,0.52,16,2,48400,137,4.6,USA,0
63,17589,Frazer Town,12.734485,77.580345,Entire home/apt,Studio,2024-06-01,6,Summer,3156,321,108,3,0.77,23,2,72588,15,5.0,India,0
63,17589,Frazer Town,12.734485,77.580345,Entire home/apt,Studio,2024-07-01,7,Monsoon,2679,321,108,3,0.4,12,2,32148,268,4.3,India,0
63,17589,Frazer Town,12.734485,77.580345,Entire home/apt,Studio,2024-08-01,8,Monsoon,2802,321,108,3,0.46,14,3,39228,295,4.1,India,0
63,17589,Frazer Town,12.734485,77.580345,Entire home/apt,Studio,2024-09-01,9,Autumn,3124,321,108,3,0.59,18,2,56232,261,4.5,India,0
63,17589,Frazer Town,12.734485,77.580345,Entire home/apt,Studio,2024-10-01,10,Autumn,2905,321,108,3,0.57,18,2,52290,290,4.1,India,0
63,17589,Frazer Town,12.734485,77.580345,Entire home/apt,Studio,2024-11-01,11,Winter,3234,321,108,3,0.76,23,3,74382,293,3.8,India,0
63,17589,Frazer Town,12.734485,77.580345,Entire home/apt,Studio,2024-12-01,12,Winter,3635,321,108,3,0.38,12,2,43620,260,4.2,India,0
64,11610,Frazer Town,12.718393,77.559193,Private room,Independent House,2024-01-01,1,Winter,4064,82,98,5,0.45,14,2,56896,127,4.6,India,0
64,11610,Frazer Town,12.718393,77.559193,Private room,Independent House,2024-02-01,2,Winter,3412,82,98,5,0.49,14,2,47768,39,4.6,India,0
64,11610,Frazer Town,12.718393,77.559193,Private room,Independent House,2024-03-01,3,Spring,3629,82,98,5,0.56,17,2,61693,344,5.0,UAE,0
64,11610,Frazer Town,12.718393,77.559193,Private room,Independent House,2024-04-01,4,Spring,4006,82,98,5,0.41,12,2,48072,264,4.8,Netherlands,0
64,11610,Frazer Town,12.718393,77.559193,Private room,Independent House,2024-05-01,5,Spring,3561,82,98,5,0.43,13,5,46293,35,4.8,Singapore,0
64,11610,Frazer Town,12.718393,77.559193,Private room,Independent House,2024-06-01,6,Summer,3706,82,98,5,0.43,13,4,48178,159,4.1,India,0
64,11610,Frazer Town,12.718393,77.559193,Private room,Independent House,2024-07-01,7,Monsoon,3262,82,98,5,0.64,20,3,65240,4,4.7,India,0
64,11610,Frazer Town,12.718393,77.559193,Private room,Independent House,2024-08-01,8,Monsoon,3127,82,98,5,0.66,20,2,62540,155,4.0,USA,0
64,11610,Frazer Town,12.718393,77.559193,Private room,Independent House,2024-09-01,9,Autumn,3608,82,98,5,0.78,23,2,82984,188,4.4,India,0
64,11610,Frazer Town,12.718393,77.559193,Private room,Independent House,2024-10-01,10,Autumn,3391,82,98,5,0.37,11,2,37301,100,4.7,USA,0
64,11610,Frazer Town,12.718393,77.559193,Private room,Independent House,2024-11-01,11,Winter,3513,82,98,5,0.59,18,3,63234,77,4.9,India,0
64,11610,Frazer Town,12.718393,77.559193,Private room,Independent House,2024-12-01,12,Winter,4182,82,98,5,0.68,21,2,87822,119,4.1,India,0
65,11257,Yeshwanthpur,12.700585,77.647191,Private room,Villa,2024-01-01,1,Winter,4383,273,133,2,0.5,16,3,70128,121,4.4,India,0
65,11257,Yeshwanthpur,12.700585,77.647191,Private room,Villa,2024-02-01,2,Winter,3636,273,133,2,0.49,14,5,50904,72,3.9,USA,0
65,11257,Yeshwanthpur,12.700585,77.647191,Private room,Villa,2024-03-01,3,Spring,4167,273,133,2,0.76,24,1,100008,118,4.0,UAE,0
65,11257,Yeshwanthpur,12.700585,77.647191,Private room,Villa,2024-04-01,4,Spring,3955,273,133,2,0.48,14,3,55370,190,4.6,India,0
65,11257,Yeshwanthpur,12.700585,77.647191,Private room,Villa,2024-05-01,5,Spring,3529,273,133,2,0.52,16,3,56464,297,4.2,India,0
65,11257,Yeshwanthpur,12.700585,77.647191,Private room,Villa,2024-06-01,6,Summer,3333,273,133,2,0.42,13,2,43329,201,4.2,India,0
65,11257,Yeshwanthpur,12.700585,77.647191,Private room,Villa,2024-07-01,7,Monsoon,3110,273,133,2,0.45,14,3,43540,222,4.8,India,0
65,11257,Yeshwanthpur,12.700585,77.647191,Private room,Villa,2024-08-01,8,Monsoon,3420,273,133,2,0.47,15,2,51300,149,4.6,India,0
65,11257,Yeshwanthpur,12.700585,77.647191,Private room,Villa,2024-09-01,9,Autumn,3570,273,133,2,0.63,19,2,67830,201,4.5,USA,0
65,11257,Yeshwanthpur,12.700585,77.647191,Private room,Villa,2024-10-01,10,Autumn,3619,273,133,2,0.63,20,3,72380,162,4.0,India,0
65,11257,Yeshwanthpur,12.700585,77.647191,Private room,Villa,2024-11-01,11,Winter,3644,273,133,2,0.69,21,4,76524,69,4.2,UK,0
65,11257,Yeshwanthpur,12.700585,77.647191,Private room,Villa,2024-12-01,12,Winter,4345,273,133,2,0.66,20,3,86900,79,4.4,India,0
66,51160,Kalyan Nagar,12.748295,77.557486,Private room,Serviced Apartment,2024-01-01,1,Winter,5826,654,237,5,0.31,10,2,58260,61,4.6,India,0
66,51160,Kalyan Nagar,12.748295,77.557486,Private room,Serviced Apartment,2024-02-01,2,Winter,4931,654,237,5,0.48,14,2,69034,308,5.0,India,0
66,51160,Kalyan Nagar,12.748295,77.557486,Private room,Serviced Apartment,2024-03-01,3,Spring,4998,654,237,5,0.62,19,4,94962,167,4.3,India,0
66,51160,Kalyan Nagar,12.748295,77.557486,Private room,Serviced Apartment,2024-04-01,4,Spring,5608,654,237,5,0.81,24,3,134592,182,4.2,India,0
66,51160,Kalyan Nagar,12.748295,77.557486,Private room,Serviced Apartment,2024-05-01,5,Spring,4678,654,237,5,0.64,20,1,93560,153,4.3,India,0
66,51160,Kalyan Nagar,12.748295,77.557486,Private room,Serviced Apartment,2024-06-01,6,Summer,4778,654,237,5,0.52,16,5,76448,15,3.7,Canada,0
66,51160,Kalyan Nagar,12.748295,77.557486,Private room,Serviced Apartment,2024-07-01,7,Monsoon,4306,654,237,5,0.41,13,4,55978,284,4.3,USA,0
66,51160,Kalyan Nagar,12.748295,77.557486,Private room,Serviced Apartment,2024-08-01,8,Monsoon,4596,654,237,5,0.33,10,2,45960,236,4.8,India,0
66,51160,Kalyan Nagar,12.748295,77.557486,Private room,Serviced Apartment,2024-09-01,9,Autumn,4732,654,237,5,0.47,14,3,66248,62,4.8,India,0
66,51160,Kalyan Nagar,12.748295,77.557486,Private room,Serviced Apartment,2024-10-01,10,Autumn,4855,654,237,5,0.6,19,4,92245,113,4.9,India,0
66,51160,Kalyan Nagar,12.748295,77.557486,Private room,Serviced Apartment,2024-11-01,11,Winter,4721,654,237,5,0.42,13,2,61373,322,4.1,UAE,0
66,51160,Kalyan Nagar,12.748295,77.557486,Private room,Serviced Apartment,2024-12-01,12,Winter,5818,654,237,5,0.96,30,1,174540,300,5.0,India,0
67,12857,MG Road,12.7791,77.643796,Private room,Apartment,2024-01-01,1,Winter,2443,101,249,1,0.65,20,1,48860,236,4.7,India,0
67,12857,MG Road,12.7791,77.643796,Private room,Apartment,2024-02-01,2,Winter,1828,101,249,1,0.55,16,2,29248,202,4.6,India,0
67,12857,MG Road,12.7791,77.643796,Private room,Apartment,2024-03-01,3,Spring,2082,101,249,1,0.24,7,2,14574,218,4.4,India,0
67,12857,MG Road,12.7791,77.643796,Private room,Apartment,2024-04-01,4,Spring,1895,101,249,1,0.6,18,2,34110,95,5.0,India,0
67,12857,MG Road,12.7791,77.643796,Private room,Apartment,2024-05-01,5,Spring,1951,101,249,1,0.52,16,2,31216,76,4.9,India,0
67,12857,MG Road,12.7791,77.643796,Private room,Apartment,2024-06-01,6,Summer,1974,101,249,1,0.63,19,3,37506,125,4.7,India,0
67,12857,MG Road,12.7791,77.643796,Private room,Apartment,2024-07-01,7,Monsoon,2101,101,249,1,0.4,12,2,25212,281,4.7,India,0
67,12857,MG Road,12.7791,77.643796,Private room,Apartment,2024-08-01,8,Monsoon,1505,101,249,1,0.65,20,1,30100,196,4.1,India,0
67,12857,MG Road,12.7791,77.643796,Private room,Apartment,2024-09-01,9,Autumn,1795,101,249,1,0.53,16,2,28720,269,4.9,India,0
67,12857,MG Road,12.7791,77.643796,Private room,Apartment,2024-10-01,10,Autumn,2061,101,249,1,0.38,12,5,24732,278,4.5,Germany,0
67,12857,MG Road,12.7791,77.643796,Private room,Apartment,2024-11-01,11,Winter,1737,101,249,1,0.38,11,3,19107,183,4.4,India,0
67,12857,MG Road,12.7791,77.643796,Private room,Apartment,2024-12-01,12,Winter,2286,101,249,1,0.94,29,3,66294,176,4.7,UAE,0
68,60905,Bellandur,12.771926,77.545663,Entire home/apt,Villa,2024-01-01,1,Winter,2511,215,109,5,0.9,28,3,70308,299,3.9,Netherlands,0
68,60905,Bellandur,12.771926,77.545663,Entire home/apt,Villa,2024-02-01,2,Winter,1471,215,109,5,0.87,25,2,36775,336,4.7,India,0
68,60905,Bellandur,12.771926,77.545663,Entire home/apt,Villa,2024-03-01,3,Spring,1857,215,109,5,0.67,21,3,38997,28,3.4,UK,0
68,60905,Bellandur,12.771926,77.545663,Entire home/apt,Villa,2024-04-01,4,Spring,2030,215,109,5,0.63,19,4,38570,294,4.9,Australia,0
68,60905,Bellandur,12.771926,77.545663,Entire home/apt,Villa,2024-05-01,5,Spring,1644,215,109,5,0.6,19,3,31236,181,4.1,UAE,0
68,60905,Bellandur,12.771926,77.545663,Entire home/apt,Villa,2024-06-01,6,Summer,1897,215,109,5,0.45,14,5,26558,88,4.3,India,0
68,60905,Bellandur,12.771926,77.545663,Entire home/apt,Villa,2024-07-01,7,Monsoon,1462,215,109,5,0.68,21,3,30702,183,4.8,UAE,0
68,60905,Bellandur,12.771926,77.545663,Entire home/apt,Villa,2024-08-01,8,Monsoon,1615,215,109,5,0.59,18,1,29070,180,3.9,Canada,0
68,60905,Bellandur,12.771926,77.545663,Entire home/apt,Villa,2024-09-01,9,Autumn,1787,215,109,5,0.58,17,3,30379,288,5.0,Canada,0
68,60905,Bellandur,12.771926,77.545663,Entire home/apt,Villa,2024-10-01,10,Autumn,1624,215,109,5,0.81,25,4,40600,252,4.9,India,0
68,60905,Bellandur,12.771926,77.545663,Entire home/apt,Villa,2024-11-01,11,Winter,1902,215,109,5,0.85,26,1,49452,28,4.6,India,0
68,60905,Bellandur,12.771926,77.545663,Entire home/apt,Villa,2024-12-01,12,Winter,2384,215,109,5,0.58,18,2,42912,269,5.0,India,0
69,90495,Hebbal,13.022578,77.552228,Entire home/apt,Villa,2024-01-01,1,Winter,5755,206,110,1,0.48,15,2,86325,72,4.2,UK,0
69,90495,Hebbal,13.022578,77.552228,Entire home/apt,Villa,2024-02-01,2,Winter,4803,206,110,1,0.7,20,4,96060,37,4.3,India,0
69,90495,Hebbal,13.022578,77.552228,Entire home/apt,Villa,2024-03-01,3,Spring,5288,206,110,1,0.52,16,4,84608,202,4.8,India,0
69,90495,Hebbal,13.022578,77.552228,Entire home/apt,Villa,2024-04-01,4,Spring,4847,206,110,1,0.42,13,2,63011,165,4.6,India,0
69,90495,Hebbal,13.022578,77.552228,Entire home/apt,Villa,2024-05-01,5,Spring,5055,206,110,1,0.44,14,2,70770,223,3.7,Germany,0
69,90495,Hebbal,13.022578,77.552228,Entire home/apt,Villa,2024-06-01,6,Summer,4938,206,110,1,0.42,13,5,64194,332,4.0,India,0
69,90495,Hebbal,13.022578,77.552228,Entire home/apt,Villa,2024-07-01,7,Monsoon,4209,206,110,1,0.49,15,3,63135,287,4.3,India,0
69,90495,Hebbal,13.022578,77.552228,Entire home/apt,Villa,2024-08-01,8,Monsoon,3892,206,110,1,0.65,20,4,77840,182,5.0,India,0
69,90495,Hebbal,13.022578,77.552228,Entire home/apt,Villa,2024-09-01,9,Autumn,4945,206,110,1,0.34,10,3,49450,89,4.4,India,0
69,90495,Hebbal,13.022578,77.552228,Entire home/apt,Villa,2024-10-01,10,Autumn,4814,206,110,1,0.6,19,3,91466,150,4.8,India,0
69,90495,Hebbal,13.022578,77.552228,Entire home/apt,Villa,2024-11-01,11,Winter,4669,206,110,1,0.53,16,4,74704,293,4.7,India,0
69,90495,Hebbal,13.022578,77.552228,Entire home/apt,Villa,2024-12-01,12,Winter,6309,206,110,1,0.62,19,5,119871,290,4.8,India,0
70,90134,Frazer Town,12.955859,77.481233,Entire home/apt,Villa,2024-01-01,1,Winter,4581,511,119,2,0.47,15,2,68715,163,5.0,India,0
70,90134,Frazer Town,12.955859,77.481233,Entire home/apt,Villa,2024-02-01,2,Winter,3739,511,119,2,0.53,15,1,56085,343,4.3,India,0
70,90134,Frazer Town,12.955859,77.481233,Entire home/apt,Villa,2024-03-01,3,Spring,4019,511,119,2,0.67,21,4,84399,228,4.6,India,0
70,90134,Frazer Town,12.955859,77.481233,Entire home/apt,Villa,2024-04-01,4,Spring,4022,511,119,2,0.85,26,2,104572,34,4.9,India,0
70,90134,Frazer Town,12.955859,77.481233,Entire home/apt,Villa,2024-05-01,5,Spring,3638,511,119,2,0.74,23,3,83674,0,4.1,India,0
70,90134,Frazer Town,12.955859,77.481233,Entire home/apt,Villa,2024-06-01,6,Summer,3679,511,119,2,0.87,26,2,95654,214,4.4,Canada,0
70,90134,Frazer Town,12.955859,77.481233,Entire home/apt,Villa,2024-07-01,7,Monsoon,3071,511,119,2,0.5,16,4,49136,252,4.1,Singapore,0
70,90134,Frazer Town,12.955859,77.481233,Entire home/apt,Villa,2024-08-01,8,Monsoon,3084,511,119,2,0.54,17,2,52428,192,3.9,India,0
70,90134,Frazer Town,12.955859,77.481233,Entire home/apt,Villa,2024-09-01,9,Autumn,3603,511,119,2,0.74,22,2,79266,295,4.1,India,0
70,90134,Frazer Town,12.955859,77.481233,Entire home/apt,Villa,2024-10-01,10,Autumn,3903,511,119,2,0.68,21,3,81963,83,4.9,India,0
70,90134,Frazer Town,12.955859,77.481233,Entire home/apt,Villa,2024-11-01,11,Winter,3469,511,119,2,0.73,22,1,76318,10,4.1,India,0
70,90134,Frazer Town,12.955859,77.481233,Entire home/apt,Villa,2024-12-01,12,Winter,4678,511,119,2,0.63,20,5,93560,37,4.7,India,0
71,31090,MG Road,12.918819,77.719437,Entire home/apt,Studio,2024-01-01,1,Winter,2730,165,327,1,0.43,13,2,35490,334,4.7,India,0
71,31090,MG Road,12.918819,77.719437,Entire home/apt,Studio,2024-02-01,2,Winter,1816,165,327,1,0.7,20,2,36320,51,4.0,India,0
71,31090,MG Road,12.918819,77.719437,Entire home/apt,Studio,2024-03-01,3,Spring,2407,165,327,1,0.67,21,5,50547,209,4.2,India,0
71,31090,MG Road,12.918819,77.719437,Entire home/apt,Studio,2024-04-01,4,Spring,2413,165,327,1,0.61,18,3,43434,276,4.3,India,0
71,31090,MG Road,12.918819,77.719437,Entire home/apt,Studio,2024-05-01,5,Spring,1888,165,327,1,0.28,9,2,16992,121,4.6,India,0
71,31090,MG Road,12.918819,77.719437,Entire home/apt,Studio,2024-06-01,6,Summer,1777,165,327,1,0.59,18,2,31986,281,4.4,France,0
71,31090,MG Road,12.918819,77.719437,Entire home/apt,Studio,2024-07-01,7,Monsoon,2015,165,327,1,0.53,16,2,32240,184,4.4,India,0
71,31090,MG Road,12.918819,77.719437,Entire home/apt,Studio,2024-08-01,8,Monsoon,2026,165,327,1,0.62,19,1,38494,338,4.6,India,0
71,31090,MG Road,12.918819,77.719437,Entire home/apt,Studio,2024-09-01,9,Autumn,2182,165,327,1,0.34,10,2,21820,49,4.8,India,0
71,31090,MG Road,12.918819,77.719437,Entire home/apt,Studio,2024-10-01,10,Autumn,2211,165,327,1,0.42,13,2,28743,149,4.4,Netherlands,0
71,31090,MG Road,12.918819,77.719437,Entire home/apt,Studio,2024-11-01,11,Winter,2082,165,327,1,0.55,16,2,33312,203,4.6,India,0
71,31090,MG Road,12.918819,77.719437,Entire home/apt,Studio,2024-12-01,12,Winter,2897,165,327,1,0.73,23,4,66631,135,4.0,India,0
72,34232,Rajajinagar,13.054197,77.56082,Entire home/apt,Villa,2024-01-01,1,Winter,5384,499,305,5,0.71,22,2,118448,137,5.0,India,0
72,34232,Rajajinagar,13.054197,77.56082,Entire home/apt,Villa,2024-02-01,2,Winter,4450,499,305,5,0.58,17,3,75650,49,4.9,India,0
72,34232,Rajajinagar,13.054197,77.56082,Entire home/apt,Villa,2024-03-01,3,Spring,4698,499,305,5,0.55,17,2,79866,277,4.4,India,0
72,34232,Rajajinagar,13.054197,77.56082,Entire home/apt,Villa,2024-04-01,4,Spring,4982,499,305,5,0.42,13,3,64766,116,5.0,India,0
72,34232,Rajajinagar,13.054197,77.56082,Entire home/apt,Villa,2024-05-01,5,Spring,4345,499,305,5,0.33,10,4,43450,267,4.6,India,0
72,34232,Rajajinagar,13.054197,77.56082,Entire home/apt,Villa,2024-06-01,6,Summer,3826,499,305,5,0.64,19,3,72694,243,4.9,India,0
72,34232,Rajajinagar,13.054197,77.56082,Entire home/apt,Villa,2024-07-01,7,Monsoon,3703,499,305,5,0.56,17,2,62951,153,5.0,India,0
72,34232,Rajajinagar,13.054197,77.56082,Entire home/apt,Villa,2024-08-01,8,Monsoon,3720,499,305,5,0.38,12,4,44640,17,5.0,India,0
72,34232,Rajajinagar,13.054197,77.56082,Entire home/apt,Villa,2024-09-01,9,Autumn,4638,499,305,5,0.54,16,4,74208,292,4.9,India,0
72,34232,Rajajinagar,13.054197,77.56082,Entire home/apt,Villa,2024-10-01,10,Autumn,4514,499,305,5,0.43,13,3,58682,61,4.3,Canada,0
72,34232,Rajajinagar,13.054197,77.56082,Entire home/apt,Villa,2024-11-01,11,Winter,4492,499,305,5,0.8,24,4,107808,85,4.7,Netherlands,0
72,34232,Rajajinagar,13.054197,77.56082,Entire home/apt,Villa,2024-12-01,12,Winter,5132,499,305,5,0.84,26,4,133432,64,4.3,India,1
73,99538,Kalyan Nagar,12.780768,77.696769,Entire home/apt,Studio,2024-01-01,1,Winter,4181,351,212,3,0.64,20,4,83620,34,4.7,India,0
73,99538,Kalyan Nagar,12.780768,77.696769,Entire home/apt,Studio,2024-02-01,2,Winter,3189,351,212,3,0.52,15,3,47835,141,4.7,India,0
73,99538,Kalyan Nagar,12.780768,77.696769,Entire home/apt,Studio,2024-03-01,3,Spring,2901,351,212,3,0.47,15,4,43515,6,4.6,UK,0
73,99538,Kalyan Nagar,12.780768,77.696769,Entire home/apt,Studio,2024-04-01,4,Spring,3176,351,212,3,0.57,17,3,53992,267,4.4,UK,0
73,99538,Kalyan Nagar,12.780768,77.696769,Entire home/apt,Studio,2024-05-01,5,Spring,3448,351,212,3,0.75,23,2,79304,76,4.3,India,0
73,99538,Kalyan Nagar,12.780768,77.696769,Entire home/apt,Studio,2024-06-01,6,Summer,3067,351,212,3,0.5,15,3,46005,51,4.3,UAE,0
73,99538,Kalyan Nagar,12.780768,77.696769,Entire home/apt,Studio,2024-07-01,7,Monsoon,2826,351,212,3,0.4,12,3,33912,51,4.0,UK,0
73,99538,Kalyan Nagar,12.780768,77.696769,Entire home/apt,Studio,2024-08-01,8,Monsoon,2911,351,212,3,0.61,19,4,55309,176,4.2,Singapore,0
73,99538,Kalyan Nagar,12.780768,77.696769,Entire home/apt,Studio,2024-09-01,9,Autumn,3276,351,212,3,0.42,13,2,42588,335,4.6,India,0
73,99538,Kalyan Nagar,12.780768,77.696769,Entire home/apt,Studio,2024-10-01,10,Autumn,3261,351,212,3,0.51,16,3,52176,19,4.7,India,0
73,99538,Kalyan Nagar,12.780768,77.696769,Entire home/apt,Studio,2024-11-01,11,Winter,2994,351,212,3,0.48,14,3,41916,348,4.4,India,0
73,99538,Kalyan Nagar,12.780768,77.696769,Entire home/apt,Studio,2024-12-01,12,Winter,3722,351,212,3,0.49,15,1,55830,169,3.9,India,1
74,72287,Bellandur,13.058813,77.45607,Private room,Villa,2024-01-01,1,Winter,3586,257,239,3,0.55,17,4,60962,350,4.5,India,0
74,72287,Bellandur,13.058813,77.45607,Private room,Villa,2024-02-01,2,Winter,3005,257,239,3,0.72,21,2,63105,226,4.2,UK,0
74,72287,Bellandur,13.058813,77.45607,Private room,Villa,2024-03-01,3,Spring,2961,257,239,3,0.43,13,2,38493,213,4.3,India,0
74,72287,Bellandur,13.058813,77.45607,Private room,Villa,2024-04-01,4,Spring,3131,257,239,3,0.47,14,1,43834,226,4.0,India,0
74,72287,Bellandur,13.058813,77.45607,Private room,Villa,2024-05-01,5,Spring,2819,257,239,3,0.61,19,4,53561,248,4.7,UK,0
74,72287,Bellandur,13.058813,77.45607,Private room,Villa,2024-06-01,6,Summer,2799,257,239,3,0.52,16,4,44784,28,4.1,India,0
74,72287,Bellandur,13.058813,77.45607,Private room,Villa,2024-07-01,7,Monsoon,2613,257,239,3,0.46,14,2,36582,159,4.7,USA,0
74,72287,Bellandur,13.058813,77.45607,Private room,Villa,2024-08-01,8,Monsoon,2262,257,239,3,0.53,16,2,36192,268,4.6,Singapore,0
74,72287,Bellandur,13.058813,77.45607,Private room,Villa,2024-09-01,9,Autumn,2946,257,239,3,0.99,30,1,88380,98,4.6,Singapore,0
74,72287,Bellandur,13.058813,77.45607,Private room,Villa,2024-10-01,10,Autumn,2710,257,239,3,0.57,18,2,48780,29,3.8,India,0
74,72287,Bellandur,13.058813,77.45607,Private room,Villa,2024-11-01,11,Winter,2894,257,239,3,0.46,14,4,40516,101,4.9,India,0
74,72287,Bellandur,13.058813,77.45607,Private room,Villa,2024-12-01,12,Winter,3528,257,239,3,0.57,18,4,63504,258,4.2,India,0
75,99282,Indiranagar,12.796775,77.596636,Entire home/apt,Serviced Apartment,2024-01-01,1,Winter,7348,251,362,3,0.72,22,2,161656,132,4.7,USA,0
75,99282,Indiranagar,12.796775,77.596636,Entire home/apt,Serviced Apartment,2024-02-01,2,Winter,5659,251,362,3,0.66,19,2,107521,197,3.7,India,0
75,99282,Indiranagar,12.796775,77.596636,Entire home/apt,Serviced Apartment,2024-03-01,3,Spring,6089,251,362,3,0.73,23,4,140047,109,4.5,Australia,0
75,99282,Indiranagar,12.796775,77.596636,Entire home/apt,Serviced Apartment,2024-04-01,4,Spring,5863,251,362,3,0.59,18,3,105534,346,5.0,India,0
75,99282,Indiranagar,12.796775,77.596636,Entire home/apt,Serviced Apartment,2024-05-01,5,Spring,5835,251,362,3,0.59,18,3,105030,262,4.9,India,0
75,99282,Indiranagar,12.796775,77.596636,Entire home/apt,Serviced Apartment,2024-06-01,6,Summer,5513,251,362,3,0.34,10,3,55130,349,4.1,India,0
75,99282,Indiranagar,12.796775,77.596636,Entire home/apt,Serviced Apartment,2024-07-01,7,Monsoon,5339,251,362,3,0.56,17,4,90763,331,4.4,India,0
75,99282,Indiranagar,12.796775,77.596636,Entire home/apt,Serviced Apartment,2024-08-01,8,Monsoon,4968,251,362,3,0.89,28,4,139104,114,5.0,India,0
75,99282,Indiranagar,12.796775,77.596636,Entire home/apt,Serviced Apartment,2024-09-01,9,Autumn,6029,251,362,3,0.58,17,4,102493,156,4.6,USA,0
75,99282,Indiranagar,12.796775,77.596636,Entire home/apt,Serviced Apartment,2024-10-01,10,Autumn,5283,251,362,3,0.82,25,3,132075,140,4.0,India,0
75,99282,Indiranagar,12.796775,77.596636,Entire home/apt,Serviced Apartment,2024-11-01,11,Winter,5629,251,362,3,0.44,13,2,73177,129,4.3,India,0
75,99282,Indiranagar,12.796775,77.596636,Entire home/apt,Serviced Apartment,2024-12-01,12,Winter,6815,251,362,3,0.51,16,2,109040,266,4.3,France,0
76,23410,Indiranagar,12.904605,77.648707,Private room,Villa,2024-01-01,1,Winter,3332,425,224,3,0.63,20,3,66640,246,5.0,India,0
76,23410,Indiranagar,12.904605,77.648707,Private room,Villa,2024-02-01,2,Winter,2740,425,224,3,0.49,14,3,38360,141,4.4,India,0
76,23410,Indiranagar,12.904605,77.648707,Private room,Villa,2024-03-01,3,Spring,3361,425,224,3,0.63,20,3,67220,333,4.3,India,0
76,23410,Indiranagar,12.904605,77.648707,Private room,Villa,2024-04-01,4,Spring,3222,425,224,3,0.43,13,2,41886,123,4.8,UAE,0
76,23410,Indiranagar,12.904605,77.648707,Private room,Villa,2024-05-01,5,Spring,2923,425,224,3,0.55,17,4,49691,307,4.2,India,0
76,23410,Indiranagar,12.904605,77.648707,Private room,Villa,2024-06-01,6,Summer,2665,425,224,3,0.68,20,2,53300,71,5.0,USA,0
76,23410,Indiranagar,12.904605,77.648707,Private room,Villa,2024-07-01,7,Monsoon,2430,425,224,3,0.67,21,3,51030,151,3.7,India,0
76,23410,Indiranagar,12.904605,77.648707,Private room,Villa,2024-08-01,8,Monsoon,2441,425,224,3,0.6,19,2,46379,198,4.1,USA,0
76,23410,Indiranagar,12.904605,77.648707,Private room,Villa,2024-09-01,9,Autumn,2655,425,224,3,0.5,15,3,39825,292,4.6,Germany,0
76,23410,Indiranagar,12.904605,77.648707,Private room,Villa,2024-10-01,10,Autumn,2805,425,224,3,0.26,8,2,22440,113,3.7,India,0
76,23410,Indiranagar,12.904605,77.648707,Private room,Villa,2024-11-01,11,Winter,2721,425,224,3,0.67,20,2,54420,343,3.4,India,0
76,23410,Indiranagar,12.904605,77.648707,Private room,Villa,2024-12-01,12,Winter,3453,425,224,3,0.52,16,2,55248,87,5.0,Australia,0
77,33741,Basavanagudi,12.739041,77.488383,Entire home/apt,Studio,2024-01-01,1,Winter,3824,357,173,3,0.25,8,3,30592,113,4.8,India,0
77,33741,Basavanagudi,12.739041,77.488383,Entire home/apt,Studio,2024-02-01,2,Winter,3080,357,173,3,0.65,19,2,58520,169,5.0,India,0
77,33741,Basavanagudi,12.739041,77.488383,Entire home/apt,Studio,2024-03-01,3,Spring,2924,357,173,3,0.83,26,3,76024,237,4.4,Australia,0
77,33741,Basavanagudi,12.739041,77.488383,Entire home/apt,Studio,2024-04-01,4,Spring,3397,357,173,3,0.56,17,2,57749,324,4.3,India,0
77,33741,Basavanagudi,12.739041,77.488383,Entire home/apt,Studio,2024-05-01,5,Spring,2924,357,173,3,0.62,19,4,55556,36,3.9,India,0
77,33741,Basavanagudi,12.739041,77.488383,Entire home/apt,Studio,2024-06-01,6,Summer,3187,357,173,3,0.51,15,2,47805,61,4.0,Singapore,0
77,33741,Basavanagudi,12.739041,77.488383,Entire home/apt,Studio,2024-07-01,7,Monsoon,2643,357,173,3,0.76,24,2,63432,152,4.3,India,0
77,33741,Basavanagudi,12.739041,77.488383,Entire home/apt,Studio,2024-08-01,8,Monsoon,2804,357,173,3,0.46,14,4,39256,77,4.8,India,0
77,33741,Basavanagudi,12.739041,77.488383,Entire home/apt,Studio,2024-09-01,9,Autumn,3174,357,173,3,0.85,26,2,82524,209,4.4,Netherlands,0
77,33741,Basavanagudi,12.739041,77.488383,Entire home/apt,Studio,2024-10-01,10,Autumn,3170,357,173,3,0.59,18,4,57060,234,5.0,India,0
77,33741,Basavanagudi,12.739041,77.488383,Entire home/apt,Studio,2024-11-01,11,Winter,2894,357,173,3,0.68,20,2,57880,41,4.4,India,0
77,33741,Basavanagudi,12.739041,77.488383,Entire home/apt,Studio,2024-12-01,12,Winter,3784,357,173,3,0.59,18,3,68112,90,4.6,India,1
78,69251,Bellandur,12.783753,77.682063,Entire home/apt,Independent House,2024-01-01,1,Winter,4515,332,330,1,0.73,23,2,103845,222,4.8,India,0
78,69251,Bellandur,12.783753,77.682063,Entire home/apt,Independent House,2024-02-01,2,Winter,3269,332,330,1,0.45,13,5,42497,196,4.9,India,0
78,69251,Bellandur,12.783753,77.682063,Entire home/apt,Independent House,2024-03-01,3,Spring,3871,332,330,1,0.81,25,3,96775,191,4.3,Canada,0
78,69251,Bellandur,12.783753,77.682063,Entire home/apt,Independent House,2024-04-01,4,Spring,3651,332,330,1,0.34,10,4,36510,271,4.3,India,0
78,69251,Bellandur,12.783753,77.682063,Entire home/apt,Independent House,2024-05-01,5,Spring,3559,332,330,1,0.52,16,3,56944,320,4.8,USA,0
78,69251,Bellandur,12.783753,77.682063,Entire home/apt,Independent House,2024-06-01,6,Summer,3322,332,330,1,0.63,19,2,63118,176,4.0,India,0
78,69251,Bellandur,12.783753,77.682063,Entire home/apt,Independent House,2024-07-01,7,Monsoon,3041,332,330,1,0.14,4,2,12164,257,4.4,India,0
78,69251,Bellandur,12.783753,77.682063,Entire home/apt,Independent House,2024-08-01,8,Monsoon,2698,332,330,1,0.77,24,2,64752,23,4.8,India,0
78,69251,Bellandur,12.783753,77.682063,Entire home/apt,Independent House,2024-09-01,9,Autumn,3453,332,330,1,0.81,24,2,82872,266,4.1,India,0
78,69251,Bellandur,12.783753,77.682063,Entire home/apt,Independent House,2024-10-01,10,Autumn,3709,332,330,1,0.73,23,2,85307,68,4.4,India,0
78,69251,Bellandur,12.783753,77.682063,Entire home/apt,Independent House,2024-11-01,11,Winter,3587,332,330,1,0.42,13,2,46631,96,4.2,India,0
78,69251,Bellandur,12.783753,77.682063,Entire home/apt,Independent House,2024-12-01,12,Winter,4079,332,330,1,0.51,16,4,65264,206,4.1,India,0
79,27197,Hebbal,12.993631,77.626908,Entire home/apt,Villa,2024-01-01,1,Winter,6278,261,99,5,0.43,13,4,81614,130,3.8,UK,0
79,27197,Hebbal,12.993631,77.626908,Entire home/apt,Villa,2024-02-01,2,Winter,5021,261,99,5,0.23,7,3,35147,24,4.5,India,0
79,27197,Hebbal,12.993631,77.626908,Entire home/apt,Villa,2024-03-01,3,Spring,5190,261,99,5,0.81,25,3,129750,10,4.9,India,0
79,27197,Hebbal,12.993631,77.626908,Entire home/apt,Villa,2024-04-01,4,Spring,5484,261,99,5,0.7,21,2,115164,227,4.2,India,0
79,27197,Hebbal,12.993631,77.626908,Entire home/apt,Villa,2024-05-01,5,Spring,5075,261,99,5,0.54,17,3,86275,242,4.6,USA,0
79,27197,Hebbal,12.993631,77.626908,Entire home/apt,Villa,2024-06-01,6,Summer,5221,261,99,5,0.62,19,2,99199,322,4.6,India,0
79,27197,Hebbal,12.993631,77.626908,Entire home/apt,Villa,2024-07-01,7,Monsoon,4140,261,99,5,0.37,11,2,45540,51,4.5,India,0
79,27197,Hebbal,12.993631,77.626908,Entire home/apt,Villa,2024-08-01,8,Monsoon,4488,261,99,5,0.34,11,2,49368,310,5.0,USA,0
79,27197,Hebbal,12.993631,77.626908,Entire home/apt,Villa,2024-09-01,9,Autumn,5270,261,99,5,0.6,18,2,94860,53,4.5,India,0
79,27197,Hebbal,12.993631,77.626908,Entire home/apt,Villa,2024-10-01,10,Autumn,4925,261,99,5,0.37,11,3,54175,144,4.5,India,0
79,27197,Hebbal,12.993631,77.626908,Entire home/apt,Villa,2024-11-01,11,Winter,5018,261,99,5,0.33,10,2,50180,102,4.6,UK,0
79,27197,Hebbal,12.993631,77.626908,Entire home/apt,Villa,2024-12-01,12,Winter,6177,261,99,5,0.23,7,4,43239,103,4.2,India,0
80,31020,Koramangala,12.919256,77.723107,Entire home/apt,Serviced Apartment,2024-01-01,1,Winter,3864,583,249,2,0.39,12,1,46368,343,4.7,India,0
80,31020,Koramangala,12.919256,77.723107,Entire home/apt,Serviced Apartment,2024-02-01,2,Winter,2694,583,249,2,0.75,22,3,59268,252,4.3,India,0
80,31020,Koramangala,12.919256,77.723107,Entire home/apt,Serviced Apartment,2024-03-01,3,Spring,3285,583,249,2,0.78,24,1,78840,261,4.0,India,0
80,31020,Koramangala,12.919256,77.723107,Entire home/apt,Serviced Apartment,2024-04-01,4,Spring,3024,583,249,2,0.5,15,3,45360,131,4.9,India,0
80,31020,Koramangala,12.919256,77.723107,Entire home/apt,Serviced Apartment,2024-05-01,5,Spring,2700,583,249,2,0.16,5,2,13500,151,4.3,India,0
80,31020,Koramangala,12.919256,77.723107,Entire home/apt,Serviced Apartment,2024-06-01,6,Summer,3113,583,249,2,0.77,23,1,71599,89,4.3,Singapore,0
80,31020,Koramangala,12.919256,77.723107,Entire home/apt,Serviced Apartment,2024-07-01,7,Monsoon,2620,583,249,2,0.76,24,4,62880,184,3.8,Germany,0
80,31020,Koramangala,12.919256,77.723107,Entire home/apt,Serviced Apartment,2024-08-01,8,Monsoon,2625,583,249,2,0.61,19,2,49875,59,4.7,India,0
80,31020,Koramangala,12.919256,77.723107,Entire home/apt,Serviced Apartment,2024-09-01,9,Autumn,2902,583,249,2,0.59,18,3,52236,23,3.5,India,0
80,31020,Koramangala,12.919256,77.723107,Entire home/apt,Serviced Apartment,2024-10-01,10,Autumn,2872,583,249,2,0.65,20,2,57440,331,4.1,India,0
80,31020,Koramangala,12.919256,77.723107,Entire home/apt,Serviced Apartment,2024-11-01,11,Winter,3014,583,249,2,0.65,20,2,60280,318,4.4,India,0
80,31020,Koramangala,12.919256,77.723107,Entire home/apt,Serviced Apartment,2024-12-01,12,Winter,3787,583,249,2,0.44,14,3,53018,190,4.4,Germany,0
81,62530,Malleshwaram,13.084924,77.53155,Entire home/apt,Serviced Apartment,2024-01-01,1,Winter,5173,323,295,2,0.56,17,2,87941,30,4.8,Netherlands,0
81,62530,Malleshwaram,13.084924,77.53155,Entire home/apt,Serviced Apartment,2024-02-01,2,Winter,3823,323,295,2,0.7,20,2,76460,302,4.4,India,0
81,62530,Malleshwaram,13.084924,77.53155,Entire home/apt,Serviced Apartment,2024-03-01,3,Spring,4740,323,295,2,0.71,22,3,104280,224,4.0,India,0
81,62530,Malleshwaram,13.084924,77.53155,Entire home/apt,Serviced Apartment,2024-04-01,4,Spring,4514,323,295,2,0.49,15,2,67710,183,4.2,India,0
81,62530,Malleshwaram,13.084924,77.53155,Entire home/apt,Serviced Apartment,2024-05-01,5,Spring,4578,323,295,2,0.4,12,4,54936,66,4.3,India,0
81,62530,Malleshwaram,13.084924,77.53155,Entire home/apt,Serviced Apartment,2024-06-01,6,Summer,4272,323,295,2,0.35,10,2,42720,210,4.3,India,0
81,62530,Malleshwaram,13.084924,77.53155,Entire home/apt,Serviced Apartment,2024-07-01,7,Monsoon,3871,323,295,2,0.48,15,1,58065,335,4.5,India,0
81,62530,Malleshwaram,13.084924,77.53155,Entire home/apt,Serviced Apartment,2024-08-01,8,Monsoon,3703,323,295,2,0.3,9,3,33327,347,4.6,India,0
81,62530,Malleshwaram,13.084924,77.53155,Entire home/apt,Serviced Apartment,2024-09-01,9,Autumn,4582,323,295,2,0.53,16,3,73312,289,4.6,India,0
81,62530,Malleshwaram,13.084924,77.53155,Entire home/apt,Serviced Apartment,2024-10-01,10,Autumn,4370,323,295,2,0.34,11,5,48070,173,5.0,India,0
81,62530,Malleshwaram,13.084924,77.53155,Entire home/apt,Serviced Apartment,2024-11-01,11,Winter,4272,323,295,2,0.77,23,3,98256,221,4.2,India,0
81,62530,Malleshwaram,13.084924,77.53155,Entire home/apt,Serviced Apartment,2024-12-01,12,Winter,5653,323,295,2,0.64,20,2,113060,177,4.7,India,0
82,29484,Residency Road,13.056825,77.633874,Entire home/apt,Independent House,2024-01-01,1,Winter,4965,262,338,5,0.58,18,4,89370,84,3.7,India,0
82,29484,Residency Road,13.056825,77.633874,Entire home/apt,Independent House,2024-02-01,2,Winter,3557,262,338,5,0.53,15,2,53355,142,4.6,India,0
82,29484,Residency Road,13.056825,77.633874,Entire home/apt,Independent House,2024-03-01,3,Spring,4147,262,338,5,0.74,23,2,95381,329,3.7,India,0
82,29484,Residency Road,13.056825,77.633874,Entire home/apt,Independent House,2024-04-01,4,Spring,4186,262,338,5,0.28,8,4,33488,40,4.8,India,0
82,29484,Residency Road,13.056825,77.633874,Entire home/apt,Independent House,2024-05-01,5,Spring,3762,262,338,5,0.62,19,4,71478,229,4.2,India,0
82,29484,Residency Road,13.056825,77.633874,Entire home/apt,Independent House,2024-06-01,6,Summer,4035,262,338,5,0.71,21,2,84735,161,4.7,India,0
82,29484,Residency Road,13.056825,77.633874,Entire home/apt,Independent House,2024-07-01,7,Monsoon,3377,262,338,5,0.64,20,2,67540,334,4.2,India,0
82,29484,Residency Road,13.056825,77.633874,Entire home/apt,Independent House,2024-08-01,8,Monsoon,3573,262,338,5,0.8,25,2,89325,18,4.9,India,0
82,29484,Residency Road,13.056825,77.633874,Entire home/apt,Independent House,2024-09-01,9,Autumn,3635,262,338,5,0.61,18,1,65430,46,4.0,Germany,0
82,29484,Residency Road,13.056825,77.633874,Entire home/apt,Independent House,2024-10-01,10,Autumn,3894,262,338,5,0.62,19,5,73986,326,3.8,India,0
82,29484,Residency Road,13.056825,77.633874,Entire home/apt,Independent House,2024-11-01,11,Winter,3548,262,338,5,0.51,15,2,53220,343,4.4,India,0
82,29484,Residency Road,13.056825,77.633874,Entire home/apt,Independent House,2024-12-01,12,Winter,4484,262,338,5,0.62,19,2,85196,27,4.6,Germany,0
83,53512,Residency Road,13.006967,77.629985,Private room,Villa,2024-01-01,1,Winter,4291,186,311,1,0.81,25,1,107275,337,4.3,India,0
83,53512,Residency Road,13.006967,77.629985,Private room,Villa,2024-02-01,2,Winter,3144,186,311,1,0.63,18,4,56592,149,4.4,India,0
83,53512,Residency Road,13.006967,77.629985,Private room,Villa,2024-03-01,3,Spring,3565,186,311,1,0.67,21,2,74865,54,3.7,India,0
83,53512,Residency Road,13.006967,77.629985,Private room,Villa,2024-04-01,4,Spring,3855,186,311,1,0.57,17,2,65535,71,4.3,France,0
83,53512,Residency Road,13.006967,77.629985,Private room,Villa,2024-05-01,5,Spring,3249,186,311,1,0.55,17,3,55233,209,3.8,India,0
83,53512,Residency Road,13.006967,77.629985,Private room,Villa,2024-06-01,6,Summer,3564,186,311,1,0.56,17,3,60588,96,4.7,India,0
83,53512,Residency Road,13.006967,77.629985,Private room,Villa,2024-07-01,7,Monsoon,3129,186,311,1,0.4,12,4,37548,110,4.7,India,0
83,53512,Residency Road,13.006967,77.629985,Private room,Villa,2024-08-01,8,Monsoon,2886,186,311,1,0.68,21,3,60606,173,3.6,India,0
83,53512,Residency Road,13.006967,77.629985,Private room,Villa,2024-09-01,9,Autumn,3247,186,311,1,0.47,14,2,45458,324,4.7,France,0
83,53512,Residency Road,13.006967,77.629985,Private room,Villa,2024-10-01,10,Autumn,3360,186,311,1,0.45,14,3,47040,230,4.2,India,0
83,53512,Residency Road,13.006967,77.629985,Private room,Villa,2024-11-01,11,Winter,3244,186,311,1,0.42,13,3,42172,255,4.8,India,0
83,53512,Residency Road,13.006967,77.629985,Private room,Villa,2024-12-01,12,Winter,4009,186,311,1,0.12,4,3,16036,283,4.4,UAE,0
84,73298,Brigade Road,13.012433,77.723054,Entire home/apt,Independent House,2024-01-01,1,Winter,2569,55,145,1,0.59,18,2,46242,307,5.0,India,0
84,73298,Brigade Road,13.012433,77.723054,Entire home/apt,Independent House,2024-02-01,2,Winter,2315,55,145,1,0.48,14,4,32410,214,4.7,Netherlands,0
84,73298,Brigade Road,13.012433,77.723054,Entire home/apt,Independent House,2024-03-01,3,Spring,2387,55,145,1,0.47,15,4,35805,127,4.0,India,0
84,73298,Brigade Road,13.012433,77.723054,Entire home/apt,Independent House,2024-04-01,4,Spring,2128,55,145,1,0.51,15,5,31920,150,4.6,India,0
84,73298,Brigade Road,13.012433,77.723054,Entire home/apt,Independent House,2024-05-01,5,Spring,2234,55,145,1,0.51,16,2,35744,211,4.1,India,0
84,73298,Brigade Road,13.012433,77.723054,Entire home/apt,Independent House,2024-06-01,6,Summer,2374,55,145,1,0.37,11,4,26114,262,4.8,India,0
84,73298,Brigade Road,13.012433,77.723054,Entire home/apt,Independent House,2024-07-01,7,Monsoon,1827,55,145,1,0.46,14,3,25578,160,3.9,USA,0
84,73298,Brigade Road,13.012433,77.723054,Entire home/apt,Independent House,2024-08-01,8,Monsoon,1927,55,145,1,0.72,22,4,42394,323,4.7,India,0
84,73298,Brigade Road,13.012433,77.723054,Entire home/apt,Independent House,2024-09-01,9,Autumn,2448,55,145,1,0.65,20,2,48960,148,4.1,India,0
84,73298,Brigade Road,13.012433,77.723054,Entire home/apt,Independent House,2024-10-01,10,Autumn,2187,55,145,1,0.45,14,4,30618,67,5.0,Netherlands,0
84,73298,Brigade Road,13.012433,77.723054,Entire home/apt,Independent House,2024-11-01,11,Winter,2014,55,145,1,0.71,21,5,42294,257,4.9,India,0
84,73298,Brigade Road,13.012433,77.723054,Entire home/apt,Independent House,2024-12-01,12,Winter,3181,55,145,1,0.51,16,3,50896,59,4.8,UK,0
85,86389,Ulsoor,13.077069,77.663037,Entire home/apt,Studio,2024-01-01,1,Winter,7489,207,226,5,0.26,8,4,59912,267,4.8,India,0
85,86389,Ulsoor,13.077069,77.663037,Entire home/apt,Studio,2024-02-01,2,Winter,5861,207,226,5,0.49,14,1,82054,28,4.7,India,0
85,86389,Ulsoor,13.077069,77.663037,Entire home/apt,Studio,2024-03-01,3,Spring,6897,207,226,5,0.61,19,3,131043,82,4.6,Netherlands,0
85,86389,Ulsoor,13.077069,77.663037,Entire home/apt,Studio,2024-04-01,4,Spring,7115,207,226,5,0.4,12,3,85380,74,4.2,France,0
85,86389,Ulsoor,13.077069,77.663037,Entire home/apt,Studio,2024-05-01,5,Spring,6083,207,226,5,0.67,21,3,127743,151,4.9,India,0
85,86389,Ulsoor,13.077069,77.663037,Entire home/apt,Studio,2024-06-01,6,Summer,6327,207,226,5,0.72,22,3,139194,183,4.0,Germany,0
85,86389,Ulsoor,13.077069,77.663037,Entire home/apt,Studio,2024-07-01,7,Monsoon,5946,207,226,5,0.77,24,2,142704,345,4.8,USA,0
85,86389,Ulsoor,13.077069,77.663037,Entire home/apt,Studio,2024-08-01,8,Monsoon,5969,207,226,5,0.29,9,4,53721,331,4.3,India,0
85,86389,Ulsoor,13.077069,77.663037,Entire home/apt,Studio,2024-09-01,9,Autumn,6090,207,226,5,0.65,20,2,121800,147,4.1,India,0
85,86389,Ulsoor,13.077069,77.663037,Entire home/apt,Studio,2024-10-01,10,Autumn,6388,207,226,5,0.75,23,1,146924,195,4.8,India,0
85,86389,Ulsoor,13.077069,77.663037,Entire home/apt,Studio,2024-11-01,11,Winter,6293,207,226,5,0.39,12,5,75516,160,4.2,Canada,0
85,86389,Ulsoor,13.077069,77.663037,Entire home/apt,Studio,2024-12-01,12,Winter,8045,207,226,5,0.66,20,1,160900,128,4.5,India,0
86,68073,Frazer Town,13.064595,77.661389,Entire home/apt,Studio,2024-01-01,1,Winter,3533,0,359,2,0.89,28,3,98924,99,4.0,India,0
86,68073,Frazer Town,13.064595,77.661389,Entire home/apt,Studio,2024-02-01,2,Winter,3035,0,359,2,0.75,22,3,66770,95,4.0,Canada,0
86,68073,Frazer Town,13.064595,77.661389,Entire home/apt,Studio,2024-03-01,3,Spring,3333,0,359,2,0.74,23,3,76659,61,4.5,India,0
86,68073,Frazer Town,13.064595,77.661389,Entire home/apt,Studio,2024-04-01,4,Spring,3870,0,359,2,0.35,10,2,38700,284,4.9,India,0
86,68073,Frazer Town,13.064595,77.661389,Entire home/apt,Studio,2024-05-01,5,Spring,2964,0,359,2,0.72,22,2,65208,130,4.7,India,0
86,68073,Frazer Town,13.064595,77.661389,Entire home/apt,Studio,2024-06-01,6,Summer,2852,0,359,2,0.63,19,2,54188,79,3.8,India,0
86,68073,Frazer Town,13.064595,77.661389,Entire home/apt,Studio,2024-07-01,7,Monsoon,2818,0,359,2,0.64,20,4,56360,305,4.8,India,0
86,68073,Frazer Town,13.064595,77.661389,Entire home/apt,Studio,2024-08-01,8,Monsoon,2909,0,359,2,0.66,20,4,58180,315,4.6,Australia,0
86,68073,Frazer Town,13.064595,77.661389,Entire home/apt,Studio,2024-09-01,9,Autumn,2822,0,359,2,0.49,15,2,42330,293,5.0,India,0
86,68073,Frazer Town,13.064595,77.661389,Entire home/apt,Studio,2024-10-01,10,Autumn,3285,0,359,2,0.56,17,1,55845,162,4.5,India,0
86,68073,Frazer Town,13.064595,77.661389,Entire home/apt,Studio,2024-11-01,11,Winter,2818,0,359,2,0.78,23,3,64814,258,4.8,India,0
86,68073,Frazer Town,13.064595,77.661389,Entire home/apt,Studio,2024-12-01,12,Winter,4135,0,359,2,0.47,15,3,62025,206,4.3,India,0
87,37964,Yeshwanthpur,12.832427,77.538072,Shared room,Studio,2024-01-01,1,Winter,4678,396,351,5,0.43,13,5,60814,332,4.9,India,0
87,37964,Yeshwanthpur,12.832427,77.538072,Shared room,Studio,2024-02-01,2,Winter,3921,396,351,5,0.42,12,2,47052,328,5.0,India,0
87,37964,Yeshwanthpur,12.832427,77.538072,Shared room,Studio,2024-03-01,3,Spring,4388,396,351,5,0.58,18,3,78984,20,4.5,India,0
87,37964,Yeshwanthpur,12.832427,77.538072,Shared room,Studio,2024-04-01,4,Spring,4264,396,351,5,0.43,13,2,55432,58,4.5,India,0
87,37964,Yeshwanthpur,12.832427,77.538072,Shared room,Studio,2024-05-01,5,Spring,3347,396,351,5,0.69,21,3,70287,144,3.9,India,0
87,37964,Yeshwanthpur,12.832427,77.538072,Shared room,Studio,2024-06-01,6,Summer,4077,396,351,5,0.51,15,3,61155,191,4.4,India,0
87,37964,Yeshwanthpur,12.832427,77.538072,Shared room,Studio,2024-07-01,7,Monsoon,3274,396,351,5,0.51,16,3,52384,249,5.0,India,0
87,37964,Yeshwanthpur,12.832427,77.538072,Shared room,Studio,2024-08-01,8,Monsoon,2902,396,351,5,0.75,23,4,66746,98,4.6,India,0
87,37964,Yeshwanthpur,12.832427,77.538072,Shared room,Studio,2024-09-01,9,Autumn,3536,396,351,5,0.4,12,1,42432,49,5.0,India,0
87,37964,Yeshwanthpur,12.832427,77.538072,Shared room,Studio,2024-10-01,10,Autumn,3588,396,351,5,0.38,12,5,43056,275,5.0,India,0
87,37964,Yeshwanthpur,12.832427,77.538072,Shared room,Studio,2024-11-01,11,Winter,3844,396,351,5,0.42,13,2,49972,322,4.6,UK,0
87,37964,Yeshwanthpur,12.832427,77.538072,Shared room,Studio,2024-12-01,12,Winter,4516,396,351,5,0.72,22,4,99352,217,4.9,France,0
88,67047,MG Road,12.998756,77.496126,Entire home/apt,Villa,2024-01-01,1,Winter,5524,354,99,1,0.57,18,1,99432,91,4.0,Germany,0
88,67047,MG Road,12.998756,77.496126,Entire home/apt,Villa,2024-02-01,2,Winter,4227,354,99,1,0.88,26,3,109902,116,4.1,UAE,0
88,67047,MG Road,12.998756,77.496126,Entire home/apt,Villa,2024-03-01,3,Spring,4479,354,99,1,0.63,20,2,89580,230,4.5,India,0
88,67047,MG Road,12.998756,77.496126,Entire home/apt,Villa,2024-04-01,4,Spring,4355,354,99,1,0.74,22,2,95810,8,5.0,India,0
88,67047,MG Road,12.998756,77.496126,Entire home/apt,Villa,2024-05-01,5,Spring,4177,354,99,1,0.44,14,2,58478,3,3.9,India,0
88,67047,MG Road,12.998756,77.496126,Entire home/apt,Villa,2024-06-01,6,Summer,4189,354,99,1,0.74,22,3,92158,299,4.7,India,0
88,67047,MG Road,12.998756,77.496126,Entire home/apt,Villa,2024-07-01,7,Monsoon,3724,354,99,1,0.48,15,4,55860,183,4.1,UAE,0
88,67047,MG Road,12.998756,77.496126,Entire home/apt,Villa,2024-08-01,8,Monsoon,3890,354,99,1,0.71,22,2,85580,154,3.9,India,0
88,67047,MG Road,12.998756,77.496126,Entire home/apt,Villa,2024-09-01,9,Autumn,4455,354,99,1,0.66,20,2,89100,224,5.0,India,0
88,67047,MG Road,12.998756,77.496126,Entire home/apt,Villa,2024-10-01,10,Autumn,3870,354,99,1,0.37,11,4,42570,15,4.4,India,0
88,67047,MG Road,12.998756,77.496126,Entire home/apt,Villa,2024-11-01,11,Winter,4238,354,99,1,0.84,25,2,105950,200,4.8,Germany,0
88,67047,MG Road,12.998756,77.496126,Entire home/apt,Villa,2024-12-01,12,Winter,5124,354,99,1,0.42,13,4,66612,151,5.0,Canada,0
89,98773,Rajajinagar,13.082957,77.453345,Private room,Independent House,2024-01-01,1,Winter,2871,544,143,1,0.78,24,1,68904,305,4.8,India,0
89,98773,Rajajinagar,13.082957,77.453345,Private room,Independent House,2024-02-01,2,Winter,2315,544,143,1,0.46,13,1,30095,107,4.4,USA,0
89,98773,Rajajinagar,13.082957,77.453345,Private room,Independent House,2024-03-01,3,Spring,2661,544,143,1,0.55,17,4,45237,176,4.3,India,0
89,98773,Rajajinagar,13.082957,77.453345,Private room,Independent House,2024-04-01,4,Spring,2543,544,143,1,0.55,16,4,40688,262,3.6,India,0
89,98773,Rajajinagar,13.082957,77.453345,Private room,Independent House,2024-05-01,5,Spring,2433,544,143,1,0.4,12,2,29196,315,4.0,France,0
89,98773,Rajajinagar,13.082957,77.453345,Private room,Independent House,2024-06-01,6,Summer,2005,544,143,1,0.27,8,2,16040,92,4.0,India,0
89,98773,Rajajinagar,13.082957,77.453345,Private room,Independent House,2024-07-01,7,Monsoon,1966,544,143,1,0.84,26,3,51116,27,4.3,Australia,0
89,98773,Rajajinagar,13.082957,77.453345,Private room,Independent House,2024-08-01,8,Monsoon,2142,544,143,1,0.6,19,4,40698,281,4.6,India,0
89,98773,Rajajinagar,13.082957,77.453345,Private room,Independent House,2024-09-01,9,Autumn,2327,544,143,1,0.36,11,3,25597,148,5.0,India,0
89,98773,Rajajinagar,13.082957,77.453345,Private room,Independent House,2024-10-01,10,Autumn,2703,544,143,1,0.29,9,2,24327,101,4.1,USA,0
89,98773,Rajajinagar,13.082957,77.453345,Private room,Independent House,2024-11-01,11,Winter,2287,544,143,1,0.4,12,2,27444,65,4.7,India,0
89,98773,Rajajinagar,13.082957,77.453345,Private room,Independent House,2024-12-01,12,Winter,2782,544,143,1,0.87,27,2,75114,145,5.0,India,0
90,51652,Marathahalli,12.880258,77.634903,Entire home/apt,Studio,2024-01-01,1,Winter,4914,454,158,3,0.5,16,4,78624,219,4.2,India,0
90,51652,Marathahalli,12.880258,77.634903,Entire home/apt,Studio,2024-02-01,2,Winter,3770,454,158,3,0.71,21,3,79170,328,4.6,India,0
90,51652,Marathahalli,12.880258,77.634903,Entire home/apt,Studio,2024-03-01,3,Spring,3815,454,158,3,0.47,15,4,57225,68,4.5,India,0
90,51652,Marathahalli,12.880258,77.634903,Entire home/apt,Studio,2024-04-01,4,Spring,4115,454,158,3,0.88,26,2,106990,245,3.9,India,0
90,51652,Marathahalli,12.880258,77.634903,Entire home/apt,Studio,2024-05-01,5,Spring,3856,454,158,3,0.81,25,2,96400,156,5.0,India,0
90,51652,Marathahalli,12.880258,77.634903,Entire home/apt,Studio,2024-06-01,6,Summer,3675,454,158,3,0.66,20,2,73500,330,4.7,India,0
90,51652,Marathahalli,12.880258,77.634903,Entire home/apt,Studio,2024-07-01,7,Monsoon,3418,454,158,3,0.57,18,4,61524,71,4.7,UAE,0
90,51652,Marathahalli,12.880258,77.634903,Entire home/apt,Studio,2024-08-01,8,Monsoon,2873,454,158,3,0.69,21,2,60333,320,4.6,India,0
90,51652,Marathahalli,12.880258,77.634903,Entire home/apt,Studio,2024-09-01,9,Autumn,3711,454,158,3,0.89,27,1,100197,9,4.2,Australia,0
90,51652,Marathahalli,12.880258,77.634903,Entire home/apt,Studio,2024-10-01,10,Autumn,3675,454,158,3,0.88,27,3,99225,297,4.2,India,0
90,51652,Marathahalli,12.880258,77.634903,Entire home/apt,Studio,2024-11-01,11,Winter,3645,454,158,3,0.56,17,2,61965,18,4.8,India,0
90,51652,Marathahalli,12.880258,77.634903,Entire home/apt,Studio,2024-12-01,12,Winter,4734,454,158,3,0.39,12,3,56808,276,4.3,India,0
91,57948,Malleshwaram,12.789323,77.681643,Private room,Villa,2024-01-01,1,Winter,3548,288,148,5,0.59,18,3,63864,46,3.8,India,0
91,57948,Malleshwaram,12.789323,77.681643,Private room,Villa,2024-02-01,2,Winter,2983,288,148,5,0.57,17,3,50711,314,5.0,India,0
91,57948,Malleshwaram,12.789323,77.681643,Private room,Villa,2024-03-01,3,Spring,3136,288,148,5,0.69,21,3,65856,71,4.7,India,0
91,57948,Malleshwaram,12.789323,77.681643,Private room,Villa,2024-04-01,4,Spring,3317,288,148,5,0.61,18,2,59706,289,4.5,India,0
91,57948,Malleshwaram,12.789323,77.681643,Private room,Villa,2024-05-01,5,Spring,3225,288,148,5,0.66,20,5,64500,247,4.7,UAE,0
91,57948,Malleshwaram,12.789323,77.681643,Private room,Villa,2024-06-01,6,Summer,2516,288,148,5,0.34,10,1,25160,249,4.6,India,0
91,57948,Malleshwaram,12.789323,77.681643,Private room,Villa,2024-07-01,7,Monsoon,2522,288,148,5,0.44,14,2,35308,119,4.6,India,0
91,57948,Malleshwaram,12.789323,77.681643,Private room,Villa,2024-08-01,8,Monsoon,2810,288,148,5,0.63,20,2,56200,184,4.0,India,0
91,57948,Malleshwaram,12.789323,77.681643,Private room,Villa,2024-09-01,9,Autumn,2749,288,148,5,0.41,12,4,32988,23,4.3,India,0
91,57948,Malleshwaram,12.789323,77.681643,Private room,Villa,2024-10-01,10,Autumn,2689,288,148,5,0.46,14,3,37646,52,4.0,USA,0
91,57948,Malleshwaram,12.789323,77.681643,Private room,Villa,2024-11-01,11,Winter,2746,288,148,5,0.44,13,4,35698,134,3.3,India,0
91,57948,Malleshwaram,12.789323,77.681643,Private room,Villa,2024-12-01,12,Winter,3873,288,148,5,0.69,21,3,81333,192,4.3,India,0
92,95634,MG Road,12.906665,77.562899,Private room,Studio,2024-01-01,1,Winter,4741,124,287,3,0.86,27,4,128007,176,4.6,India,0
92,95634,MG Road,12.906665,77.562899,Private room,Studio,2024-02-01,2,Winter,3726,124,287,3,0.6,17,3,63342,256,4.0,Singapore,0
92,95634,MG Road,12.906665,77.562899,Private room,Studio,2024-03-01,3,Spring,3792,124,287,3,0.59,18,2,68256,117,4.3,India,0
92,95634,MG Road,12.906665,77.562899,Private room,Studio,2024-04-01,4,Spring,3831,124,287,3,0.56,17,3,65127,108,4.5,India,0
92,95634,MG Road,12.906665,77.562899,Private room,Studio,2024-05-01,5,Spring,3532,124,287,3,0.41,13,2,45916,308,4.2,USA,0
92,95634,MG Road,12.906665,77.562899,Private room,Studio,2024-06-01,6,Summer,3266,124,287,3,0.72,22,2,71852,117,3.7,India,0
92,95634,MG Road,12.906665,77.562899,Private room,Studio,2024-07-01,7,Monsoon,3399,124,287,3,0.78,24,2,81576,58,4.4,India,0
92,95634,MG Road,12.906665,77.562899,Private room,Studio,2024-08-01,8,Monsoon,2649,124,287,3,0.52,16,2,42384,107,4.5,India,0
92,95634,MG Road,12.906665,77.562899,Private room,Studio,2024-09-01,9,Autumn,3320,124,287,3,0.49,15,3,49800,210,5.0,India,0
92,95634,MG Road,12.906665,77.562899,Private room,Studio,2024-10-01,10,Autumn,3654,124,287,3,0.43,13,1,47502,293,3.9,India,0
92,95634,MG Road,12.906665,77.562899,Private room,Studio,2024-11-01,11,Winter,3457,124,287,3,0.54,16,3,55312,293,4.7,India,0
92,95634,MG Road,12.906665,77.562899,Private room,Studio,2024-12-01,12,Winter,4295,124,287,3,0.65,20,2,85900,92,5.0,India,0
93,83872,Indiranagar,13.051404,77.668392,Private room,Apartment,2024-01-01,1,Winter,5561,292,190,5,0.55,17,3,94537,241,5.0,Singapore,0
93,83872,Indiranagar,13.051404,77.668392,Private room,Apartment,2024-02-01,2,Winter,4353,292,190,5,0.61,18,4,78354,307,4.5,India,0
93,83872,Indiranagar,13.051404,77.668392,Private room,Apartment,2024-03-01,3,Spring,4825,292,190,5,0.39,12,3,57900,93,4.6,India,0
93,83872,Indiranagar,13.051404,77.668392,Private room,Apartment,2024-04-01,4,Spring,4913,292,190,5,0.68,20,3,98260,85,4.3,USA,0
93,83872,Indiranagar,13.051404,77.668392,Private room,Apartment,2024-05-01,5,Spring,4722,292,190,5,0.47,15,2,70830,232,5.0,India,0
93,83872,Indiranagar,13.051404,77.668392,Private room,Apartment,2024-06-01,6,Summer,4129,292,190,5,0.67,20,1,82580,193,4.7,India,0
93,83872,Indiranagar,13.051404,77.668392,Private room,Apartment,2024-07-01,7,Monsoon,3871,292,190,5,0.66,20,2,77420,103,5.0,India,0
93,83872,Indiranagar,13.051404,77.668392,Private room,Apartment,2024-08-01,8,Monsoon,3587,292,190,5,0.68,21,4,75327,350,3.5,India,0
93,83872,Indiranagar,13.051404,77.668392,Private room,Apartment,2024-09-01,9,Autumn,4285,292,190,5,0.84,25,2,107125,49,4.3,India,0
93,83872,Indiranagar,13.051404,77.668392,Private room,Apartment,2024-10-01,10,Autumn,4244,292,190,5,0.57,18,4,76392,307,5.0,India,0
93,83872,Indiranagar,13.051404,77.668392,Private room,Apartment,2024-11-01,11,Winter,4112,292,190,5,0.44,13,3,53456,60,5.0,India,0
93,83872,Indiranagar,13.051404,77.668392,Private room,Apartment,2024-12-01,12,Winter,5968,292,190,5,0.58,18,3,107424,308,4.0,India,1
94,98940,Kalyan Nagar,12.908818,77.561113,Entire home/apt,Studio,2024-01-01,1,Winter,7653,539,299,2,0.39,12,4,91836,246,4.5,UK,0
94,98940,Kalyan Nagar,12.908818,77.561113,Entire home/apt,Studio,2024-02-01,2,Winter,5983,539,299,2,0.56,16,3,95728,294,5.0,India,0
94,98940,Kalyan Nagar,12.908818,77.561113,Entire home/apt,Studio,2024-03-01,3,Spring,6791,539,299,2,0.35,11,2,74701,244,5.0,UK,0
94,98940,Kalyan Nagar,12.908818,77.561113,Entire home/apt,Studio,2024-04-01,4,Spring,6678,539,299,2,0.62,19,4,126882,42,5.0,India,0
94,98940,Kalyan Nagar,12.908818,77.561113,Entire home/apt,Studio,2024-05-01,5,Spring,5793,539,299,2,0.51,16,4,92688,209,4.3,India,0
94,98940,Kalyan Nagar,12.908818,77.561113,Entire home/apt,Studio,2024-06-01,6,Summer,5702,539,299,2,0.57,17,1,96934,3,5.0,India,0
94,98940,Kalyan Nagar,12.908818,77.561113,Entire home/apt,Studio,2024-07-01,7,Monsoon,5045,539,299,2,0.51,16,2,80720,3,4.8,India,0
94,98940,Kalyan Nagar,12.908818,77.561113,Entire home/apt,Studio,2024-08-01,8,Monsoon,5437,539,299,2,0.5,16,2,86992,161,4.0,India,0
94,98940,Kalyan Nagar,12.908818,77.561113,Entire home/apt,Studio,2024-09-01,9,Autumn,6061,539,299,2,0.4,12,2,72732,218,3.6,India,0
94,98940,Kalyan Nagar,12.908818,77.561113,Entire home/apt,Studio,2024-10-01,10,Autumn,6253,539,299,2,0.66,20,2,125060,274,4.5,India,0
94,98940,Kalyan Nagar,12.908818,77.561113,Entire home/apt,Studio,2024-11-01,11,Winter,6060,539,299,2,0.68,20,2,121200,348,4.6,India,0
94,98940,Kalyan Nagar,12.908818,77.561113,Entire home/apt,Studio,2024-12-01,12,Winter,7698,539,299,2,0.47,15,2,115470,282,5.0,UK,0
95,58524,Residency Road,12.921965,77.526133,Entire home/apt,Villa,2024-01-01,1,Winter,4601,329,283,2,0.6,19,4,87419,337,4.2,India,0
95,58524,Residency Road,12.921965,77.526133,Entire home/apt,Villa,2024-02-01,2,Winter,3757,329,283,2,0.43,12,3,45084,82,4.1,India,0
95,58524,Residency Road,12.921965,77.526133,Entire home/apt,Villa,2024-03-01,3,Spring,4696,329,283,2,0.76,24,3,112704,173,5.0,Germany,0
95,58524,Residency Road,12.921965,77.526133,Entire home/apt,Villa,2024-04-01,4,Spring,4028,329,283,2,0.57,17,3,68476,350,4.0,USA,0
95,58524,Residency Road,12.921965,77.526133,Entire home/apt,Villa,2024-05-01,5,Spring,3745,329,283,2,0.42,13,2,48685,325,5.0,India,0
95,58524,Residency Road,12.921965,77.526133,Entire home/apt,Villa,2024-06-01,6,Summer,3805,329,283,2,0.72,22,1,83710,74,4.7,India,0
95,58524,Residency Road,12.921965,77.526133,Entire home/apt,Villa,2024-07-01,7,Monsoon,3955,329,283,2,0.34,11,3,43505,45,5.0,India,0
95,58524,Residency Road,12.921965,77.526133,Entire home/apt,Villa,2024-08-01,8,Monsoon,3724,329,283,2,0.41,13,2,48412,40,4.9,India,0
95,58524,Residency Road,12.921965,77.526133,Entire home/apt,Villa,2024-09-01,9,Autumn,3951,329,283,2,0.52,16,3,63216,205,4.2,India,0
95,58524,Residency Road,12.921965,77.526133,Entire home/apt,Villa,2024-10-01,10,Autumn,3741,329,283,2,0.86,27,3,101007,305,4.5,India,0
95,58524,Residency Road,12.921965,77.526133,Entire home/apt,Villa,2024-11-01,11,Winter,4040,329,283,2,0.44,13,2,52520,253,4.2,India,0
95,58524,Residency Road,12.921965,77.526133,Entire home/apt,Villa,2024-12-01,12,Winter,5071,329,283,2,0.35,11,2,55781,336,4.3,UAE,0
96,35525,Koramangala,13.013584,77.603164,Entire home/apt,Studio,2024-01-01,1,Winter,4390,316,166,1,0.65,20,2,87800,335,4.8,India,0
96,35525,Koramangala,13.013584,77.603164,Entire home/apt,Studio,2024-02-01,2,Winter,3686,316,166,1,0.44,13,5,47918,204,4.4,India,0
96,35525,Koramangala,13.013584,77.603164,Entire home/apt,Studio,2024-03-01,3,Spring,4132,316,166,1,0.72,22,2,90904,300,4.0,India,0
96,35525,Koramangala,13.013584,77.603164,Entire home/apt,Studio,2024-04-01,4,Spring,3964,316,166,1,0.29,9,1,35676,35,4.5,UAE,0
96,35525,Koramangala,13.013584,77.603164,Entire home/apt,Studio,2024-05-01,5,Spring,3919,316,166,1,0.44,14,3,54866,286,4.2,UAE,0
96,35525,Koramangala,13.013584,77.603164,Entire home/apt,Studio,2024-06-01,6,Summer,3692,316,166,1,0.35,10,2,36920,141,4.2,India,0
96,35525,Koramangala,13.013584,77.603164,Entire home/apt,Studio,2024-07-01,7,Monsoon,3305,316,166,1,0.49,15,5,49575,232,4.4,UAE,0
96,35525,Koramangala,13.013584,77.603164,Entire home/apt,Studio,2024-08-01,8,Monsoon,3334,316,166,1,0.65,20,3,66680,133,4.6,India,0
96,35525,Koramangala,13.013584,77.603164,Entire home/apt,Studio,2024-09-01,9,Autumn,3473,316,166,1,0.64,19,3,65987,286,4.5,India,0
96,35525,Koramangala,13.013584,77.603164,Entire home/apt,Studio,2024-10-01,10,Autumn,3631,316,166,1,0.51,16,2,58096,59,4.4,Germany,0
96,35525,Koramangala,13.013584,77.603164,Entire home/apt,Studio,2024-11-01,11,Winter,3343,316,166,1,0.58,17,4,56831,294,4.2,India,0
96,35525,Koramangala,13.013584,77.603164,Entire home/apt,Studio,2024-12-01,12,Winter,4203,316,166,1,0.62,19,2,79857,193,4.6,India,0
97,54520,Electronic City,12.972638,77.718957,Private room,Serviced Apartment,2024-01-01,1,Winter,5629,235,139,3,0.68,21,1,118209,324,4.7,UK,0
97,54520,Electronic City,12.972638,77.718957,Private room,Serviced Apartment,2024-02-01,2,Winter,4274,235,139,3,0.62,18,3,76932,161,4.6,India,0
97,54520,Electronic City,12.972638,77.718957,Private room,Serviced Apartment,2024-03-01,3,Spring,4883,235,139,3,0.29,9,2,43947,274,4.6,India,0
97,54520,Electronic City,12.972638,77.718957,Private room,Serviced Apartment,2024-04-01,4,Spring,5324,235,139,3,0.55,16,4,85184,127,4.2,India,0
97,54520,Electronic City,12.972638,77.718957,Private room,Serviced Apartment,2024-05-01,5,Spring,4513,235,139,3,0.65,20,2,90260,175,5.0,India,0
97,54520,Electronic City,12.972638,77.718957,Private room,Serviced Apartment,2024-06-01,6,Summer,4188,235,139,3,0.71,21,4,87948,243,4.7,India,0
97,54520,Electronic City,12.972638,77.718957,Private room,Serviced Apartment,2024-07-01,7,Monsoon,3967,235,139,3,0.65,20,2,79340,293,4.9,India,0
97,54520,Electronic City,12.972638,77.718957,Private room,Serviced Apartment,2024-08-01,8,Monsoon,4169,235,139,3,0.43,13,4,54197,349,4.8,UAE,0
97,54520,Electronic City,12.972638,77.718957,Private room,Serviced Apartment,2024-09-01,9,Autumn,4427,235,139,3,0.61,18,2,79686,102,4.5,India,0
97,54520,Electronic City,12.972638,77.718957,Private room,Serviced Apartment,2024-10-01,10,Autumn,4409,235,139,3,0.78,24,2,105816,135,4.5,India,0
97,54520,Electronic City,12.972638,77.718957,Private room,Serviced Apartment,2024-11-01,11,Winter,4216,235,139,3,0.54,16,2,67456,316,4.6,India,0
97,54520,Electronic City,12.972638,77.718957,Private room,Serviced Apartment,2024-12-01,12,Winter,5793,235,139,3,0.69,21,3,121653,61,4.2,UAE,0
98,96956,Marathahalli,12.945531,77.679273,Entire home/apt,Apartment,2024-01-01,1,Winter,8357,339,326,3,0.56,17,3,142069,252,4.7,UAE,0
98,96956,Marathahalli,12.945531,77.679273,Entire home/apt,Apartment,2024-02-01,2,Winter,6649,339,326,3,0.77,22,3,146278,140,4.9,India,0
98,96956,Marathahalli,12.945531,77.679273,Entire home/apt,Apartment,2024-03-01,3,Spring,7304,339,326,3,0.54,17,5,124168,261,4.3,India,0
98,96956,Marathahalli,12.945531,77.679273,Entire home/apt,Apartment,2024-04-01,4,Spring,7196,339,326,3,0.73,22,2,158312,295,4.4,India,0
98,96956,Marathahalli,12.945531,77.679273,Entire home/apt,Apartment,2024-05-01,5,Spring,6695,339,326,3,0.8,25,3,167375,216,4.1,India,0
98,96956,Marathahalli,12.945531,77.679273,Entire home/apt,Apartment,2024-06-01,6,Summer,6315,339,326,3,0.56,17,3,107355,257,4.6,India,0
98,96956,Marathahalli,12.945531,77.679273,Entire home/apt,Apartment,2024-07-01,7,Monsoon,5729,339,326,3,0.79,24,4,137496,89,4.7,India,0
98,96956,Marathahalli,12.945531,77.679273,Entire home/apt,Apartment,2024-08-01,8,Monsoon,5840,339,326,3,0.37,11,2,64240,265,4.0,India,0
98,96956,Marathahalli,12.945531,77.679273,Entire home/apt,Apartment,2024-09-01,9,Autumn,6538,339,326,3,0.27,8,3,52304,6,4.9,India,0
98,96956,Marathahalli,12.945531,77.679273,Entire home/apt,Apartment,2024-10-01,10,Autumn,6451,339,326,3,0.99,31,2,199981,51,5.0,India,0
98,96956,Marathahalli,12.945531,77.679273,Entire home/apt,Apartment,2024-11-01,11,Winter,6446,339,326,3,0.57,17,2,109582,280,4.9,India,0
98,96956,Marathahalli,12.945531,77.679273,Entire home/apt,Apartment,2024-12-01,12,Winter,8442,339,326,3,0.34,11,2,92862,313,3.8,India,0
99,65567,Hebbal,12.867637,77.675659,Entire home/apt,Serviced Apartment,2024-01-01,1,Winter,3540,387,223,5,0.67,21,2,74340,67,4.0,Netherlands,0
99,65567,Hebbal,12.867637,77.675659,Entire home/apt,Serviced Apartment,2024-02-01,2,Winter,2290,387,223,5,0.64,19,4,43510,138,4.2,Germany,0
99,65567,Hebbal,12.867637,77.675659,Entire home/apt,Serviced Apartment,2024-03-01,3,Spring,2625,387,223,5,0.54,17,3,44625,195,4.8,India,0
99,65567,Hebbal,12.867637,77.675659,Entire home/apt,Serviced Apartment,2024-04-01,4,Spring,3004,387,223,5,0.45,14,4,42056,76,4.4,India,0
99,65567,Hebbal,12.867637,77.675659,Entire home/apt,Serviced Apartment,2024-05-01,5,Spring,2679,387,223,5,0.31,10,1,26790,215,4.2,India,0
99,65567,Hebbal,12.867637,77.675659,Entire home/apt,Serviced Apartment,2024-06-01,6,Summer,2857,387,223,5,0.56,17,5,48569,322,4.6,India,0
99,65567,Hebbal,12.867637,77.675659,Entire home/apt,Serviced Apartment,2024-07-01,7,Monsoon,2278,387,223,5,0.49,15,3,34170,249,3.6,India,0
99,65567,Hebbal,12.867637,77.675659,Entire home/apt,Serviced Apartment,2024-08-01,8,Monsoon,2512,387,223,5,0.73,23,3,57776,290,3.9,India,0
99,65567,Hebbal,12.867637,77.675659,Entire home/apt,Serviced Apartment,2024-09-01,9,Autumn,2636,387,223,5,0.56,17,1,44812,83,5.0,India,0
99,65567,Hebbal,12.867637,77.675659,Entire home/apt,Serviced Apartment,2024-10-01,10,Autumn,2664,387,223,5,0.41,13,4,34632,243,3.7,France,0
99,65567,Hebbal,12.867637,77.675659,Entire home/apt,Serviced Apartment,2024-11-01,11,Winter,2773,387,223,5,0.82,25,3,69325,133,4.6,India,0
99,65567,Hebbal,12.867637,77.675659,Entire home/apt,Serviced Apartment,2024-12-01,12,Winter,3437,387,223,5,0.56,17,3,58429,131,4.5,India,0
100,56018,Richmond Town,12.779583,77.622768,Entire home/apt,Independent House,2024-01-01,1,Winter,3200,423,225,3,0.53,16,2,51200,261,4.1,India,0
100,56018,Richmond Town,12.779583,77.622768,Entire home/apt,Independent House,2024-02-01,2,Winter,2784,423,225,3,0.63,18,4,50112,195,4.3,India,0
100,56018,Richmond Town,12.779583,77.622768,Entire home/apt,Independent House,2024-03-01,3,Spring,2976,423,225,3,0.45,14,2,41664,74,4.2,Singapore,0
100,56018,Richmond Town,12.779583,77.622768,Entire home/apt,Independent House,2024-04-01,4,Spring,2625,423,225,3,0.26,8,3,21000,172,4.7,India,0
100,56018,Richmond Town,12.779583,77.622768,Entire home/apt,Independent House,2024-05-01,5,Spring,2158,423,225,3,0.34,11,3,23738,207,3.7,Australia,0
100,56018,Richmond Town,12.779583,77.622768,Entire home/apt,Independent House,2024-06-01,6,Summer,2507,423,225,3,0.51,15,1,37605,82,4.4,India,0
100,56018,Richmond Town,12.779583,77.622768,Entire home/apt,Independent House,2024-07-01,7,Monsoon,2063,423,225,3,0.35,11,2,22693,334,4.7,India,0
100,56018,Richmond Town,12.779583,77.622768,Entire home/apt,Independent House,2024-08-01,8,Monsoon,2161,423,225,3,0.58,18,2,38898,330,4.1,India,0
100,56018,Richmond Town,12.779583,77.622768,Entire home/apt,Independent House,2024-09-01,9,Autumn,2560,423,225,3,0.72,22,4,56320,185,4.7,USA,0
100,56018,Richmond Town,12.779583,77.622768,Entire home/apt,Independent House,2024-10-01,10,Autumn,2442,423,225,3,0.57,18,3,43956,230,4.4,India,0
100,56018,Richmond Town,12.779583,77.622768,Entire home/apt,Independent House,2024-11-01,11,Winter,2525,423,225,3,0.48,14,1,35350,120,4.4,India,0
100,56018,Richmond Town,12.779583,77.622768,Entire home/apt,Independent House,2024-12-01,12,Winter,3197,423,225,3,0.38,12,4,38364,40,4.1,India,0
101,22524,MG Road,13.074717,77.591956,Entire home/apt,Serviced Apartment,2024-01-01,1,Winter,2048,59,348,1,0.6,19,2,38912,316,4.1,India,0
101,22524,MG Road,13.074717,77.591956,Entire home/apt,Serviced Apartment,2024-02-01,2,Winter,1935,59,348,1,0.58,17,4,32895,158,3.7,India,0
101,22524,MG Road,13.074717,77.591956,Entire home/apt,Serviced Apartment,2024-03-01,3,Spring,2146,59,348,1,0.69,21,3,45066,226,4.1,India,0
101,22524,MG Road,13.074717,77.591956,Entire home/apt,Serviced Apartment,2024-04-01,4,Spring,2100,59,348,1,0.44,13,2,27300,87,4.5,India,0
101,22524,MG Road,13.074717,77.591956,Entire home/apt,Serviced Apartment,2024-05-01,5,Spring,1581,59,348,1,0.3,9,3,14229,166,4.3,Singapore,0
101,22524,MG Road,13.074717,77.591956,Entire home/apt,Serviced Apartment,2024-06-01,6,Summer,1809,59,348,1,0.51,15,2,27135,276,4.0,UAE,0
101,22524,MG Road,13.074717,77.591956,Entire home/apt,Serviced Apartment,2024-07-01,7,Monsoon,1570,59,348,1,0.61,19,3,29830,69,4.5,Canada,0
101,22524,MG Road,13.074717,77.591956,Entire home/apt,Serviced Apartment,2024-08-01,8,Monsoon,1685,59,348,1,0.47,15,3,25275,90,5.0,India,0
101,22524,MG Road,13.074717,77.591956,Entire home/apt,Serviced Apartment,2024-09-01,9,Autumn,1598,59,348,1,0.64,19,2,30362,325,5.0,Singapore,0
101,22524,MG Road,13.074717,77.591956,Entire home/apt,Serviced Apartment,2024-10-01,10,Autumn,1929,59,348,1,0.54,17,2,32793,327,4.3,India,0
101,22524,MG Road,13.074717,77.591956,Entire home/apt,Serviced Apartment,2024-11-01,11,Winter,2040,59,348,1,0.36,11,2,22440,276,4.1,India,0
101,22524,MG Road,13.074717,77.591956,Entire home/apt,Serviced Apartment,2024-12-01,12,Winter,2212,59,348,1,0.76,24,1,53088,157,4.7,India,0
102,49789,Indiranagar,12.700037,77.694614,Private room,Villa,2024-01-01,1,Winter,2800,253,226,5,0.49,15,3,42000,251,4.9,Canada,0
102,49789,Indiranagar,12.700037,77.694614,Private room,Villa,2024-02-01,2,Winter,2064,253,226,5,0.84,24,1,49536,220,4.8,Germany,0
102,49789,Indiranagar,12.700037,77.694614,Private room,Villa,2024-03-01,3,Spring,2789,253,226,5,0.53,16,3,44624,3,4.4,India,0
102,49789,Indiranagar,12.700037,77.694614,Private room,Villa,2024-04-01,4,Spring,2285,253,226,5,0.52,16,2,36560,287,4.7,India,0
102,49789,Indiranagar,12.700037,77.694614,Private room,Villa,2024-05-01,5,Spring,2597,253,226,5,0.43,13,2,33761,330,4.4,India,0
102,49789,Indiranagar,12.700037,77.694614,Private room,Villa,2024-06-01,6,Summer,2308,253,226,5,0.39,12,2,27696,134,4.7,India,0
102,49789,Indiranagar,12.700037,77.694614,Private room,Villa,2024-07-01,7,Monsoon,1960,253,226,5,0.57,18,3,35280,264,4.3,UK,0
102,49789,Indiranagar,12.700037,77.694614,Private room,Villa,2024-08-01,8,Monsoon,1947,253,226,5,0.6,19,4,36993,350,4.4,India,0
102,49789,Indiranagar,12.700037,77.694614,Private room,Villa,2024-09-01,9,Autumn,2264,253,226,5,0.49,15,3,33960,272,4.6,Germany,0
102,49789,Indiranagar,12.700037,77.694614,Private room,Villa,2024-10-01,10,Autumn,2668,253,226,5,0.62,19,2,50692,35,4.9,India,0
102,49789,Indiranagar,12.700037,77.694614,Private room,Villa,2024-11-01,11,Winter,2060,253,226,5,0.62,19,3,39140,316,4.1,India,0
102,49789,Indiranagar,12.700037,77.694614,Private room,Villa,2024-12-01,12,Winter,2627,253,226,5,0.49,15,3,39405,251,5.0,India,1
103,16505,Residency Road,12.708852,77.7417,Entire home/apt,Independent House,2024-01-01,1,Winter,5494,336,304,1,0.53,16,2,87904,77,4.6,India,0
103,16505,Residency Road,12.708852,77.7417,Entire home/apt,Independent House,2024-02-01,2,Winter,4675,336,304,1,0.28,8,2,37400,255,4.1,Netherlands,0
103,16505,Residency Road,12.708852,77.7417,Entire home/apt,Independent House,2024-03-01,3,Spring,5092,336,304,1,0.64,20,2,101840,16,3.6,India,0
103,16505,Residency Road,12.708852,77.7417,Entire home/apt,Independent House,2024-04-01,4,Spring,5072,336,304,1,0.58,17,4,86224,74,4.8,India,0
103,16505,Residency Road,12.708852,77.7417,Entire home/apt,Independent House,2024-05-01,5,Spring,4778,336,304,1,0.64,20,3,95560,36,4.2,India,0
103,16505,Residency Road,12.708852,77.7417,Entire home/apt,Independent House,2024-06-01,6,Summer,4259,336,304,1,0.5,15,2,63885,128,4.9,Germany,0
103,16505,Residency Road,12.708852,77.7417,Entire home/apt,Independent House,2024-07-01,7,Monsoon,4454,336,304,1,0.66,20,4,89080,62,4.7,Netherlands,0
103,16505,Residency Road,12.708852,77.7417,Entire home/apt,Independent House,2024-08-01,8,Monsoon,4251,336,304,1,0.47,15,3,63765,197,4.4,UK,0
103,16505,Residency Road,12.708852,77.7417,Entire home/apt,Independent House,2024-09-01,9,Autumn,4973,336,304,1,0.42,13,2,64649,17,5.0,India,0
103,16505,Residency Road,12.708852,77.7417,Entire home/apt,Independent House,2024-10-01,10,Autumn,4576,336,304,1,0.76,24,3,109824,48,3.9,India,0
103,16505,Residency Road,12.708852,77.7417,Entire home/apt,Independent House,2024-11-01,11,Winter,4757,336,304,1,0.45,14,2,66598,348,3.9,Canada,0
103,16505,Residency Road,12.708852,77.7417,Entire home/apt,Independent House,2024-12-01,12,Winter,5843,336,304,1,0.71,22,4,128546,81,4.2,India,1
104,82034,Brigade Road,12.748857,77.594369,Entire home/apt,Villa,2024-01-01,1,Winter,2109,286,106,2,0.65,20,5,42180,120,4.9,India,0
104,82034,Brigade Road,12.748857,77.594369,Entire home/apt,Villa,2024-02-01,2,Winter,1690,286,106,2,0.85,25,2,42250,141,4.6,India,0
104,82034,Brigade Road,12.748857,77.594369,Entire home/apt,Villa,2024-03-01,3,Spring,1802,286,106,2,0.33,10,2,18020,124,4.4,India,0
104,82034,Brigade Road,12.748857,77.594369,Entire home/apt,Villa,2024-04-01,4,Spring,1804,286,106,2,0.72,22,1,39688,243,4.7,India,0
104,82034,Brigade Road,12.748857,77.594369,Entire home/apt,Villa,2024-05-01,5,Spring,1466,286,106,2,0.6,19,2,27854,45,4.8,India,0
104,82034,Brigade Road,12.748857,77.594369,Entire home/apt,Villa,2024-06-01,6,Summer,2006,286,106,2,0.7,21,2,42126,316,4.8,India,0
104,82034,Brigade Road,12.748857,77.594369,Entire home/apt,Villa,2024-07-01,7,Monsoon,1542,286,106,2,0.63,20,5,30840,320,5.0,India,0
104,82034,Brigade Road,12.748857,77.594369,Entire home/apt,Villa,2024-08-01,8,Monsoon,1264,286,106,2,0.52,16,2,20224,78,4.2,USA,0
104,82034,Brigade Road,12.748857,77.594369,Entire home/apt,Villa,2024-09-01,9,Autumn,1776,286,106,2,0.76,23,3,40848,64,4.3,India,0
104,82034,Brigade Road,12.748857,77.594369,Entire home/apt,Villa,2024-10-01,10,Autumn,1223,286,106,2,0.51,16,2,19568,285,4.9,UK,0
104,82034,Brigade Road,12.748857,77.594369,Entire home/apt,Villa,2024-11-01,11,Winter,1808,286,106,2,0.64,19,4,34352,224,4.4,USA,0
104,82034,Brigade Road,12.748857,77.594369,Entire home/apt,Villa,2024-12-01,12,Winter,1871,286,106,2,0.65,20,1,37420,193,4.2,India,0
105,15175,Marathahalli,12.98265,77.617707,Entire home/apt,Serviced Apartment,2024-01-01,1,Winter,7534,385,177,2,0.49,15,3,113010,165,4.5,USA,0
105,15175,Marathahalli,12.98265,77.617707,Entire home/apt,Serviced Apartment,2024-02-01,2,Winter,6073,385,177,2,0.75,22,4,133606,283,4.6,India,0
105,15175,Marathahalli,12.98265,77.617707,Entire home/apt,Serviced Apartment,2024-03-01,3,Spring,6586,385,177,2,0.87,27,3,177822,230,4.5,India,0
105,15175,Marathahalli,12.98265,77.617707,Entire home/apt,Serviced Apartment,2024-04-01,4,Spring,6885,385,177,2,0.49,15,2,103275,187,4.6,India,0
105,15175,Marathahalli,12.98265,77.617707,Entire home/apt,Serviced Apartment,2024-05-01,5,Spring,6182,385,177,2,0.3,9,3,55638,259,5.0,India,0
105,15175,Marathahalli,12.98265,77.617707,Entire home/apt,Serviced Apartment,2024-06-01,6,Summer,6378,385,177,2,0.53,16,2,102048,9,4.1,India,0
105,15175,Marathahalli,12.98265,77.617707,Entire home/apt,Serviced Apartment,2024-07-01,7,Monsoon,5577,385,177,2,0.6,19,2,105963,317,4.6,India,0
105,15175,Marathahalli,12.98265,77.617707,Entire home/apt,Serviced Apartment,2024-08-01,8,Monsoon,5546,385,177,2,0.66,20,3,110920,337,5.0,Canada,0
105,15175,Marathahalli,12.98265,77.617707,Entire home/apt,Serviced Apartment,2024-09-01,9,Autumn,6233,385,177,2,0.43,13,4,81029,97,5.0,India,0
105,15175,Marathahalli,12.98265,77.617707,Entire home/apt,Serviced Apartment,2024-10-01,10,Autumn,6448,385,177,2,0.99,31,2,199888,282,4.1,India,0
105,15175,Marathahalli,12.98265,77.617707,Entire home/apt,Serviced Apartment,2024-11-01,11,Winter,6168,385,177,2,0.27,8,2,49344,164,4.7,India,0
105,15175,Marathahalli,12.98265,77.617707,Entire home/apt,Serviced Apartment,2024-12-01,12,Winter,7541,385,177,2,0.87,27,3,203607,34,4.2,India,0
106,33414,Koramangala,12.780832,77.595611,Entire home/apt,Studio,2024-01-01,1,Winter,1445,229,278,5,0.7,22,3,31790,302,3.7,India,0
106,33414,Koramangala,12.780832,77.595611,Entire home/apt,Studio,2024-02-01,2,Winter,1477,229,278,5,0.27,8,3,11816,36,4.4,India,0
106,33414,Koramangala,12.780832,77.595611,Entire home/apt,Studio,2024-03-01,3,Spring,1947,229,278,5,0.64,20,4,38940,335,4.2,India,0
106,33414,Koramangala,12.780832,77.595611,Entire home/apt,Studio,2024-04-01,4,Spring,1613,229,278,5,0.59,18,4,29034,40,4.7,India,0
106,33414,Koramangala,12.780832,77.595611,Entire home/apt,Studio,2024-05-01,5,Spring,1199,229,278,5,0.67,21,3,25179,184,3.4,India,0
106,33414,Koramangala,12.780832,77.595611,Entire home/apt,Studio,2024-06-01,6,Summer,1347,229,278,5,0.51,15,4,20205,212,4.8,France,0
106,33414,Koramangala,12.780832,77.595611,Entire home/apt,Studio,2024-07-01,7,Monsoon,1328,229,278,5,0.37,11,3,14608,29,4.1,France,0
106,33414,Koramangala,12.780832,77.595611,Entire home/apt,Studio,2024-08-01,8,Monsoon,1363,229,278,5,0.57,18,2,24534,20,4.3,USA,0
106,33414,Koramangala,12.780832,77.595611,Entire home/apt,Studio,2024-09-01,9,Autumn,1376,229,278,5,0.69,21,4,28896,39,4.3,Canada,0
106,33414,Koramangala,12.780832,77.595611,Entire home/apt,Studio,2024-10-01,10,Autumn,1455,229,278,5,0.91,28,5,40740,49,3.9,India,0
106,33414,Koramangala,12.780832,77.595611,Entire home/apt,Studio,2024-11-01,11,Winter,1102,229,278,5,0.7,21,2,23142,98,4.2,India,0
106,33414,Koramangala,12.780832,77.595611,Entire home/apt,Studio,2024-12-01,12,Winter,1777,229,278,5,0.47,15,2,26655,320,4.4,Canada,0
107,83156,Kalyan Nagar,12.998443,77.679885,Entire home/apt,Serviced Apartment,2024-01-01,1,Winter,6944,420,298,1,0.3,9,2,62496,92,4.0,India,0
107,83156,Kalyan Nagar,12.998443,77.679885,Entire home/apt,Serviced Apartment,2024-02-01,2,Winter,4851,420,298,1,0.39,11,3,53361,273,4.9,Netherlands,0
107,83156,Kalyan Nagar,12.998443,77.679885,Entire home/apt,Serviced Apartment,2024-03-01,3,Spring,6062,420,298,1,0.48,15,2,90930,180,4.5,UAE,0
107,83156,Kalyan Nagar,12.998443,77.679885,Entire home/apt,Serviced Apartment,2024-04-01,4,Spring,5822,420,298,1,0.54,16,3,93152,166,4.8,Australia,0
107,83156,Kalyan Nagar,12.998443,77.679885,Entire home/apt,Serviced Apartment,2024-05-01,5,Spring,5095,420,298,1,0.56,17,2,86615,324,4.9,India,0
107,83156,Kalyan Nagar,12.998443,77.679885,Entire home/apt,Serviced Apartment,2024-06-01,6,Summer,5335,420,298,1,0.62,19,3,101365,311,5.0,India,0
107,83156,Kalyan Nagar,12.998443,77.679885,Entire home/apt,Serviced Apartment,2024-07-01,7,Monsoon,4856,420,298,1,0.57,18,3,87408,192,4.2,UK,0
107,83156,Kalyan Nagar,12.998443,77.679885,Entire home/apt,Serviced Apartment,2024-08-01,8,Monsoon,4912,420,298,1,0.58,18,4,88416,130,4.6,India,0
107,83156,Kalyan Nagar,12.998443,77.679885,Entire home/apt,Serviced Apartment,2024-09-01,9,Autumn,5215,420,298,1,0.55,16,2,83440,203,5.0,India,0
107,83156,Kalyan Nagar,12.998443,77.679885,Entire home/apt,Serviced Apartment,2024-10-01,10,Autumn,5507,420,298,1,0.66,20,1,110140,145,4.4,India,0
107,83156,Kalyan Nagar,12.998443,77.679885,Entire home/apt,Serviced Apartment,2024-11-01,11,Winter,5567,420,298,1,0.56,17,5,94639,154,4.1,India,0
107,83156,Kalyan Nagar,12.998443,77.679885,Entire home/apt,Serviced Apartment,2024-12-01,12,Winter,6835,420,298,1,0.37,11,5,75185,109,4.2,Australia,1
108,46170,Residency Road,12.904509,77.6212,Entire home/apt,Apartment,2024-01-01,1,Winter,4421,344,99,5,0.72,22,2,97262,70,4.7,India,0
108,46170,Residency Road,12.904509,77.6212,Entire home/apt,Apartment,2024-02-01,2,Winter,3587,344,99,5,0.33,10,2,35870,131,4.4,Germany,0
108,46170,Residency Road,12.904509,77.6212,Entire home/apt,Apartment,2024-03-01,3,Spring,4010,344,99,5,0.57,18,1,72180,204,4.4,India,0
108,46170,Residency Road,12.904509,77.6212,Entire home/apt,Apartment,2024-04-01,4,Spring,3698,344,99,5,0.5,15,2,55470,39,4.4,USA,0
108,46170,Residency Road,12.904509,77.6212,Entire home/apt,Apartment,2024-05-01,5,Spring,3853,344,99,5,0.45,14,3,53942,88,5.0,India,0
108,46170,Residency Road,12.904509,77.6212,Entire home/apt,Apartment,2024-06-01,6,Summer,3345,344,99,5,0.75,22,4,73590,295,4.4,Germany,0
108,46170,Residency Road,12.904509,77.6212,Entire home/apt,Apartment,2024-07-01,7,Monsoon,3525,344,99,5,0.57,18,1,63450,328,5.0,India,0
108,46170,Residency Road,12.904509,77.6212,Entire home/apt,Apartment,2024-08-01,8,Monsoon,3277,344,99,5,0.39,12,3,39324,295,5.0,India,0
108,46170,Residency Road,12.904509,77.6212,Entire home/apt,Apartment,2024-09-01,9,Autumn,3705,344,99,5,0.59,18,3,66690,171,5.0,India,0
108,46170,Residency Road,12.904509,77.6212,Entire home/apt,Apartment,2024-10-01,10,Autumn,3521,344,99,5,0.65,20,4,70420,213,4.3,UAE,0
108,46170,Residency Road,12.904509,77.6212,Entire home/apt,Apartment,2024-11-01,11,Winter,3701,344,99,5,0.57,17,3,62917,334,3.9,Australia,0
108,46170,Residency Road,12.904509,77.6212,Entire home/apt,Apartment,2024-12-01,12,Winter,4503,344,99,5,0.76,24,4,108072,324,4.9,UK,0
109,49948,Brigade Road,12.716473,77.611979,Entire home/apt,Studio,2024-01-01,1,Winter,4222,336,193,2,0.77,24,1,101328,201,4.4,Netherlands,0
109,49948,Brigade Road,12.716473,77.611979,Entire home/apt,Studio,2024-02-01,2,Winter,3470,336,193,2,0.74,21,3,72870,46,4.2,India,0
109,49948,Brigade Road,12.716473,77.611979,Entire home/apt,Studio,2024-03-01,3,Spring,4077,336,193,2,0.34,11,2,44847,201,5.0,India,0
109,49948,Brigade Road,12.716473,77.611979,Entire home/apt,Studio,2024-04-01,4,Spring,3692,336,193,2,0.54,16,2,59072,243,3.7,India,0
109,49948,Brigade Road,12.716473,77.611979,Entire home/apt,Studio,2024-05-01,5,Spring,3334,336,193,2,0.42,13,1,43342,204,4.3,India,0
109,49948,Brigade Road,12.716473,77.611979,Entire home/apt,Studio,2024-06-01,6,Summer,3397,336,193,2,0.72,22,2,74734,222,4.6,UK,0
109,49948,Brigade Road,12.716473,77.611979,Entire home/apt,Studio,2024-07-01,7,Monsoon,3142,336,193,2,0.41,13,2,40846,69,4.1,India,0
109,49948,Brigade Road,12.716473,77.611979,Entire home/apt,Studio,2024-08-01,8,Monsoon,3440,336,193,2,0.46,14,2,48160,202,5.0,India,0
109,49948,Brigade Road,12.716473,77.611979,Entire home/apt,Studio,2024-09-01,9,Autumn,3376,336,193,2,0.57,17,2,57392,315,4.9,Netherlands,0
109,49948,Brigade Road,12.716473,77.611979,Entire home/apt,Studio,2024-10-01,10,Autumn,3678,336,193,2,0.55,17,3,62526,124,4.3,India,0
109,49948,Brigade Road,12.716473,77.611979,Entire home/apt,Studio,2024-11-01,11,Winter,3413,336,193,2,0.62,19,2,64847,294,4.9,India,0
109,49948,Brigade Road,12.716473,77.611979,Entire home/apt,Studio,2024-12-01,12,Winter,4280,336,193,2,0.66,20,3,85600,216,5.0,India,0
110,55157,Richmond Town,12.962164,77.680904,Entire home/apt,Villa,2024-01-01,1,Winter,4643,346,306,2,0.13,4,2,18572,119,4.7,India,0
110,55157,Richmond Town,12.962164,77.680904,Entire home/apt,Villa,2024-02-01,2,Winter,3939,346,306,2,0.45,13,3,51207,43,4.6,India,0
110,55157,Richmond Town,12.962164,77.680904,Entire home/apt,Villa,2024-03-01,3,Spring,4340,346,306,2,0.7,22,1,95480,317,4.5,UAE,0
110,55157,Richmond Town,12.962164,77.680904,Entire home/apt,Villa,2024-04-01,4,Spring,4203,346,306,2,0.68,20,4,84060,147,4.4,India,0
110,55157,Richmond Town,12.962164,77.680904,Entire home/apt,Villa,2024-05-01,5,Spring,4062,346,306,2,0.46,14,3,56868,56,4.2,India,0
110,55157,Richmond Town,12.962164,77.680904,Entire home/apt,Villa,2024-06-01,6,Summer,3973,346,306,2,0.53,16,2,63568,169,4.7,India,0
110,55157,Richmond Town,12.962164,77.680904,Entire home/apt,Villa,2024-07-01,7,Monsoon,3508,346,306,2,0.25,8,3,28064,104,4.3,India,0
110,55157,Richmond Town,12.962164,77.680904,Entire home/apt,Villa,2024-08-01,8,Monsoon,3719,346,306,2,0.48,15,3,55785,280,4.4,India,0
110,55157,Richmond Town,12.962164,77.680904,Entire home/apt,Villa,2024-09-01,9,Autumn,4154,346,306,2,0.42,13,3,54002,72,3.9,India,0
110,55157,Richmond Town,12.962164,77.680904,Entire home/apt,Villa,2024-10-01,10,Autumn,3925,346,306,2,0.46,14,3,54950,192,4.1,India,0
110,55157,Richmond Town,12.962164,77.680904,Entire home/apt,Villa,2024-11-01,11,Winter,3922,346,306,2,0.6,18,1,70596,87,4.5,India,0
110,55157,Richmond Town,12.962164,77.680904,Entire home/apt,Villa,2024-12-01,12,Winter,5007,346,306,2,0.8,25,2,125175,316,4.4,India,0
111,11092,MG Road,12.855458,77.531393,Private room,Villa,2024-01-01,1,Winter,4623,223,135,1,0.48,15,2,69345,332,4.3,India,0
111,11092,MG Road,12.855458,77.531393,Private room,Villa,2024-02-01,2,Winter,3905,223,135,1,0.92,27,3,105435,50,4.2,UAE,0
111,11092,MG Road,12.855458,77.531393,Private room,Villa,2024-03-01,3,Spring,4134,223,135,1,0.56,17,2,70278,305,4.7,India,0
111,11092,MG Road,12.855458,77.531393,Private room,Villa,2024-04-01,4,Spring,4269,223,135,1,0.76,23,2,98187,256,3.5,Canada,0
111,11092,MG Road,12.855458,77.531393,Private room,Villa,2024-05-01,5,Spring,3357,223,135,1,0.5,16,3,53712,11,4.9,India,0
111,11092,MG Road,12.855458,77.531393,Private room,Villa,2024-06-01,6,Summer,3521,223,135,1,0.12,4,4,14084,156,4.7,India,0
111,11092,MG Road,12.855458,77.531393,Private room,Villa,2024-07-01,7,Monsoon,3498,223,135,1,0.41,13,2,45474,80,4.1,India,0
111,11092,MG Road,12.855458,77.531393,Private room,Villa,2024-08-01,8,Monsoon,3257,223,135,1,0.59,18,3,58626,181,4.2,India,0
111,11092,MG Road,12.855458,77.531393,Private room,Villa,2024-09-01,9,Autumn,3932,223,135,1,0.14,4,2,15728,256,4.2,India,0
111,11092,MG Road,12.855458,77.531393,Private room,Villa,2024-10-01,10,Autumn,3609,223,135,1,0.53,16,1,57744,131,4.3,Singapore,0
111,11092,MG Road,12.855458,77.531393,Private room,Villa,2024-11-01,11,Winter,3993,223,135,1,0.29,9,4,35937,15,4.5,Canada,0
111,11092,MG Road,12.855458,77.531393,Private room,Villa,2024-12-01,12,Winter,4903,223,135,1,0.85,26,4,127478,115,4.3,India,0
112,96105,Jayanagar,12.735118,77.564662,Shared room,Studio,2024-01-01,1,Winter,4383,29,196,5,0.67,21,2,92043,78,4.5,India,0
112,96105,Jayanagar,12.735118,77.564662,Shared room,Studio,2024-02-01,2,Winter,4124,29,196,5,0.34,10,3,41240,229,4.7,India,0
112,96105,Jayanagar,12.735118,77.564662,Shared room,Studio,2024-03-01,3,Spring,4650,29,196,5,0.61,19,2,88350,70,4.6,India,0
112,96105,Jayanagar,12.735118,77.564662,Shared room,Studio,2024-04-01,4,Spring,4278,29,196,5,0.31,9,3,38502,103,5.0,Singapore,0
112,96105,Jayanagar,12.735118,77.564662,Shared room,Studio,2024-05-01,5,Spring,3767,29,196,5,0.62,19,2,71573,268,3.9,UAE,0
112,96105,Jayanagar,12.735118,77.564662,Shared room,Studio,2024-06-01,6,Summer,3654,29,196,5,0.76,23,2,84042,74,4.4,India,0
112,96105,Jayanagar,12.735118,77.564662,Shared room,Studio,2024-07-01,7,Monsoon,3790,29,196,5,0.53,16,3,60640,80,3.8,India,0
112,96105,Jayanagar,12.735118,77.564662,Shared room,Studio,2024-08-01,8,Monsoon,3678,29,196,5,0.45,14,3,51492,60,4.8,India,0
112,96105,Jayanagar,12.735118,77.564662,Shared room,Studio,2024-09-01,9,Autumn,3894,29,196,5,0.31,9,4,35046,74,4.6,USA,0
112,96105,Jayanagar,12.735118,77.564662,Shared room,Studio,2024-10-01,10,Autumn,4328,29,196,5,0.62,19,3,82232,211,4.5,Canada,0
112,96105,Jayanagar,12.735118,77.564662,Shared room,Studio,2024-11-01,11,Winter,4104,29,196,5,0.57,17,3,69768,326,4.6,UAE,0
112,96105,Jayanagar,12.735118,77.564662,Shared room,Studio,2024-12-01,12,Winter,4643,29,196,5,0.58,18,2,83574,96,4.9,India,0
113,90213,Richmond Town,12.806745,77.620113,Entire home/apt,Independent House,2024-01-01,1,Winter,3102,513,198,1,0.4,12,2,37224,244,4.9,India,0
113,90213,Richmond Town,12.806745,77.620113,Entire home/apt,Independent House,2024-02-01,2,Winter,2439,513,198,1,0.64,19,2,46341,332,4.4,India,0
113,90213,Richmond Town,12.806745,77.620113,Entire home/apt,Independent House,2024-03-01,3,Spring,2734,513,198,1,0.6,19,4,51946,251,4.6,India,0
113,90213,Richmond Town,12.806745,77.620113,Entire home/apt,Independent House,2024-04-01,4,Spring,2346,513,198,1,0.36,11,2,25806,115,4.9,India,0
113,90213,Richmond Town,12.806745,77.620113,Entire home/apt,Independent House,2024-05-01,5,Spring,2470,513,198,1,0.45,14,3,34580,7,4.0,UAE,0
113,90213,Richmond Town,12.806745,77.620113,Entire home/apt,Independent House,2024-06-01,6,Summer,2281,513,198,1,0.23,7,5,15967,113,4.5,USA,0
113,90213,Richmond Town,12.806745,77.620113,Entire home/apt,Independent House,2024-07-01,7,Monsoon,2127,513,198,1,0.38,12,5,25524,104,4.5,India,0
113,90213,Richmond Town,12.806745,77.620113,Entire home/apt,Independent House,2024-08-01,8,Monsoon,2318,513,198,1,0.84,26,4,60268,224,3.9,Singapore,0
113,90213,Richmond Town,12.806745,77.620113,Entire home/apt,Independent House,2024-09-01,9,Autumn,2727,513,198,1,0.67,20,2,54540,166,4.2,Singapore,0
113,90213,Richmond Town,12.806745,77.620113,Entire home/apt,Independent House,2024-10-01,10,Autumn,2536,513,198,1,0.46,14,4,35504,218,4.6,India,1
113,90213,Richmond Town,12.806745,77.620113,Entire home/apt,Independent House,2024-11-01,11,Winter,2797,513,198,1,0.62,19,3,53143,194,4.7,USA,0
113,90213,Richmond Town,12.806745,77.620113,Entire home/apt,Independent House,2024-12-01,12,Winter,3034,513,198,1,0.31,10,2,30340,292,4.4,India,0
114,15047,Brigade Road,12.743727,77.58707,Private room,Independent House,2024-01-01,1,Winter,5972,70,345,5,0.59,18,5,107496,20,4.1,India,0
114,15047,Brigade Road,12.743727,77.58707,Private room,Independent House,2024-02-01,2,Winter,4789,70,345,5,0.51,15,3,71835,25,4.0,India,0
114,15047,Brigade Road,12.743727,77.58707,Private room,Independent House,2024-03-01,3,Spring,5247,70,345,5,0.68,21,2,110187,155,4.0,UK,0
114,15047,Brigade Road,12.743727,77.58707,Private room,Independent House,2024-04-01,4,Spring,5122,70,345,5,0.48,14,2,71708,85,4.8,India,0
114,15047,Brigade Road,12.743727,77.58707,Private room,Independent House,2024-05-01,5,Spring,4908,70,345,5,0.5,16,3,78528,27,4.5,India,0
114,15047,Brigade Road,12.743727,77.58707,Private room,Independent House,2024-06-01,6,Summer,4598,70,345,5,0.65,20,4,91960,237,4.7,France,0
114,15047,Brigade Road,12.743727,77.58707,Private room,Independent House,2024-07-01,7,Monsoon,4371,70,345,5,0.72,22,2,96162,256,4.0,India,0
114,15047,Brigade Road,12.743727,77.58707,Private room,Independent House,2024-08-01,8,Monsoon,4677,70,345,5,0.59,18,3,84186,279,4.4,India,0
114,15047,Brigade Road,12.743727,77.58707,Private room,Independent House,2024-09-01,9,Autumn,4944,70,345,5,0.56,17,2,84048,230,5.0,India,0
114,15047,Brigade Road,12.743727,77.58707,Private room,Independent House,2024-10-01,10,Autumn,4732,70,345,5,0.46,14,2,66248,103,4.9,Singapore,0
114,15047,Brigade Road,12.743727,77.58707,Private room,Independent House,2024-11-01,11,Winter,4828,70,345,5,0.71,21,2,101388,332,5.0,UAE,0
114,15047,Brigade Road,12.743727,77.58707,Private room,Independent House,2024-12-01,12,Winter,6103,70,345,5,0.67,21,3,128163,63,4.0,India,0
115,93109,Rajajinagar,12.734123,77.662184,Private room,Studio,2024-01-01,1,Winter,5600,329,161,5,0.45,14,3,78400,22,3.8,UK,0
115,93109,Rajajinagar,12.734123,77.662184,Private room,Studio,2024-02-01,2,Winter,4505,329,161,5,0.23,7,3,31535,337,4.4,Singapore,0
115,93109,Rajajinagar,12.734123,77.662184,Private room,Studio,2024-03-01,3,Spring,5033,329,161,5,0.57,18,2,90594,74,5.0,India,0
115,93109,Rajajinagar,12.734123,77.662184,Private room,Studio,2024-04-01,4,Spring,5050,329,161,5,0.44,13,3,65650,214,4.5,India,0
115,93109,Rajajinagar,12.734123,77.662184,Private room,Studio,2024-05-01,5,Spring,4396,329,161,5,0.31,10,3,43960,228,4.1,India,0
115,93109,Rajajinagar,12.734123,77.662184,Private room,Studio,2024-06-01,6,Summer,4293,329,161,5,0.24,7,2,30051,67,4.5,Canada,0
115,93109,Rajajinagar,12.734123,77.662184,Private room,Studio,2024-07-01,7,Monsoon,3915,329,161,5,0.29,9,1,35235,129,4.7,India,0
115,93109,Rajajinagar,12.734123,77.662184,Private room,Studio,2024-08-01,8,Monsoon,4107,329,161,5,0.58,18,2,73926,255,4.4,India,0
115,93109,Rajajinagar,12.734123,77.662184,Private room,Studio,2024-09-01,9,Autumn,4523,329,161,5,0.64,19,1,85937,252,4.6,India,0
115,93109,Rajajinagar,12.734123,77.662184,Private room,Studio,2024-10-01,10,Autumn,4241,329,161,5,0.58,18,3,76338,243,5.0,India,0
115,93109,Rajajinagar,12.734123,77.662184,Private room,Studio,2024-11-01,11,Winter,4286,329,161,5,0.86,26,3,111436,3,4.3,India,0
115,93109,Rajajinagar,12.734123,77.662184,Private room,Studio,2024-12-01,12,Winter,5512,329,161,5,0.44,14,3,77168,317,4.6,India,0
116,37215,Koramangala,12.773936,77.466519,Entire home/apt,Independent House,2024-01-01,1,Winter,1543,218,96,3,0.61,19,2,29317,44,4.9,India,0
116,37215,Koramangala,12.773936,77.466519,Entire home/apt,Independent House,2024-02-01,2,Winter,1538,218,96,3,0.23,7,2,10766,344,5.0,India,0
116,37215,Koramangala,12.773936,77.466519,Entire home/apt,Independent House,2024-03-01,3,Spring,1608,218,96,3,0.47,15,3,24120,304,4.6,India,0
116,37215,Koramangala,12.773936,77.466519,Entire home/apt,Independent House,2024-04-01,4,Spring,1584,218,96,3,0.49,15,3,23760,233,4.6,USA,0
116,37215,Koramangala,12.773936,77.466519,Entire home/apt,Independent House,2024-05-01,5,Spring,1288,218,96,3,0.53,16,2,20608,18,4.2,India,0
116,37215,Koramangala,12.773936,77.466519,Entire home/apt,Independent House,2024-06-01,6,Summer,1123,218,96,3,0.61,18,2,20214,188,4.7,UAE,0
116,37215,Koramangala,12.773936,77.466519,Entire home/apt,Independent House,2024-07-01,7,Monsoon,1370,218,96,3,0.71,22,4,30140,218,4.6,Australia,0
116,37215,Koramangala,12.773936,77.466519,Entire home/apt,Independent House,2024-08-01,8,Monsoon,1162,218,96,3,0.71,22,1,25564,241,4.0,India,0
116,37215,Koramangala,12.773936,77.466519,Entire home/apt,Independent House,2024-09-01,9,Autumn,1229,218,96,3,0.44,13,3,15977,140,4.9,India,0
116,37215,Koramangala,12.773936,77.466519,Entire home/apt,Independent House,2024-10-01,10,Autumn,1597,218,96,3,0.66,20,2,31940,107,4.9,India,0
116,37215,Koramangala,12.773936,77.466519,Entire home/apt,Independent House,2024-11-01,11,Winter,1234,218,96,3,0.64,19,2,23446,322,4.4,India,0
116,37215,Koramangala,12.773936,77.466519,Entire home/apt,Independent House,2024-12-01,12,Winter,1930,218,96,3,0.57,18,1,34740,309,4.3,UAE,0
117,47642,Kalyan Nagar,12.943538,77.544947,Entire home/apt,Studio,2024-01-01,1,Winter,5053,431,261,2,0.51,16,3,80848,254,4.1,India,0
117,47642,Kalyan Nagar,12.943538,77.544947,Entire home/apt,Studio,2024-02-01,2,Winter,3650,431,261,2,0.54,16,2,58400,92,4.7,Singapore,0
117,47642,Kalyan Nagar,12.943538,77.544947,Entire home/apt,Studio,2024-03-01,3,Spring,4615,431,261,2,0.22,7,2,32305,148,4.4,Netherlands,0
117,47642,Kalyan Nagar,12.943538,77.544947,Entire home/apt,Studio,2024-04-01,4,Spring,4120,431,261,2,0.72,22,1,90640,12,4.1,India,0
117,47642,Kalyan Nagar,12.943538,77.544947,Entire home/apt,Studio,2024-05-01,5,Spring,4400,431,261,2,0.66,20,3,88000,106,4.1,Germany,0
117,47642,Kalyan Nagar,12.943538,77.544947,Entire home/apt,Studio,2024-06-01,6,Summer,3923,431,261,2,0.57,17,5,66691,211,4.2,India,0
117,47642,Kalyan Nagar,12.943538,77.544947,Entire home/apt,Studio,2024-07-01,7,Monsoon,3754,431,261,2,0.44,14,2,52556,326,3.8,India,0
117,47642,Kalyan Nagar,12.943538,77.544947,Entire home/apt,Studio,2024-08-01,8,Monsoon,3288,431,261,2,0.55,17,3,55896,144,4.3,India,0
117,47642,Kalyan Nagar,12.943538,77.544947,Entire home/apt,Studio,2024-09-01,9,Autumn,4039,431,261,2,0.62,19,1,76741,153,5.0,India,0
117,47642,Kalyan Nagar,12.943538,77.544947,Entire home/apt,Studio,2024-10-01,10,Autumn,4095,431,261,2,0.46,14,2,57330,3,4.7,India,0
117,47642,Kalyan Nagar,12.943538,77.544947,Entire home/apt,Studio,2024-11-01,11,Winter,3878,431,261,2,0.55,16,2,62048,291,4.7,India,0
117,47642,Kalyan Nagar,12.943538,77.544947,Entire home/apt,Studio,2024-12-01,12,Winter,5322,431,261,2,0.22,7,1,37254,89,4.2,India,0
118,98142,Marathahalli,13.066465,77.689176,Entire home/apt,Serviced Apartment,2024-01-01,1,Winter,3153,314,159,5,0.81,25,4,78825,274,4.3,UAE,0
118,98142,Marathahalli,13.066465,77.689176,Entire home/apt,Serviced Apartment,2024-02-01,2,Winter,2347,314,159,5,0.76,22,4,51634,28,4.6,France,0
118,98142,Marathahalli,13.066465,77.689176,Entire home/apt,Serviced Apartment,2024-03-01,3,Spring,2943,314,159,5,0.63,20,2,58860,347,4.0,India,0
118,98142,Marathahalli,13.066465,77.689176,Entire home/apt,Serviced Apartment,2024-04-01,4,Spring,2424,314,159,5,0.35,10,3,24240,106,4.8,India,0
118,98142,Marathahalli,13.066465,77.689176,Entire home/apt,Serviced Apartment,2024-05-01,5,Spring,2683,314,159,5,0.86,27,2,72441,181,4.8,India,0
118,98142,Marathahalli,13.066465,77.689176,Entire home/apt,Serviced Apartment,2024-06-01,6,Summer,2678,314,159,5,0.5,15,2,40170,15,4.0,India,0
118,98142,Marathahalli,13.066465,77.689176,Entire home/apt,Serviced Apartment,2024-07-01,7,Monsoon,2371,314,159,5,0.65,20,2,47420,273,4.5,Australia,0
118,98142,Marathahalli,13.066465,77.689176,Entire home/apt,Serviced Apartment,2024-08-01,8,Monsoon,2278,314,159,5,0.63,20,3,45560,199,5.0,India,0
118,98142,Marathahalli,13.066465,77.689176,Entire home/apt,Serviced Apartment,2024-09-01,9,Autumn,2704,314,159,5,0.67,20,2,54080,157,4.8,USA,0
118,98142,Marathahalli,13.066465,77.689176,Entire home/apt,Serviced Apartment,2024-10-01,10,Autumn,2548,314,159,5,0.52,16,2,40768,16,4.8,India,0
118,98142,Marathahalli,13.066465,77.689176,Entire home/apt,Serviced Apartment,2024-11-01,11,Winter,2168,314,159,5,0.74,22,4,47696,190,4.0,India,0
118,98142,Marathahalli,13.066465,77.689176,Entire home/apt,Serviced Apartment,2024-12-01,12,Winter,3114,314,159,5,0.46,14,5,43596,110,4.7,India,0
119,59049,Koramangala,13.011116,77.724006,Entire home/apt,Apartment,2024-01-01,1,Winter,4407,60,327,2,0.5,16,2,70512,247,4.9,USA,0
119,59049,Koramangala,13.011116,77.724006,Entire home/apt,Apartment,2024-02-01,2,Winter,3459,60,327,2,0.65,19,3,65721,73,4.1,UK,0
119,59049,Koramangala,13.011116,77.724006,Entire home/apt,Apartment,2024-03-01,3,Spring,3687,60,327,2,0.52,16,1,58992,264,4.8,India,0
119,59049,Koramangala,13.011116,77.724006,Entire home/apt,Apartment,2024-04-01,4,Spring,4139,60,327,2,0.46,14,2,57946,18,4.9,India,0
119,59049,Koramangala,13.011116,77.724006,Entire home/apt,Apartment,2024-05-01,5,Spring,3026,60,327,2,0.41,13,3,39338,267,4.1,India,0
119,59049,Koramangala,13.011116,77.724006,Entire home/apt,Apartment,2024-06-01,6,Summer,3189,60,327,2,0.35,10,2,31890,22,4.7,India,0
119,59049,Koramangala,13.011116,77.724006,Entire home/apt,Apartment,2024-07-01,7,Monsoon,3071,60,327,2,0.64,20,3,61420,44,4.8,India,0
119,59049,Koramangala,13.011116,77.724006,Entire home/apt,Apartment,2024-08-01,8,Monsoon,3166,60,327,2,0.68,21,4,66486,52,4.5,India,0
119,59049,Koramangala,13.011116,77.724006,Entire home/apt,Apartment,2024-09-01,9,Autumn,3222,60,327,2,0.74,22,3,70884,159,4.3,India,0
119,59049,Koramangala,13.011116,77.724006,Entire home/apt,Apartment,2024-10-01,10,Autumn,3272,60,327,2,0.56,17,3,55624,327,4.1,UAE,0
119,59049,Koramangala,13.011116,77.724006,Entire home/apt,Apartment,2024-11-01,11,Winter,3376,60,327,2,0.64,19,2,64144,141,4.6,India,0
119,59049,Koramangala,13.011116,77.724006,Entire home/apt,Apartment,2024-12-01,12,Winter,4144,60,327,2,0.51,16,3,66304,343,4.9,India,0
120,45866,Whitefield,12.706103,77.636883,Entire home/apt,Independent House,2024-01-01,1,Winter,5354,611,357,3,0.73,23,3,123142,138,3.9,India,0
120,45866,Whitefield,12.706103,77.636883,Entire home/apt,Independent House,2024-02-01,2,Winter,4247,611,357,3,0.55,16,2,67952,125,4.3,India,0
120,45866,Whitefield,12.706103,77.636883,Entire home/apt,Independent House,2024-03-01,3,Spring,4537,611,357,3,0.7,22,2,99814,173,4.7,India,0
120,45866,Whitefield,12.706103,77.636883,Entire home/apt,Independent House,2024-04-01,4,Spring,4329,611,357,3,0.67,20,1,86580,14,4.2,India,0
120,45866,Whitefield,12.706103,77.636883,Entire home/apt,Independent House,2024-05-01,5,Spring,4138,611,357,3,0.51,16,3,66208,54,4.4,India,0
120,45866,Whitefield,12.706103,77.636883,Entire home/apt,Independent House,2024-06-01,6,Summer,4248,611,357,3,0.4,12,1,50976,200,5.0,India,0
120,45866,Whitefield,12.706103,77.636883,Entire home/apt,Independent House,2024-07-01,7,Monsoon,3321,611,357,3,0.47,15,3,49815,303,4.6,India,0
120,45866,Whitefield,12.706103,77.636883,Entire home/apt,Independent House,2024-08-01,8,Monsoon,3801,611,357,3,0.54,17,3,64617,228,4.5,India,0
120,45866,Whitefield,12.706103,77.636883,Entire home/apt,Independent House,2024-09-01,9,Autumn,4177,611,357,3,0.52,16,2,66832,101,5.0,USA,0
120,45866,Whitefield,12.706103,77.636883,Entire home/apt,Independent House,2024-10-01,10,Autumn,4262,611,357,3,0.69,21,3,89502,273,4.1,India,0
120,45866,Whitefield,12.706103,77.636883,Entire home/apt,Independent House,2024-11-01,11,Winter,4080,611,357,3,0.51,15,3,61200,290,4.1,India,0
120,45866,Whitefield,12.706103,77.636883,Entire home/apt,Independent House,2024-12-01,12,Winter,5190,611,357,3,0.48,15,4,77850,239,4.8,India,0
121,94465,Electronic City,12.888218,77.734234,Entire home/apt,Studio,2024-01-01,1,Winter,2589,557,212,3,0.63,20,2,51780,340,4.8,India,0
121,94465,Electronic City,12.888218,77.734234,Entire home/apt,Studio,2024-02-01,2,Winter,2101,557,212,3,0.73,21,2,44121,249,4.0,India,0
121,94465,Electronic City,12.888218,77.734234,Entire home/apt,Studio,2024-03-01,3,Spring,2726,557,212,3,0.6,19,2,51794,179,4.3,India,0
121,94465,Electronic City,12.888218,77.734234,Entire home/apt,Studio,2024-04-01,4,Spring,2377,557,212,3,0.72,22,4,52294,144,4.3,UK,0
121,94465,Electronic City,12.888218,77.734234,Entire home/apt,Studio,2024-05-01,5,Spring,2066,557,212,3,0.57,18,3,37188,65,4.0,India,0
121,94465,Electronic City,12.888218,77.734234,Entire home/apt,Studio,2024-06-01,6,Summer,2579,557,212,3,0.52,16,2,41264,54,4.8,India,0
121,94465,Electronic City,12.888218,77.734234,Entire home/apt,Studio,2024-07-01,7,Monsoon,2034,557,212,3,0.45,14,3,28476,154,4.5,India,0
121,94465,Electronic City,12.888218,77.734234,Entire home/apt,Studio,2024-08-01,8,Monsoon,2149,557,212,3,0.57,18,2,38682,211,5.0,India,0
121,94465,Electronic City,12.888218,77.734234,Entire home/apt,Studio,2024-09-01,9,Autumn,2419,557,212,3,0.74,22,2,53218,81,4.3,Netherlands,0
121,94465,Electronic City,12.888218,77.734234,Entire home/apt,Studio,2024-10-01,10,Autumn,2000,557,212,3,0.51,16,2,32000,174,4.6,India,0
121,94465,Electronic City,12.888218,77.734234,Entire home/apt,Studio,2024-11-01,11,Winter,2324,557,212,3,0.27,8,2,18592,222,4.5,India,0
121,94465,Electronic City,12.888218,77.734234,Entire home/apt,Studio,2024-12-01,12,Winter,2799,557,212,3,0.56,17,2,47583,120,5.0,India,0
122,85260,Marathahalli,12.745729,77.628823,Entire home/apt,Apartment,2024-01-01,1,Winter,4964,496,307,2,0.73,23,2,114172,207,5.0,India,0
122,85260,Marathahalli,12.745729,77.628823,Entire home/apt,Apartment,2024-02-01,2,Winter,4268,496,307,2,0.42,12,4,51216,194,4.4,India,0
122,85260,Marathahalli,12.745729,77.628823,Entire home/apt,Apartment,2024-03-01,3,Spring,4337,496,307,2,0.66,20,3,86740,31,4.8,India,0
122,85260,Marathahalli,12.745729,77.628823,Entire home/apt,Apartment,2024-04-01,4,Spring,4239,496,307,2,0.6,18,4,76302,297,3.7,UAE,0
122,85260,Marathahalli,12.745729,77.628823,Entire home/apt,Apartment,2024-05-01,5,Spring,4294,496,307,2,0.51,16,3,68704,0,4.5,UK,0
122,85260,Marathahalli,12.745729,77.628823,Entire home/apt,Apartment,2024-06-01,6,Summer,3945,496,307,2,0.76,23,3,90735,231,3.4,India,0
122,85260,Marathahalli,12.745729,77.628823,Entire home/apt,Apartment,2024-07-01,7,Monsoon,3602,496,307,2,0.57,18,2,64836,295,4.3,India,0
122,85260,Marathahalli,12.745729,77.628823,Entire home/apt,Apartment,2024-08-01,8,Monsoon,3950,496,307,2,0.45,14,2,55300,162,4.8,India,0
122,85260,Marathahalli,12.745729,77.628823,Entire home/apt,Apartment,2024-09-01,9,Autumn,4077,496,307,2,0.77,23,3,93771,347,4.2,India,0
122,85260,Marathahalli,12.745729,77.628823,Entire home/apt,Apartment,2024-10-01,10,Autumn,3860,496,307,2,0.75,23,4,88780,222,4.7,USA,0
122,85260,Marathahalli,12.745729,77.628823,Entire home/apt,Apartment,2024-11-01,11,Winter,3698,496,307,2,0.5,15,5,55470,298,4.7,India,0
122,85260,Marathahalli,12.745729,77.628823,Entire home/apt,Apartment,2024-12-01,12,Winter,5174,496,307,2,0.48,15,5,77610,206,3.3,Australia,0
123,18180,Rajajinagar,13.06043,77.74037,Entire home/apt,Studio,2024-01-01,1,Winter,4755,116,263,1,0.12,4,4,19020,15,4.8,India,0
123,18180,Rajajinagar,13.06043,77.74037,Entire home/apt,Studio,2024-02-01,2,Winter,4152,116,263,1,0.51,15,2,62280,162,5.0,USA,0
123,18180,Rajajinagar,13.06043,77.74037,Entire home/apt,Studio,2024-03-01,3,Spring,4666,116,263,1,0.79,24,2,111984,222,3.9,India,0
123,18180,Rajajinagar,13.06043,77.74037,Entire home/apt,Studio,2024-04-01,4,Spring,4533,116,263,1,0.3,9,3,40797,243,4.4,India,0
123,18180,Rajajinagar,13.06043,77.74037,Entire home/apt,Studio,2024-05-01,5,Spring,4078,116,263,1,0.64,20,3,81560,184,4.5,France,0
123,18180,Rajajinagar,13.06043,77.74037,Entire home/apt,Studio,2024-06-01,6,Summer,4251,116,263,1,0.65,20,2,85020,343,5.0,India,0
123,18180,Rajajinagar,13.06043,77.74037,Entire home/apt,Studio,2024-07-01,7,Monsoon,3651,116,263,1,0.4,12,1,43812,331,4.6,India,0
123,18180,Rajajinagar,13.06043,77.74037,Entire home/apt,Studio,2024-08-01,8,Monsoon,3554,116,263,1,0.77,24,3,85296,249,4.4,India,0
123,18180,Rajajinagar,13.06043,77.74037,Entire home/apt,Studio,2024-09-01,9,Autumn,4014,116,263,1,0.47,14,5,56196,69,4.8,India,0
123,18180,Rajajinagar,13.06043,77.74037,Entire home/apt,Studio,2024-10-01,10,Autumn,4096,116,263,1,0.45,14,3,57344,212,5.0,Singapore,0
123,18180,Rajajinagar,13.06043,77.74037,Entire home/apt,Studio,2024-11-01,11,Winter,3956,116,263,1,0.55,16,3,63296,217,4.8,India,0
123,18180,Rajajinagar,13.06043,77.74037,Entire home/apt,Studio,2024-12-01,12,Winter,4832,116,263,1,0.61,19,2,91808,217,4.1,India,0
124,56570,Frazer Town,12.774316,77.631372,Entire home/apt,Independent House,2024-01-01,1,Winter,5746,155,336,3,0.77,24,2,137904,279,4.8,India,1
124,56570,Frazer Town,12.774316,77.631372,Entire home/apt,Independent House,2024-02-01,2,Winter,4537,155,336,3,0.57,17,1,77129,247,4.3,USA,0
124,56570,Frazer Town,12.774316,77.631372,Entire home/apt,Independent House,2024-03-01,3,Spring,5229,155,336,3,0.5,16,2,83664,246,4.1,Canada,0
124,56570,Frazer Town,12.774316,77.631372,Entire home/apt,Independent House,2024-04-01,4,Spring,5068,155,336,3,0.48,14,1,70952,269,4.1,Netherlands,0
124,56570,Frazer Town,12.774316,77.631372,Entire home/apt,Independent House,2024-05-01,5,Spring,4199,155,336,3,0.53,16,5,67184,143,4.5,India,0
124,56570,Frazer Town,12.774316,77.631372,Entire home/apt,Independent House,2024-06-01,6,Summer,4535,155,336,3,0.74,22,1,99770,312,4.7,India,0
124,56570,Frazer Town,12.774316,77.631372,Entire home/apt,Independent House,2024-07-01,7,Monsoon,4000,155,336,3,0.57,18,2,72000,339,4.7,Canada,0
124,56570,Frazer Town,12.774316,77.631372,Entire home/apt,Independent House,2024-08-01,8,Monsoon,4292,155,336,3,0.62,19,1,81548,324,4.3,India,0
124,56570,Frazer Town,12.774316,77.631372,Entire home/apt,Independent House,2024-09-01,9,Autumn,4289,155,336,3,0.38,11,3,47179,313,4.8,India,0
124,56570,Frazer Town,12.774316,77.631372,Entire home/apt,Independent House,2024-10-01,10,Autumn,4602,155,336,3,0.69,21,2,96642,5,4.4,India,0
124,56570,Frazer Town,12.774316,77.631372,Entire home/apt,Independent House,2024-11-01,11,Winter,4768,155,336,3,0.53,16,2,76288,169,4.9,India,0
124,56570,Frazer Town,12.774316,77.631372,Entire home/apt,Independent House,2024-12-01,12,Winter,5601,155,336,3,0.51,16,5,89616,150,4.7,India,1
125,88333,Basavanagudi,12.990789,77.619112,Entire home/apt,Serviced Apartment,2024-01-01,1,Winter,5004,353,166,1,0.57,18,3,90072,149,5.0,Germany,0
125,88333,Basavanagudi,12.990789,77.619112,Entire home/apt,Serviced Apartment,2024-02-01,2,Winter,4227,353,166,1,0.68,20,2,84540,42,4.5,India,0
125,88333,Basavanagudi,12.990789,77.619112,Entire home/apt,Serviced Apartment,2024-03-01,3,Spring,4591,353,166,1,0.65,20,1,91820,142,4.5,India,0
125,88333,Basavanagudi,12.990789,77.619112,Entire home/apt,Serviced Apartment,2024-04-01,4,Spring,4330,353,166,1,0.56,17,3,73610,140,3.2,Australia,0
125,88333,Basavanagudi,12.990789,77.619112,Entire home/apt,Serviced Apartment,2024-05-01,5,Spring,4033,353,166,1,0.5,16,1,64528,57,5.0,India,0
125,88333,Basavanagudi,12.990789,77.619112,Entire home/apt,Serviced Apartment,2024-06-01,6,Summer,3994,353,166,1,0.39,12,4,47928,77,4.5,India,0
125,88333,Basavanagudi,12.990789,77.619112,Entire home/apt,Serviced Apartment,2024-07-01,7,Monsoon,3382,353,166,1,0.64,20,2,67640,89,4.6,India,0
125,88333,Basavanagudi,12.990789,77.619112,Entire home/apt,Serviced Apartment,2024-08-01,8,Monsoon,3782,353,166,1,0.45,14,3,52948,248,4.5,India,0
125,88333,Basavanagudi,12.990789,77.619112,Entire home/apt,Serviced Apartment,2024-09-01,9,Autumn,3718,353,166,1,0.68,20,3,74360,16,4.7,India,0
125,88333,Basavanagudi,12.990789,77.619112,Entire home/apt,Serviced Apartment,2024-10-01,10,Autumn,4090,353,166,1,0.57,18,1,73620,74,4.7,India,0
125,88333,Basavanagudi,12.990789,77.619112,Entire home/apt,Serviced Apartment,2024-11-01,11,Winter,4311,353,166,1,0.53,16,4,68976,211,4.6,UK,0
125,88333,Basavanagudi,12.990789,77.619112,Entire home/apt,Serviced Apartment,2024-12-01,12,Winter,4771,353,166,1,0.44,14,2,66794,225,4.5,USA,0
126,85727,Rajajinagar,12.72173,77.529319,Private room,Apartment,2024-01-01,1,Winter,5983,261,165,5,0.48,15,2,89745,154,4.3,India,0
126,85727,Rajajinagar,12.72173,77.529319,Private room,Apartment,2024-02-01,2,Winter,4882,261,165,5,0.32,9,4,43938,119,5.0,India,0
126,85727,Rajajinagar,12.72173,77.529319,Private room,Apartment,2024-03-01,3,Spring,5173,261,165,5,0.65,20,3,103460,242,4.0,India,0
126,85727,Rajajinagar,12.72173,77.529319,Private room,Apartment,2024-04-01,4,Spring,5439,261,165,5,0.64,19,3,103341,222,4.7,India,0
126,85727,Rajajinagar,12.72173,77.529319,Private room,Apartment,2024-05-01,5,Spring,4626,261,165,5,0.58,18,4,83268,229,4.0,India,0
126,85727,Rajajinagar,12.72173,77.529319,Private room,Apartment,2024-06-01,6,Summer,4774,261,165,5,0.7,21,2,100254,271,4.8,India,0
126,85727,Rajajinagar,12.72173,77.529319,Private room,Apartment,2024-07-01,7,Monsoon,4344,261,165,5,0.4,12,1,52128,272,4.8,India,0
126,85727,Rajajinagar,12.72173,77.529319,Private room,Apartment,2024-08-01,8,Monsoon,4344,261,165,5,0.19,6,5,26064,221,4.8,India,0
126,85727,Rajajinagar,12.72173,77.529319,Private room,Apartment,2024-09-01,9,Autumn,4820,261,165,5,0.72,22,3,106040,139,4.1,India,0
126,85727,Rajajinagar,12.72173,77.529319,Private room,Apartment,2024-10-01,10,Autumn,4189,261,165,5,0.58,18,2,75402,50,4.6,India,0
126,85727,Rajajinagar,12.72173,77.529319,Private room,Apartment,2024-11-01,11,Winter,4486,261,165,5,0.4,12,2,53832,345,5.0,USA,0
126,85727,Rajajinagar,12.72173,77.529319,Private room,Apartment,2024-12-01,12,Winter,5969,261,165,5,0.65,20,3,119380,301,4.2,UK,0
127,98829,HSR Layout,12.825308,77.453173,Entire home/apt,Apartment,2024-01-01,1,Winter,1185,274,86,5,0.47,15,1,17775,53,4.5,India,0
127,98829,HSR Layout,12.825308,77.453173,Entire home/apt,Apartment,2024-02-01,2,Winter,1043,274,86,5,0.51,15,3,15645,128,4.0,India,0
127,98829,HSR Layout,12.825308,77.453173,Entire home/apt,Apartment,2024-03-01,3,Spring,1187,274,86,5,0.24,7,1,8309,47,3.7,India,0
127,98829,HSR Layout,12.825308,77.453173,Entire home/apt,Apartment,2024-04-01,4,Spring,1237,274,86,5,0.6,18,3,22266,111,4.5,Canada,0
127,98829,HSR Layout,12.825308,77.453173,Entire home/apt,Apartment,2024-05-01,5,Spring,712,274,86,5,0.42,13,3,9256,61,4.4,India,0
127,98829,HSR Layout,12.825308,77.453173,Entire home/apt,Apartment,2024-06-01,6,Summer,672,274,86,5,0.42,13,3,8736,192,4.8,India,0
127,98829,HSR Layout,12.825308,77.453173,Entire home/apt,Apartment,2024-07-01,7,Monsoon,1176,274,86,5,0.47,15,4,17640,289,4.8,Germany,0
127,98829,HSR Layout,12.825308,77.453173,Entire home/apt,Apartment,2024-08-01,8,Monsoon,509,274,86,5,0.63,20,2,10180,56,4.2,India,0
127,98829,HSR Layout,12.825308,77.453173,Entire home/apt,Apartment,2024-09-01,9,Autumn,1052,274,86,5,0.49,15,2,15780,239,5.0,India,0
127,98829,HSR Layout,12.825308,77.453173,Entire home/apt,Apartment,2024-10-01,10,Autumn,817,274,86,5,0.62,19,1,15523,232,4.4,UAE,0
127,98829,HSR Layout,12.825308,77.453173,Entire home/apt,Apartment,2024-11-01,11,Winter,960,274,86,5,0.5,15,2,14400,341,4.2,UK,0
127,98829,HSR Layout,12.825308,77.453173,Entire home/apt,Apartment,2024-12-01,12,Winter,1236,274,86,5,0.52,16,2,19776,82,4.6,UK,0
128,18177,Malleshwaram,12.855436,77.748788,Entire home/apt,Villa,2024-01-01,1,Winter,4685,419,171,5,0.37,11,1,51535,102,4.8,India,0
128,18177,Malleshwaram,12.855436,77.748788,Entire home/apt,Villa,2024-02-01,2,Winter,3364,419,171,5,0.62,18,2,60552,73,4.7,India,0
128,18177,Malleshwaram,12.855436,77.748788,Entire home/apt,Villa,2024-03-01,3,Spring,3579,419,171,5,0.54,17,2,60843,314,4.3,India,0
128,18177,Malleshwaram,12.855436,77.748788,Entire home/apt,Villa,2024-04-01,4,Spring,3810,419,171,5,0.73,22,4,83820,132,4.2,India,0
128,18177,Malleshwaram,12.855436,77.748788,Entire home/apt,Villa,2024-05-01,5,Spring,3440,419,171,5,0.54,17,1,58480,292,4.8,USA,0
128,18177,Malleshwaram,12.855436,77.748788,Entire home/apt,Villa,2024-06-01,6,Summer,3573,419,171,5,0.7,21,3,75033,9,4.7,UAE,0
128,18177,Malleshwaram,12.855436,77.748788,Entire home/apt,Villa,2024-07-01,7,Monsoon,2805,419,171,5,0.45,14,2,39270,327,4.3,India,0
128,18177,Malleshwaram,12.855436,77.748788,Entire home/apt,Villa,2024-08-01,8,Monsoon,3335,419,171,5,0.13,4,1,13340,199,5.0,India,0
128,18177,Malleshwaram,12.855436,77.748788,Entire home/apt,Villa,2024-09-01,9,Autumn,3707,419,171,5,0.55,16,3,59312,200,5.0,India,0
128,18177,Malleshwaram,12.855436,77.748788,Entire home/apt,Villa,2024-10-01,10,Autumn,4069,419,171,5,0.66,20,3,81380,251,4.9,India,0
128,18177,Malleshwaram,12.855436,77.748788,Entire home/apt,Villa,2024-11-01,11,Winter,3627,419,171,5,0.51,15,3,54405,35,4.3,India,0
128,18177,Malleshwaram,12.855436,77.748788,Entire home/apt,Villa,2024-12-01,12,Winter,4336,419,171,5,0.43,13,1,56368,246,4.0,India,0
129,57044,Yeshwanthpur,12.972734,77.570184,Entire home/apt,Apartment,2024-01-01,1,Winter,4298,47,267,3,0.55,17,1,73066,235,4.6,UK,0
129,57044,Yeshwanthpur,12.972734,77.570184,Entire home/apt,Apartment,2024-02-01,2,Winter,3304,47,267,3,0.99,29,2,95816,283,5.0,India,0
129,57044,Yeshwanthpur,12.972734,77.570184,Entire home/apt,Apartment,2024-03-01,3,Spring,3500,47,267,3,0.59,18,2,63000,97,4.3,India,0
129,57044,Yeshwanthpur,12.972734,77.570184,Entire home/apt,Apartment,2024-04-01,4,Spring,3546,47,267,3,0.36,11,2,39006,54,4.7,India,0
129,57044,Yeshwanthpur,12.972734,77.570184,Entire home/apt,Apartment,2024-05-01,5,Spring,3272,47,267,3,0.7,22,2,71984,43,4.9,Singapore,0
129,57044,Yeshwanthpur,12.972734,77.570184,Entire home/apt,Apartment,2024-06-01,6,Summer,3682,47,267,3,0.43,13,2,47866,97,4.7,India,0
129,57044,Yeshwanthpur,12.972734,77.570184,Entire home/apt,Apartment,2024-07-01,7,Monsoon,3193,47,267,3,0.49,15,2,47895,303,4.2,India,0
129,57044,Yeshwanthpur,12.972734,77.570184,Entire home/apt,Apartment,2024-08-01,8,Monsoon,3388,47,267,3,0.59,18,2,60984,276,4.8,India,0
129,57044,Yeshwanthpur,12.972734,77.570184,Entire home/apt,Apartment,2024-09-01,9,Autumn,3244,47,267,3,0.37,11,2,35684,230,4.3,Canada,0
129,57044,Yeshwanthpur,12.972734,77.570184,Entire home/apt,Apartment,2024-10-01,10,Autumn,3384,47,267,3,0.4,12,1,40608,173,4.5,India,0
129,57044,Yeshwanthpur,12.972734,77.570184,Entire home/apt,Apartment,2024-11-01,11,Winter,3071,47,267,3,0.39,12,1,36852,60,4.8,India,0
129,57044,Yeshwanthpur,12.972734,77.570184,Entire home/apt,Apartment,2024-12-01,12,Winter,4380,47,267,3,0.5,16,3,70080,267,4.1,India,0
130,80328,Jayanagar,12.996421,77.519896,Entire home/apt,Independent House,2024-01-01,1,Winter,2961,244,330,1,0.68,21,2,62181,316,4.3,India,0
130,80328,Jayanagar,12.996421,77.519896,Entire home/apt,Independent House,2024-02-01,2,Winter,2037,244,330,1,0.58,17,2,34629,88,4.2,India,0
130,80328,Jayanagar,12.996421,77.519896,Entire home/apt,Independent House,2024-03-01,3,Spring,2390,244,330,1,0.74,23,4,54970,49,4.8,India,0
130,80328,Jayanagar,12.996421,77.519896,Entire home/apt,Independent House,2024-04-01,4,Spring,2524,244,330,1,0.35,10,2,25240,302,4.6,India,0
130,80328,Jayanagar,12.996421,77.519896,Entire home/apt,Independent House,2024-05-01,5,Spring,2479,244,330,1,0.49,15,4,37185,58,5.0,India,0
130,80328,Jayanagar,12.996421,77.519896,Entire home/apt,Independent House,2024-06-01,6,Summer,2525,244,330,1,0.79,24,3,60600,112,4.6,India,0
130,80328,Jayanagar,12.996421,77.519896,Entire home/apt,Independent House,2024-07-01,7,Monsoon,2157,244,330,1,0.75,23,2,49611,172,4.7,Germany,0
130,80328,Jayanagar,12.996421,77.519896,Entire home/apt,Independent House,2024-08-01,8,Monsoon,1940,244,330,1,0.48,15,5,29100,347,4.6,India,0
130,80328,Jayanagar,12.996421,77.519896,Entire home/apt,Independent House,2024-09-01,9,Autumn,2009,244,330,1,0.52,16,2,32144,350,4.9,India,0
130,80328,Jayanagar,12.996421,77.519896,Entire home/apt,Independent House,2024-10-01,10,Autumn,1829,244,330,1,0.77,24,2,43896,109,4.9,UK,0
130,80328,Jayanagar,12.996421,77.519896,Entire home/apt,Independent House,2024-11-01,11,Winter,2176,244,330,1,0.62,19,2,41344,61,4.5,India,0
130,80328,Jayanagar,12.996421,77.519896,Entire home/apt,Independent House,2024-12-01,12,Winter,3078,244,330,1,0.69,21,3,64638,86,3.9,India,0
131,67496,Frazer Town,13.07027,77.46221,Entire home/apt,Studio,2024-01-01,1,Winter,5271,269,272,2,0.49,15,1,79065,249,5.0,India,1
131,67496,Frazer Town,13.07027,77.46221,Entire home/apt,Studio,2024-02-01,2,Winter,4412,269,272,2,0.49,14,4,61768,333,4.0,India,0
131,67496,Frazer Town,13.07027,77.46221,Entire home/apt,Studio,2024-03-01,3,Spring,4547,269,272,2,0.67,21,2,95487,243,4.6,India,0
131,67496,Frazer Town,13.07027,77.46221,Entire home/apt,Studio,2024-04-01,4,Spring,4874,269,272,2,0.72,22,2,107228,327,4.9,India,0
131,67496,Frazer Town,13.07027,77.46221,Entire home/apt,Studio,2024-05-01,5,Spring,4269,269,272,2,0.39,12,2,51228,122,4.4,UAE,0
131,67496,Frazer Town,13.07027,77.46221,Entire home/apt,Studio,2024-06-01,6,Summer,4416,269,272,2,0.59,18,3,79488,19,4.7,India,0
131,67496,Frazer Town,13.07027,77.46221,Entire home/apt,Studio,2024-07-01,7,Monsoon,3720,269,272,2,0.45,14,3,52080,313,4.5,Canada,0
131,67496,Frazer Town,13.07027,77.46221,Entire home/apt,Studio,2024-08-01,8,Monsoon,3844,269,272,2,0.5,16,3,61504,154,4.4,India,0
131,67496,Frazer Town,13.07027,77.46221,Entire home/apt,Studio,2024-09-01,9,Autumn,4017,269,272,2,0.77,23,1,92391,120,4.4,India,0
131,67496,Frazer Town,13.07027,77.46221,Entire home/apt,Studio,2024-10-01,10,Autumn,4494,269,272,2,0.83,26,5,116844,48,4.5,India,0
131,67496,Frazer Town,13.07027,77.46221,Entire home/apt,Studio,2024-11-01,11,Winter,4003,269,272,2,0.29,9,5,36027,259,3.9,India,0
131,67496,Frazer Town,13.07027,77.46221,Entire home/apt,Studio,2024-12-01,12,Winter,4981,269,272,2,0.81,25,3,124525,337,4.5,India,1
132,24769,Jayanagar,12.974098,77.740572,Entire home/apt,Independent House,2024-01-01,1,Winter,4719,0,161,1,0.68,21,1,99099,186,4.6,India,0
132,24769,Jayanagar,12.974098,77.740572,Entire home/apt,Independent House,2024-02-01,2,Winter,3938,0,161,1,0.63,18,2,70884,232,5.0,India,0
132,24769,Jayanagar,12.974098,77.740572,Entire home/apt,Independent House,2024-03-01,3,Spring,4319,0,161,1,0.55,17,3,73423,275,4.6,India,0
132,24769,Jayanagar,12.974098,77.740572,Entire home/apt,Independent House,2024-04-01,4,Spring,4841,0,161,1,0.23,7,3,33887,248,4.8,India,0
132,24769,Jayanagar,12.974098,77.740572,Entire home/apt,Independent House,2024-05-01,5,Spring,3945,0,161,1,0.63,20,1,78900,120,4.2,USA,0
132,24769,Jayanagar,12.974098,77.740572,Entire home/apt,Independent House,2024-06-01,6,Summer,3958,0,161,1,0.65,20,3,79160,166,5.0,India,0
132,24769,Jayanagar,12.974098,77.740572,Entire home/apt,Independent House,2024-07-01,7,Monsoon,3731,0,161,1,0.42,13,3,48503,166,4.3,India,0
132,24769,Jayanagar,12.974098,77.740572,Entire home/apt,Independent House,2024-08-01,8,Monsoon,3480,0,161,1,0.27,8,2,27840,116,4.4,India,0
132,24769,Jayanagar,12.974098,77.740572,Entire home/apt,Independent House,2024-09-01,9,Autumn,4113,0,161,1,0.35,10,3,41130,102,4.9,India,0
132,24769,Jayanagar,12.974098,77.740572,Entire home/apt,Independent House,2024-10-01,10,Autumn,4064,0,161,1,0.43,13,2,52832,241,4.4,India,1
132,24769,Jayanagar,12.974098,77.740572,Entire home/apt,Independent House,2024-11-01,11,Winter,4286,0,161,1,0.65,20,2,85720,110,4.5,UAE,0
132,24769,Jayanagar,12.974098,77.740572,Entire home/apt,Independent House,2024-12-01,12,Winter,4911,0,161,1,0.55,17,2,83487,198,4.3,India,0
133,35448,Rajajinagar,13.090222,77.510663,Entire home/apt,Studio,2024-01-01,1,Winter,1248,606,110,3,0.6,19,2,23712,238,4.5,India,0
133,35448,Rajajinagar,13.090222,77.510663,Entire home/apt,Studio,2024-02-01,2,Winter,827,606,110,3,0.51,15,2,12405,151,3.9,India,0
133,35448,Rajajinagar,13.090222,77.510663,Entire home/apt,Studio,2024-03-01,3,Spring,1526,606,110,3,0.36,11,3,16786,326,4.1,Canada,0
133,35448,Rajajinagar,13.090222,77.510663,Entire home/apt,Studio,2024-04-01,4,Spring,983,606,110,3,0.74,22,4,21626,295,4.5,Netherlands,0
133,35448,Rajajinagar,13.090222,77.510663,Entire home/apt,Studio,2024-05-01,5,Spring,727,606,110,3,0.73,23,4,16721,44,4.8,India,0
133,35448,Rajajinagar,13.090222,77.510663,Entire home/apt,Studio,2024-06-01,6,Summer,1081,606,110,3,0.65,20,3,21620,110,5.0,India,0
133,35448,Rajajinagar,13.090222,77.510663,Entire home/apt,Studio,2024-07-01,7,Monsoon,1313,606,110,3,0.44,14,4,18382,142,5.0,India,0
133,35448,Rajajinagar,13.090222,77.510663,Entire home/apt,Studio,2024-08-01,8,Monsoon,952,606,110,3,0.62,19,2,18088,126,3.8,India,0
133,35448,Rajajinagar,13.090222,77.510663,Entire home/apt,Studio,2024-09-01,9,Autumn,940,606,110,3,0.42,13,2,12220,113,4.8,UAE,0
133,35448,Rajajinagar,13.090222,77.510663,Entire home/apt,Studio,2024-10-01,10,Autumn,1188,606,110,3,0.23,7,3,8316,76,4.5,UAE,0
133,35448,Rajajinagar,13.090222,77.510663,Entire home/apt,Studio,2024-11-01,11,Winter,1198,606,110,3,0.51,15,2,17970,22,4.8,India,0
133,35448,Rajajinagar,13.090222,77.510663,Entire home/apt,Studio,2024-12-01,12,Winter,1287,606,110,3,0.59,18,2,23166,258,4.4,India,0
134,72818,Whitefield,12.880977,77.522153,Entire home/apt,Apartment,2024-01-01,1,Winter,2691,131,288,2,0.56,17,2,45747,151,4.4,India,0
134,72818,Whitefield,12.880977,77.522153,Entire home/apt,Apartment,2024-02-01,2,Winter,1956,131,288,2,0.51,15,1,29340,342,4.9,India,0
134,72818,Whitefield,12.880977,77.522153,Entire home/apt,Apartment,2024-03-01,3,Spring,2177,131,288,2,0.36,11,3,23947,292,4.8,USA,0
134,72818,Whitefield,12.880977,77.522153,Entire home/apt,Apartment,2024-04-01,4,Spring,2204,131,288,2,0.56,17,1,37468,232,5.0,India,0
134,72818,Whitefield,12.880977,77.522153,Entire home/apt,Apartment,2024-05-01,5,Spring,2036,131,288,2,0.6,19,2,38684,207,4.0,India,0
134,72818,Whitefield,12.880977,77.522153,Entire home/apt,Apartment,2024-06-01,6,Summer,1997,131,288,2,0.65,20,4,39940,320,3.9,India,0
134,72818,Whitefield,12.880977,77.522153,Entire home/apt,Apartment,2024-07-01,7,Monsoon,1876,131,288,2,0.57,18,3,33768,321,4.5,India,0
134,72818,Whitefield,12.880977,77.522153,Entire home/apt,Apartment,2024-08-01,8,Monsoon,2043,131,288,2,0.61,19,4,38817,170,5.0,India,0
134,72818,Whitefield,12.880977,77.522153,Entire home/apt,Apartment,2024-09-01,9,Autumn,1842,131,288,2,0.58,17,2,31314,138,4.5,India,0
134,72818,Whitefield,12.880977,77.522153,Entire home/apt,Apartment,2024-10-01,10,Autumn,1827,131,288,2,0.7,22,3,40194,294,5.0,Germany,0
134,72818,Whitefield,12.880977,77.522153,Entire home/apt,Apartment,2024-11-01,11,Winter,2037,131,288,2,0.63,19,1,38703,171,4.5,USA,0
134,72818,Whitefield,12.880977,77.522153,Entire home/apt,Apartment,2024-12-01,12,Winter,2408,131,288,2,0.28,9,1,21672,345,4.2,India,1
135,60194,Rajajinagar,12.886141,77.462262,Entire home/apt,Studio,2024-01-01,1,Winter,2263,555,114,2,0.49,15,2,33945,171,4.9,India,0
135,60194,Rajajinagar,12.886141,77.462262,Entire home/apt,Studio,2024-02-01,2,Winter,1605,555,114,2,0.43,12,2,19260,297,4.5,Singapore,0
135,60194,Rajajinagar,12.886141,77.462262,Entire home/apt,Studio,2024-03-01,3,Spring,2216,555,114,2,0.62,19,3,42104,115,4.6,India,0
135,60194,Rajajinagar,12.886141,77.462262,Entire home/apt,Studio,2024-04-01,4,Spring,2026,555,114,2,0.6,18,4,36468,257,4.6,India,0
135,60194,Rajajinagar,12.886141,77.462262,Entire home/apt,Studio,2024-05-01,5,Spring,1624,555,114,2,0.55,17,2,27608,32,4.1,India,0
135,60194,Rajajinagar,12.886141,77.462262,Entire home/apt,Studio,2024-06-01,6,Summer,1845,555,114,2,0.47,14,2,25830,256,5.0,India,0
135,60194,Rajajinagar,12.886141,77.462262,Entire home/apt,Studio,2024-07-01,7,Monsoon,1639,555,114,2,0.33,10,2,16390,272,4.4,India,0
135,60194,Rajajinagar,12.886141,77.462262,Entire home/apt,Studio,2024-08-01,8,Monsoon,1749,555,114,2,0.79,24,3,41976,149,4.3,India,0
135,60194,Rajajinagar,12.886141,77.462262,Entire home/apt,Studio,2024-09-01,9,Autumn,1513,555,114,2,0.67,20,2,30260,344,3.9,Canada,0
135,60194,Rajajinagar,12.886141,77.462262,Entire home/apt,Studio,2024-10-01,10,Autumn,1742,555,114,2,0.5,16,4,27872,33,4.5,India,0
135,60194,Rajajinagar,12.886141,77.462262,Entire home/apt,Studio,2024-11-01,11,Winter,1966,555,114,2,0.44,13,1,25558,200,4.4,UAE,0
135,60194,Rajajinagar,12.886141,77.462262,Entire home/apt,Studio,2024-12-01,12,Winter,2284,555,114,2,0.57,18,2,41112,39,4.5,India,0
136,29392,Marathahalli,12.760199,77.511277,Shared room,Apartment,2024-01-01,1,Winter,5106,426,230,5,0.65,20,5,102120,277,3.9,UAE,0
136,29392,Marathahalli,12.760199,77.511277,Shared room,Apartment,2024-02-01,2,Winter,4033,426,230,5,0.66,19,2,76627,330,4.8,India,0
136,29392,Marathahalli,12.760199,77.511277,Shared room,Apartment,2024-03-01,3,Spring,4287,426,230,5,0.49,15,2,64305,11,4.3,Singapore,0
136,29392,Marathahalli,12.760199,77.511277,Shared room,Apartment,2024-04-01,4,Spring,4532,426,230,5,0.74,22,2,99704,266,4.3,India,0
136,29392,Marathahalli,12.760199,77.511277,Shared room,Apartment,2024-05-01,5,Spring,4204,426,230,5,0.6,19,2,79876,175,4.5,India,0
136,29392,Marathahalli,12.760199,77.511277,Shared room,Apartment,2024-06-01,6,Summer,3981,426,230,5,0.7,21,3,83601,248,4.6,India,0
136,29392,Marathahalli,12.760199,77.511277,Shared room,Apartment,2024-07-01,7,Monsoon,4075,426,230,5,0.46,14,3,57050,280,4.7,India,0
136,29392,Marathahalli,12.760199,77.511277,Shared room,Apartment,2024-08-01,8,Monsoon,3515,426,230,5,0.46,14,2,49210,67,4.5,UAE,0
136,29392,Marathahalli,12.760199,77.511277,Shared room,Apartment,2024-09-01,9,Autumn,4050,426,230,5,0.99,30,2,121500,133,4.4,India,0
136,29392,Marathahalli,12.760199,77.511277,Shared room,Apartment,2024-10-01,10,Autumn,3797,426,230,5,0.63,20,2,75940,147,3.7,UK,1
136,29392,Marathahalli,12.760199,77.511277,Shared room,Apartment,2024-11-01,11,Winter,4005,426,230,5,0.59,18,2,72090,233,4.8,Canada,0
136,29392,Marathahalli,12.760199,77.511277,Shared room,Apartment,2024-12-01,12,Winter,5222,426,230,5,0.51,16,3,83552,82,4.4,USA,0
137,32984,Jayanagar,12.764502,77.485075,Shared room,Studio,2024-01-01,1,Winter,3286,130,144,5,0.35,11,2,36146,94,4.3,India,0
137,32984,Jayanagar,12.764502,77.485075,Shared room,Studio,2024-02-01,2,Winter,2381,130,144,5,0.63,18,3,42858,176,5.0,India,0
137,32984,Jayanagar,12.764502,77.485075,Shared room,Studio,2024-03-01,3,Spring,2578,130,144,5,0.26,8,2,20624,83,4.5,India,0
137,32984,Jayanagar,12.764502,77.485075,Shared room,Studio,2024-04-01,4,Spring,2841,130,144,5,0.58,17,2,48297,12,4.3,India,0
137,32984,Jayanagar,12.764502,77.485075,Shared room,Studio,2024-05-01,5,Spring,2540,130,144,5,0.6,19,2,48260,74,4.9,Canada,0
137,32984,Jayanagar,12.764502,77.485075,Shared room,Studio,2024-06-01,6,Summer,2189,130,144,5,0.49,15,4,32835,79,4.6,India,0
137,32984,Jayanagar,12.764502,77.485075,Shared room,Studio,2024-07-01,7,Monsoon,2139,130,144,5,0.8,25,3,53475,259,4.2,India,0
137,32984,Jayanagar,12.764502,77.485075,Shared room,Studio,2024-08-01,8,Monsoon,2314,130,144,5,0.63,20,3,46280,242,4.3,UAE,0
137,32984,Jayanagar,12.764502,77.485075,Shared room,Studio,2024-09-01,9,Autumn,2211,130,144,5,0.48,14,5,30954,293,4.9,India,0
137,32984,Jayanagar,12.764502,77.485075,Shared room,Studio,2024-10-01,10,Autumn,2513,130,144,5,0.42,13,3,32669,226,4.9,India,0
137,32984,Jayanagar,12.764502,77.485075,Shared room,Studio,2024-11-01,11,Winter,2514,130,144,5,0.47,14,2,35196,20,4.6,India,0
137,32984,Jayanagar,12.764502,77.485075,Shared room,Studio,2024-12-01,12,Winter,3379,130,144,5,0.9,28,3,94612,157,4.8,India,0
138,38883,Electronic City,12.842957,77.54791,Entire home/apt,Independent House,2024-01-01,1,Winter,5908,224,349,2,0.61,19,3,112252,142,4.5,India,0
138,38883,Electronic City,12.842957,77.54791,Entire home/apt,Independent House,2024-02-01,2,Winter,4676,224,349,2,0.57,17,4,79492,346,4.7,India,0
138,38883,Electronic City,12.842957,77.54791,Entire home/apt,Independent House,2024-03-01,3,Spring,5452,224,349,2,0.68,21,1,114492,262,4.6,India,0
138,38883,Electronic City,12.842957,77.54791,Entire home/apt,Independent House,2024-04-01,4,Spring,5279,224,349,2,0.52,16,2,84464,308,4.0,India,0
138,38883,Electronic City,12.842957,77.54791,Entire home/apt,Independent House,2024-05-01,5,Spring,5247,224,349,2,0.6,19,4,99693,341,4.4,India,0
138,38883,Electronic City,12.842957,77.54791,Entire home/apt,Independent House,2024-06-01,6,Summer,4706,224,349,2,0.99,30,2,141180,218,4.1,India,0
138,38883,Electronic City,12.842957,77.54791,Entire home/apt,Independent House,2024-07-01,7,Monsoon,4316,224,349,2,0.66,20,2,86320,145,4.7,India,0
138,38883,Electronic City,12.842957,77.54791,Entire home/apt,Independent House,2024-08-01,8,Monsoon,4592,224,349,2,0.87,27,2,123984,228,4.7,Singapore,0
138,38883,Electronic City,12.842957,77.54791,Entire home/apt,Independent House,2024-09-01,9,Autumn,4680,224,349,2,0.56,17,1,79560,227,4.6,USA,0
138,38883,Electronic City,12.842957,77.54791,Entire home/apt,Independent House,2024-10-01,10,Autumn,5304,224,349,2,0.39,12,2,63648,226,5.0,India,0
138,38883,Electronic City,12.842957,77.54791,Entire home/apt,Independent House,2024-11-01,11,Winter,4926,224,349,2,0.73,22,5,108372,217,4.5,USA,0
138,38883,Electronic City,12.842957,77.54791,Entire home/apt,Independent House,2024-12-01,12,Winter,5945,224,349,2,0.71,22,2,130790,300,4.8,India,0
139,49745,Marathahalli,13.095353,77.60759,Entire home/apt,Studio,2024-01-01,1,Winter,5713,298,272,1,0.35,11,1,62843,327,4.8,UAE,0
139,49745,Marathahalli,13.095353,77.60759,Entire home/apt,Studio,2024-02-01,2,Winter,4750,298,272,1,0.44,13,3,61750,290,4.3,UK,0
139,49745,Marathahalli,13.095353,77.60759,Entire home/apt,Studio,2024-03-01,3,Spring,5039,298,272,1,0.36,11,2,55429,95,4.2,France,0
139,49745,Marathahalli,13.095353,77.60759,Entire home/apt,Studio,2024-04-01,4,Spring,4906,298,272,1,0.52,16,2,78496,251,4.2,India,0
139,49745,Marathahalli,13.095353,77.60759,Entire home/apt,Studio,2024-05-01,5,Spring,4341,298,272,1,0.89,28,4,121548,299,5.0,India,0
139,49745,Marathahalli,13.095353,77.60759,Entire home/apt,Studio,2024-06-01,6,Summer,4511,298,272,1,0.63,19,3,85709,237,4.7,India,0
139,49745,Marathahalli,13.095353,77.60759,Entire home/apt,Studio,2024-07-01,7,Monsoon,4437,298,272,1,0.46,14,3,62118,78,4.9,India,0
139,49745,Marathahalli,13.095353,77.60759,Entire home/apt,Studio,2024-08-01,8,Monsoon,4090,298,272,1,0.39,12,5,49080,325,4.8,India,0
139,49745,Marathahalli,13.095353,77.60759,Entire home/apt,Studio,2024-09-01,9,Autumn,4924,298,272,1,0.97,29,3,142796,147,4.0,India,0
139,49745,Marathahalli,13.095353,77.60759,Entire home/apt,Studio,2024-10-01,10,Autumn,4805,298,272,1,0.52,16,2,76880,330,4.8,India,0
139,49745,Marathahalli,13.095353,77.60759,Entire home/apt,Studio,2024-11-01,11,Winter,4372,298,272,1,0.4,12,2,52464,34,4.2,India,0
139,49745,Marathahalli,13.095353,77.60759,Entire home/apt,Studio,2024-12-01,12,Winter,5847,298,272,1,0.49,15,2,87705,246,4.8,India,0
140,92312,Marathahalli,13.089703,77.695484,Entire home/apt,Studio,2024-01-01,1,Winter,6238,389,88,3,0.65,20,2,124760,29,4.0,India,0
140,92312,Marathahalli,13.089703,77.695484,Entire home/apt,Studio,2024-02-01,2,Winter,5004,389,88,3,0.49,14,3,70056,182,4.9,India,0
140,92312,Marathahalli,13.089703,77.695484,Entire home/apt,Studio,2024-03-01,3,Spring,5519,389,88,3,0.65,20,2,110380,214,3.9,India,0
140,92312,Marathahalli,13.089703,77.695484,Entire home/apt,Studio,2024-04-01,4,Spring,5022,389,88,3,0.78,23,5,115506,24,4.4,India,0
140,92312,Marathahalli,13.089703,77.695484,Entire home/apt,Studio,2024-05-01,5,Spring,4747,389,88,3,0.7,22,3,104434,39,4.8,India,0
140,92312,Marathahalli,13.089703,77.695484,Entire home/apt,Studio,2024-06-01,6,Summer,4787,389,88,3,0.55,16,3,76592,93,4.4,UK,0
140,92312,Marathahalli,13.089703,77.695484,Entire home/apt,Studio,2024-07-01,7,Monsoon,4429,389,88,3,0.67,21,3,93009,85,4.4,India,0
140,92312,Marathahalli,13.089703,77.695484,Entire home/apt,Studio,2024-08-01,8,Monsoon,4474,389,88,3,0.57,18,4,80532,350,4.2,Germany,0
140,92312,Marathahalli,13.089703,77.695484,Entire home/apt,Studio,2024-09-01,9,Autumn,4581,389,88,3,0.44,13,2,59553,185,4.4,India,0
140,92312,Marathahalli,13.089703,77.695484,Entire home/apt,Studio,2024-10-01,10,Autumn,4978,389,88,3,0.46,14,3,69692,73,4.6,India,0
140,92312,Marathahalli,13.089703,77.695484,Entire home/apt,Studio,2024-11-01,11,Winter,4601,389,88,3,0.55,16,2,73616,248,3.9,India,0
140,92312,Marathahalli,13.089703,77.695484,Entire home/apt,Studio,2024-12-01,12,Winter,5871,389,88,3,0.56,17,4,99807,83,4.7,India,0
141,38981,Hebbal,13.018043,77.617597,Entire home/apt,Studio,2024-01-01,1,Winter,4924,120,352,1,0.55,17,2,83708,39,4.6,India,0
141,38981,Hebbal,13.018043,77.617597,Entire home/apt,Studio,2024-02-01,2,Winter,3766,120,352,1,0.44,13,1,48958,178,4.6,India,0
141,38981,Hebbal,13.018043,77.617597,Entire home/apt,Studio,2024-03-01,3,Spring,4238,120,352,1,0.25,8,2,33904,226,4.3,Singapore,0
141,38981,Hebbal,13.018043,77.617597,Entire home/apt,Studio,2024-04-01,4,Spring,4093,120,352,1,0.55,16,3,65488,175,5.0,India,0
141,38981,Hebbal,13.018043,77.617597,Entire home/apt,Studio,2024-05-01,5,Spring,3613,120,352,1,0.44,14,2,50582,60,4.3,India,0
141,38981,Hebbal,13.018043,77.617597,Entire home/apt,Studio,2024-06-01,6,Summer,3607,120,352,1,0.46,14,4,50498,72,4.8,India,0
141,38981,Hebbal,13.018043,77.617597,Entire home/apt,Studio,2024-07-01,7,Monsoon,3180,120,352,1,0.58,18,2,57240,107,3.8,India,0
141,38981,Hebbal,13.018043,77.617597,Entire home/apt,Studio,2024-08-01,8,Monsoon,3278,120,352,1,0.46,14,1,45892,57,5.0,India,0
141,38981,Hebbal,13.018043,77.617597,Entire home/apt,Studio,2024-09-01,9,Autumn,3713,120,352,1,0.18,5,3,18565,220,3.7,India,0
141,38981,Hebbal,13.018043,77.617597,Entire home/apt,Studio,2024-10-01,10,Autumn,3773,120,352,1,0.61,19,2,71687,337,4.7,India,1
141,38981,Hebbal,13.018043,77.617597,Entire home/apt,Studio,2024-11-01,11,Winter,3800,120,352,1,0.69,21,2,79800,129,4.3,India,0
141,38981,Hebbal,13.018043,77.617597,Entire home/apt,Studio,2024-12-01,12,Winter,4886,120,352,1,0.27,8,2,39088,5,4.1,UK,0
142,88878,Hebbal,12.935041,77.510007,Entire home/apt,Apartment,2024-01-01,1,Winter,1654,258,126,2,0.53,16,4,26464,142,4.5,Canada,0
142,88878,Hebbal,12.935041,77.510007,Entire home/apt,Apartment,2024-02-01,2,Winter,1146,258,126,2,0.49,14,2,16044,256,3.9,UK,0
142,88878,Hebbal,12.935041,77.510007,Entire home/apt,Apartment,2024-03-01,3,Spring,1736,258,126,2,0.47,15,3,26040,258,4.3,India,0
142,88878,Hebbal,12.935041,77.510007,Entire home/apt,Apartment,2024-04-01,4,Spring,1781,258,126,2,0.33,10,1,17810,296,4.0,UK,0
142,88878,Hebbal,12.935041,77.510007,Entire home/apt,Apartment,2024-05-01,5,Spring,1112,258,126,2,0.5,16,3,17792,98,4.7,Canada,0
142,88878,Hebbal,12.935041,77.510007,Entire home/apt,Apartment,2024-06-01,6,Summer,1478,258,126,2,0.9,27,2,39906,275,3.6,India,0
142,88878,Hebbal,12.935041,77.510007,Entire home/apt,Apartment,2024-07-01,7,Monsoon,1318,258,126,2,0.43,13,3,17134,109,4.3,UAE,0
142,88878,Hebbal,12.935041,77.510007,Entire home/apt,Apartment,2024-08-01,8,Monsoon,1074,258,126,2,0.38,12,4,12888,243,5.0,India,0
142,88878,Hebbal,12.935041,77.510007,Entire home/apt,Apartment,2024-09-01,9,Autumn,1499,258,126,2,0.52,16,3,23984,225,5.0,India,0
142,88878,Hebbal,12.935041,77.510007,Entire home/apt,Apartment,2024-10-01,10,Autumn,1029,258,126,2,0.31,10,2,10290,181,3.6,Netherlands,0
142,88878,Hebbal,12.935041,77.510007,Entire home/apt,Apartment,2024-11-01,11,Winter,1192,258,126,2,0.54,16,3,19072,208,4.5,India,0
142,88878,Hebbal,12.935041,77.510007,Entire home/apt,Apartment,2024-12-01,12,Winter,1692,258,126,2,0.3,9,5,15228,63,4.8,India,0
143,74987,Rajajinagar,12.981892,77.61714,Entire home/apt,Villa,2024-01-01,1,Winter,4355,409,332,1,0.59,18,2,78390,233,4.0,India,0
143,74987,Rajajinagar,12.981892,77.61714,Entire home/apt,Villa,2024-02-01,2,Winter,3708,409,332,1,0.62,18,5,66744,227,4.5,India,0
143,74987,Rajajinagar,12.981892,77.61714,Entire home/apt,Villa,2024-03-01,3,Spring,3995,409,332,1,0.54,17,2,67915,219,3.9,India,0
143,74987,Rajajinagar,12.981892,77.61714,Entire home/apt,Villa,2024-04-01,4,Spring,4395,409,332,1,0.51,15,1,65925,243,4.9,UAE,0
143,74987,Rajajinagar,12.981892,77.61714,Entire home/apt,Villa,2024-05-01,5,Spring,3682,409,332,1,0.46,14,2,51548,6,4.2,Netherlands,0
143,74987,Rajajinagar,12.981892,77.61714,Entire home/apt,Villa,2024-06-01,6,Summer,3962,409,332,1,0.44,13,2,51506,53,4.8,India,0
143,74987,Rajajinagar,12.981892,77.61714,Entire home/apt,Villa,2024-07-01,7,Monsoon,3332,409,332,1,0.25,8,3,26656,346,4.3,India,0
143,74987,Rajajinagar,12.981892,77.61714,Entire home/apt,Villa,2024-08-01,8,Monsoon,3173,409,332,1,0.55,17,2,53941,205,4.0,India,0
143,74987,Rajajinagar,12.981892,77.61714,Entire home/apt,Villa,2024-09-01,9,Autumn,3972,409,332,1,0.53,16,5,63552,86,4.4,India,0
143,74987,Rajajinagar,12.981892,77.61714,Entire home/apt,Villa,2024-10-01,10,Autumn,3918,409,332,1,0.69,21,5,82278,173,4.5,India,0
143,74987,Rajajinagar,12.981892,77.61714,Entire home/apt,Villa,2024-11-01,11,Winter,3633,409,332,1,0.28,8,2,29064,119,4.2,France,0
143,74987,Rajajinagar,12.981892,77.61714,Entire home/apt,Villa,2024-12-01,12,Winter,4610,409,332,1,0.56,17,3,78370,142,4.4,UK,0
144,87810,Bellandur,13.002521,77.690295,Private room,Villa,2024-01-01,1,Winter,5395,208,323,5,0.76,24,5,129480,261,4.6,India,0
144,87810,Bellandur,13.002521,77.690295,Private room,Villa,2024-02-01,2,Winter,4313,208,323,5,0.5,14,2,60382,128,4.2,India,0
144,87810,Bellandur,13.002521,77.690295,Private room,Villa,2024-03-01,3,Spring,4587,208,323,5,0.5,16,2,73392,68,4.8,India,0
144,87810,Bellandur,13.002521,77.690295,Private room,Villa,2024-04-01,4,Spring,4713,208,323,5,0.38,11,3,51843,34,5.0,India,0
144,87810,Bellandur,13.002521,77.690295,Private room,Villa,2024-05-01,5,Spring,4388,208,323,5,0.37,11,1,48268,91,4.3,India,0
144,87810,Bellandur,13.002521,77.690295,Private room,Villa,2024-06-01,6,Summer,4347,208,323,5,0.84,25,3,108675,78,4.1,India,0
144,87810,Bellandur,13.002521,77.690295,Private room,Villa,2024-07-01,7,Monsoon,4087,208,323,5,0.8,25,3,102175,39,4.2,India,0
144,87810,Bellandur,13.002521,77.690295,Private room,Villa,2024-08-01,8,Monsoon,3837,208,323,5,0.43,13,3,49881,252,4.4,Germany,0
144,87810,Bellandur,13.002521,77.690295,Private room,Villa,2024-09-01,9,Autumn,4318,208,323,5,0.68,20,2,86360,338,4.9,India,0
144,87810,Bellandur,13.002521,77.690295,Private room,Villa,2024-10-01,10,Autumn,4176,208,323,5,0.29,9,3,37584,277,4.5,India,0
144,87810,Bellandur,13.002521,77.690295,Private room,Villa,2024-11-01,11,Winter,4383,208,323,5,0.62,19,3,83277,16,4.4,Netherlands,0
144,87810,Bellandur,13.002521,77.690295,Private room,Villa,2024-12-01,12,Winter,5430,208,323,5,0.81,25,4,135750,60,4.7,India,0
145,59327,Electronic City,12.883862,77.459858,Entire home/apt,Villa,2024-01-01,1,Winter,3780,224,164,5,0.85,26,2,98280,159,4.4,USA,0
145,59327,Electronic City,12.883862,77.459858,Entire home/apt,Villa,2024-02-01,2,Winter,3048,224,164,5,0.53,15,2,45720,345,4.9,India,0
145,59327,Electronic City,12.883862,77.459858,Entire home/apt,Villa,2024-03-01,3,Spring,3747,224,164,5,0.67,21,3,78687,276,4.5,India,0
145,59327,Electronic City,12.883862,77.459858,Entire home/apt,Villa,2024-04-01,4,Spring,3363,224,164,5,0.24,7,2,23541,80,4.8,India,0
145,59327,Electronic City,12.883862,77.459858,Entire home/apt,Villa,2024-05-01,5,Spring,3077,224,164,5,0.66,20,2,61540,253,4.2,India,0
145,59327,Electronic City,12.883862,77.459858,Entire home/apt,Villa,2024-06-01,6,Summer,2975,224,164,5,0.54,16,2,47600,346,4.9,India,0
145,59327,Electronic City,12.883862,77.459858,Entire home/apt,Villa,2024-07-01,7,Monsoon,2670,224,164,5,0.91,28,5,74760,164,4.7,India,0
145,59327,Electronic City,12.883862,77.459858,Entire home/apt,Villa,2024-08-01,8,Monsoon,2490,224,164,5,0.58,18,3,44820,65,4.2,France,0
145,59327,Electronic City,12.883862,77.459858,Entire home/apt,Villa,2024-09-01,9,Autumn,2613,224,164,5,0.84,25,2,65325,298,4.8,India,0
145,59327,Electronic City,12.883862,77.459858,Entire home/apt,Villa,2024-10-01,10,Autumn,3157,224,164,5,0.62,19,4,59983,174,3.9,India,0
145,59327,Electronic City,12.883862,77.459858,Entire home/apt,Villa,2024-11-01,11,Winter,2955,224,164,5,0.73,22,5,65010,210,4.1,India,0
145,59327,Electronic City,12.883862,77.459858,Entire home/apt,Villa,2024-12-01,12,Winter,3307,224,164,5,0.57,18,3,59526,126,4.4,India,0
146,21133,MG Road,13.047576,77.484341,Entire home/apt,Studio,2024-01-01,1,Winter,4704,409,246,1,0.61,19,2,89376,216,5.0,India,0
146,21133,MG Road,13.047576,77.484341,Entire home/apt,Studio,2024-02-01,2,Winter,3359,409,246,1,0.65,19,2,63821,240,4.8,India,0
146,21133,MG Road,13.047576,77.484341,Entire home/apt,Studio,2024-03-01,3,Spring,3781,409,246,1,0.35,11,5,41591,193,4.2,India,0
146,21133,MG Road,13.047576,77.484341,Entire home/apt,Studio,2024-04-01,4,Spring,3896,409,246,1,0.68,20,2,77920,50,4.3,Germany,0
146,21133,MG Road,13.047576,77.484341,Entire home/apt,Studio,2024-05-01,5,Spring,3491,409,246,1,0.48,15,2,52365,345,4.9,India,0
146,21133,MG Road,13.047576,77.484341,Entire home/apt,Studio,2024-06-01,6,Summer,3664,409,246,1,0.54,16,2,58624,341,4.5,India,0
146,21133,MG Road,13.047576,77.484341,Entire home/apt,Studio,2024-07-01,7,Monsoon,3553,409,246,1,0.46,14,3,49742,186,5.0,Canada,0
146,21133,MG Road,13.047576,77.484341,Entire home/apt,Studio,2024-08-01,8,Monsoon,3337,409,246,1,0.55,17,2,56729,325,5.0,Australia,0
146,21133,MG Road,13.047576,77.484341,Entire home/apt,Studio,2024-09-01,9,Autumn,3451,409,246,1,0.52,16,3,55216,274,4.0,India,0
146,21133,MG Road,13.047576,77.484341,Entire home/apt,Studio,2024-10-01,10,Autumn,3852,409,246,1,0.82,25,2,96300,152,5.0,Netherlands,0
146,21133,MG Road,13.047576,77.484341,Entire home/apt,Studio,2024-11-01,11,Winter,3906,409,246,1,0.54,16,2,62496,47,4.4,USA,0
146,21133,MG Road,13.047576,77.484341,Entire home/apt,Studio,2024-12-01,12,Winter,4243,409,246,1,0.88,27,3,114561,303,4.7,India,1
147,79607,Marathahalli,12.870842,77.554195,Entire home/apt,Villa,2024-01-01,1,Winter,3442,499,338,3,0.65,20,2,68840,276,4.4,India,0
147,79607,Marathahalli,12.870842,77.554195,Entire home/apt,Villa,2024-02-01,2,Winter,3036,499,338,3,0.58,17,2,51612,263,3.9,India,0
147,79607,Marathahalli,12.870842,77.554195,Entire home/apt,Villa,2024-03-01,3,Spring,3214,499,338,3,0.74,23,3,73922,92,4.5,Singapore,0
147,79607,Marathahalli,12.870842,77.554195,Entire home/apt,Villa,2024-04-01,4,Spring,3354,499,338,3,0.43,13,3,43602,264,4.5,Singapore,0
147,79607,Marathahalli,12.870842,77.554195,Entire home/apt,Villa,2024-05-01,5,Spring,2785,499,338,3,0.7,22,3,61270,109,4.5,India,0
147,79607,Marathahalli,12.870842,77.554195,Entire home/apt,Villa,2024-06-01,6,Summer,3047,499,338,3,0.75,22,4,67034,239,4.8,India,0
147,79607,Marathahalli,12.870842,77.554195,Entire home/apt,Villa,2024-07-01,7,Monsoon,2672,499,338,3,0.44,14,3,37408,314,4.5,Australia,0
147,79607,Marathahalli,12.870842,77.554195,Entire home/apt,Villa,2024-08-01,8,Monsoon,2512,499,338,3,0.53,16,4,40192,289,4.4,USA,0
147,79607,Marathahalli,12.870842,77.554195,Entire home/apt,Villa,2024-09-01,9,Autumn,2714,499,338,3,0.29,9,1,24426,102,4.2,India,0
147,79607,Marathahalli,12.870842,77.554195,Entire home/apt,Villa,2024-10-01,10,Autumn,2947,499,338,3,0.38,12,2,35364,77,4.5,USA,0
147,79607,Marathahalli,12.870842,77.554195,Entire home/apt,Villa,2024-11-01,11,Winter,3289,499,338,3,0.74,22,4,72358,210,5.0,India,0
147,79607,Marathahalli,12.870842,77.554195,Entire home/apt,Villa,2024-12-01,12,Winter,3714,499,338,3,0.76,24,4,89136,32,4.2,India,0
148,44987,Basavanagudi,12.958417,77.526934,Entire home/apt,Serviced Apartment,2024-01-01,1,Winter,3644,0,202,1,0.8,25,2,91100,14,4.3,India,0
148,44987,Basavanagudi,12.958417,77.526934,Entire home/apt,Serviced Apartment,2024-02-01,2,Winter,2676,0,202,1,0.46,13,2,34788,286,4.7,Netherlands,0
148,44987,Basavanagudi,12.958417,77.526934,Entire home/apt,Serviced Apartment,2024-03-01,3,Spring,3222,0,202,1,0.31,10,2,32220,18,4.7,India,0
148,44987,Basavanagudi,12.958417,77.526934,Entire home/apt,Serviced Apartment,2024-04-01,4,Spring,2943,0,202,1,0.59,18,2,52974,14,4.7,India,0
148,44987,Basavanagudi,12.958417,77.526934,Entire home/apt,Serviced Apartment,2024-05-01,5,Spring,2689,0,202,1,0.56,17,4,45713,337,4.4,India,0
148,44987,Basavanagudi,12.958417,77.526934,Entire home/apt,Serviced Apartment,2024-06-01,6,Summer,2920,0,202,1,0.63,19,3,55480,21,4.6,Canada,0
148,44987,Basavanagudi,12.958417,77.526934,Entire home/apt,Serviced Apartment,2024-07-01,7,Monsoon,2199,0,202,1,0.51,16,2,35184,10,4.9,India,0
148,44987,Basavanagudi,12.958417,77.526934,Entire home/apt,Serviced Apartment,2024-08-01,8,Monsoon,2460,0,202,1,0.67,21,4,51660,160,5.0,India,0
148,44987,Basavanagudi,12.958417,77.526934,Entire home/apt,Serviced Apartment,2024-09-01,9,Autumn,2933,0,202,1,0.59,18,4,52794,208,4.3,UAE,0
148,44987,Basavanagudi,12.958417,77.526934,Entire home/apt,Serviced Apartment,2024-10-01,10,Autumn,2216,0,202,1,0.55,17,3,37672,46,4.4,India,0
148,44987,Basavanagudi,12.958417,77.526934,Entire home/apt,Serviced Apartment,2024-11-01,11,Winter,2804,0,202,1,0.55,16,4,44864,120,4.4,India,0
148,44987,Basavanagudi,12.958417,77.526934,Entire home/apt,Serviced Apartment,2024-12-01,12,Winter,3052,0,202,1,0.43,13,3,39676,61,4.7,India,0
149,78846,Bellandur,12.89858,77.477075,Entire home/apt,Villa,2024-01-01,1,Winter,7013,285,248,5,0.73,23,4,161299,120,4.2,UAE,0
149,78846,Bellandur,12.89858,77.477075,Entire home/apt,Villa,2024-02-01,2,Winter,5632,285,248,5,0.47,14,2,78848,109,4.8,Canada,0
149,78846,Bellandur,12.89858,77.477075,Entire home/apt,Villa,2024-03-01,3,Spring,6144,285,248,5,0.63,20,2,122880,130,4.2,Singapore,0
149,78846,Bellandur,12.89858,77.477075,Entire home/apt,Villa,2024-04-01,4,Spring,6255,285,248,5,0.9,27,1,168885,273,4.1,India,0
149,78846,Bellandur,12.89858,77.477075,Entire home/apt,Villa,2024-05-01,5,Spring,5492,285,248,5,0.62,19,4,104348,162,4.8,India,0
149,78846,Bellandur,12.89858,77.477075,Entire home/apt,Villa,2024-06-01,6,Summer,5448,285,248,5,0.16,5,2,27240,126,5.0,Canada,0
149,78846,Bellandur,12.89858,77.477075,Entire home/apt,Villa,2024-07-01,7,Monsoon,5155,285,248,5,0.32,10,4,51550,74,4.3,India,0
149,78846,Bellandur,12.89858,77.477075,Entire home/apt,Villa,2024-08-01,8,Monsoon,5316,285,248,5,0.8,25,3,132900,157,4.9,India,0
149,78846,Bellandur,12.89858,77.477075,Entire home/apt,Villa,2024-09-01,9,Autumn,5524,285,248,5,0.6,18,5,99432,310,4.4,India,0
149,78846,Bellandur,12.89858,77.477075,Entire home/apt,Villa,2024-10-01,10,Autumn,5784,285,248,5,0.45,14,3,80976,27,4.2,India,0
149,78846,Bellandur,12.89858,77.477075,Entire home/apt,Villa,2024-11-01,11,Winter,5761,285,248,5,0.58,17,2,97937,282,5.0,India,0
149,78846,Bellandur,12.89858,77.477075,Entire home/apt,Villa,2024-12-01,12,Winter,6814,285,248,5,0.58,18,3,122652,185,4.1,UAE,0
150,80111,Frazer Town,13.043059,77.566541,Private room,Serviced Apartment,2024-01-01,1,Winter,4288,78,210,3,0.38,12,1,51456,120,4.8,India,0
150,80111,Frazer Town,13.043059,77.566541,Private room,Serviced Apartment,2024-02-01,2,Winter,3651,78,210,3,0.34,10,2,36510,224,5.0,India,0
150,80111,Frazer Town,13.043059,77.566541,Private room,Serviced Apartment,2024-03-01,3,Spring,4357,78,210,3,0.61,19,4,82783,329,4.2,India,0
150,80111,Frazer Town,13.043059,77.566541,Private room,Serviced Apartment,2024-04-01,4,Spring,4422,78,210,3,0.4,12,1,53064,41,4.5,France,0
150,80111,Frazer Town,13.043059,77.566541,Private room,Serviced Apartment,2024-05-01,5,Spring,3543,78,210,3,0.8,25,4,88575,241,4.6,USA,0
150,80111,Frazer Town,13.043059,77.566541,Private room,Serviced Apartment,2024-06-01,6,Summer,3409,78,210,3,0.46,14,4,47726,170,4.4,USA,0
150,80111,Frazer Town,13.043059,77.566541,Private room,Serviced Apartment,2024-07-01,7,Monsoon,2956,78,210,3,0.61,19,4,56164,51,4.3,France,0
150,80111,Frazer Town,13.043059,77.566541,Private room,Serviced Apartment,2024-08-01,8,Monsoon,2859,78,210,3,0.79,24,3,68616,259,4.3,India,0
150,80111,Frazer Town,13.043059,77.566541,Private room,Serviced Apartment,2024-09-01,9,Autumn,3255,78,210,3,0.57,17,2,55335,280,4.5,USA,0
150,80111,Frazer Town,13.043059,77.566541,Private room,Serviced Apartment,2024-10-01,10,Autumn,3159,78,210,3,0.65,20,2,63180,14,4.1,UK,0
150,80111,Frazer Town,13.043059,77.566541,Private room,Serviced Apartment,2024-11-01,11,Winter,3850,78,210,3,0.68,20,2,77000,227,4.3,Germany,0
150,80111,Frazer Town,13.043059,77.566541,Private room,Serviced Apartment,2024-12-01,12,Winter,4236,78,210,3,0.58,18,2,76248,205,4.7,India,0
151,85472,MG Road,12.744331,77.524881,Private room,Independent House,2024-01-01,1,Winter,4347,267,290,3,0.48,15,2,65205,68,4.4,India,0
151,85472,MG Road,12.744331,77.524881,Private room,Independent House,2024-02-01,2,Winter,3052,267,290,3,0.72,21,4,64092,144,4.6,India,0
151,85472,MG Road,12.744331,77.524881,Private room,Independent House,2024-03-01,3,Spring,3661,267,290,3,0.86,27,2,98847,93,4.5,India,0
151,85472,MG Road,12.744331,77.524881,Private room,Independent House,2024-04-01,4,Spring,3608,267,290,3,0.7,21,2,75768,292,4.7,India,0
151,85472,MG Road,12.744331,77.524881,Private room,Independent House,2024-05-01,5,Spring,3547,267,290,3,0.51,16,4,56752,285,4.7,India,0
151,85472,MG Road,12.744331,77.524881,Private room,Independent House,2024-06-01,6,Summer,3417,267,290,3,0.65,20,3,68340,45,3.7,Netherlands,0
151,85472,MG Road,12.744331,77.524881,Private room,Independent House,2024-07-01,7,Monsoon,3036,267,290,3,0.83,26,2,78936,86,4.2,India,0
151,85472,MG Road,12.744331,77.524881,Private room,Independent House,2024-08-01,8,Monsoon,3002,267,290,3,0.5,16,3,48032,307,4.0,India,0
151,85472,MG Road,12.744331,77.524881,Private room,Independent House,2024-09-01,9,Autumn,3028,267,290,3,0.54,16,1,48448,188,4.6,India,0
151,85472,MG Road,12.744331,77.524881,Private room,Independent House,2024-10-01,10,Autumn,3459,267,290,3,0.55,17,3,58803,7,4.5,USA,0
151,85472,MG Road,12.744331,77.524881,Private room,Independent House,2024-11-01,11,Winter,3673,267,290,3,0.54,16,4,58768,232,4.3,France,0
151,85472,MG Road,12.744331,77.524881,Private room,Independent House,2024-12-01,12,Winter,4280,267,290,3,0.66,20,2,85600,114,5.0,USA,0
152,44891,Basavanagudi,12.998577,77.564622,Entire home/apt,Independent House,2024-01-01,1,Winter,3499,314,190,3,0.42,13,3,45487,96,4.5,India,0
152,44891,Basavanagudi,12.998577,77.564622,Entire home/apt,Independent House,2024-02-01,2,Winter,2453,314,190,3,0.31,9,2,22077,148,4.6,Netherlands,0
152,44891,Basavanagudi,12.998577,77.564622,Entire home/apt,Independent House,2024-03-01,3,Spring,2944,314,190,3,0.6,19,2,55936,230,4.5,UAE,0
152,44891,Basavanagudi,12.998577,77.564622,Entire home/apt,Independent House,2024-04-01,4,Spring,2825,314,190,3,0.56,17,2,48025,350,4.0,India,0
152,44891,Basavanagudi,12.998577,77.564622,Entire home/apt,Independent House,2024-05-01,5,Spring,3024,314,190,3,0.37,11,1,33264,240,4.4,India,0
152,44891,Basavanagudi,12.998577,77.564622,Entire home/apt,Independent House,2024-06-01,6,Summer,2538,314,190,3,0.66,20,2,50760,203,4.4,India,0
152,44891,Basavanagudi,12.998577,77.564622,Entire home/apt,Independent House,2024-07-01,7,Monsoon,2368,314,190,3,0.7,22,3,52096,216,4.5,USA,0
152,44891,Basavanagudi,12.998577,77.564622,Entire home/apt,Independent House,2024-08-01,8,Monsoon,2574,314,190,3,0.42,13,2,33462,48,3.9,India,0
152,44891,Basavanagudi,12.998577,77.564622,Entire home/apt,Independent House,2024-09-01,9,Autumn,2767,314,190,3,0.52,16,1,44272,120,4.8,India,0
152,44891,Basavanagudi,12.998577,77.564622,Entire home/apt,Independent House,2024-10-01,10,Autumn,2731,314,190,3,0.6,19,2,51889,310,3.9,UAE,0
152,44891,Basavanagudi,12.998577,77.564622,Entire home/apt,Independent House,2024-11-01,11,Winter,3123,314,190,3,0.55,16,3,49968,23,4.8,India,0
152,44891,Basavanagudi,12.998577,77.564622,Entire home/apt,Independent House,2024-12-01,12,Winter,3265,314,190,3,0.62,19,3,62035,195,4.0,India,0
153,58614,Jayanagar,13.087223,77.617868,Entire home/apt,Villa,2024-01-01,1,Winter,5057,246,166,5,0.65,20,4,101140,239,4.0,India,0
153,58614,Jayanagar,13.087223,77.617868,Entire home/apt,Villa,2024-02-01,2,Winter,3906,246,166,5,0.61,18,3,70308,72,5.0,India,0
153,58614,Jayanagar,13.087223,77.617868,Entire home/apt,Villa,2024-03-01,3,Spring,4419,246,166,5,0.63,20,2,88380,65,4.5,India,0
153,58614,Jayanagar,13.087223,77.617868,Entire home/apt,Villa,2024-04-01,4,Spring,4834,246,166,5,0.28,8,5,38672,143,4.5,USA,0
153,58614,Jayanagar,13.087223,77.617868,Entire home/apt,Villa,2024-05-01,5,Spring,3717,246,166,5,0.17,5,4,18585,144,4.6,UAE,0
153,58614,Jayanagar,13.087223,77.617868,Entire home/apt,Villa,2024-06-01,6,Summer,4069,246,166,5,0.5,15,2,61035,135,4.5,India,0
153,58614,Jayanagar,13.087223,77.617868,Entire home/apt,Villa,2024-07-01,7,Monsoon,4256,246,166,5,0.5,16,2,68096,84,4.7,India,0
153,58614,Jayanagar,13.087223,77.617868,Entire home/apt,Villa,2024-08-01,8,Monsoon,3508,246,166,5,0.59,18,5,63144,77,4.4,India,0
153,58614,Jayanagar,13.087223,77.617868,Entire home/apt,Villa,2024-09-01,9,Autumn,3960,246,166,5,0.82,25,4,99000,325,5.0,Germany,0
153,58614,Jayanagar,13.087223,77.617868,Entire home/apt,Villa,2024-10-01,10,Autumn,4069,246,166,5,0.2,6,1,24414,76,4.4,India,0
153,58614,Jayanagar,13.087223,77.617868,Entire home/apt,Villa,2024-11-01,11,Winter,4582,246,166,5,0.51,15,2,68730,83,4.9,USA,0
153,58614,Jayanagar,13.087223,77.617868,Entire home/apt,Villa,2024-12-01,12,Winter,5340,246,166,5,0.58,18,2,96120,253,4.2,India,0
154,83512,Marathahalli,12.883104,77.483747,Private room,Independent House,2024-01-01,1,Winter,838,402,143,3,0.61,19,1,15922,145,4.0,India,0
154,83512,Marathahalli,12.883104,77.483747,Private room,Independent House,2024-02-01,2,Winter,747,402,143,3,0.59,17,3,12699,139,4.6,India,0
154,83512,Marathahalli,12.883104,77.483747,Private room,Independent House,2024-03-01,3,Spring,658,402,143,3,0.77,24,3,15792,108,4.3,India,0
154,83512,Marathahalli,12.883104,77.483747,Private room,Independent House,2024-04-01,4,Spring,546,402,143,3,0.57,17,5,9282,269,4.5,UK,0
154,83512,Marathahalli,12.883104,77.483747,Private room,Independent House,2024-05-01,5,Spring,832,402,143,3,0.79,24,2,19968,39,4.4,India,0
154,83512,Marathahalli,12.883104,77.483747,Private room,Independent House,2024-06-01,6,Summer,777,402,143,3,0.42,13,2,10101,48,4.8,Singapore,0
154,83512,Marathahalli,12.883104,77.483747,Private room,Independent House,2024-07-01,7,Monsoon,756,402,143,3,0.52,16,1,12096,348,3.7,Netherlands,0
154,83512,Marathahalli,12.883104,77.483747,Private room,Independent House,2024-08-01,8,Monsoon,1008,402,143,3,0.4,12,2,12096,191,4.3,India,0
154,83512,Marathahalli,12.883104,77.483747,Private room,Independent House,2024-09-01,9,Autumn,871,402,143,3,0.41,12,5,10452,165,3.9,India,0
154,83512,Marathahalli,12.883104,77.483747,Private room,Independent House,2024-10-01,10,Autumn,500,402,143,3,0.69,21,1,10500,337,4.3,India,0
154,83512,Marathahalli,12.883104,77.483747,Private room,Independent House,2024-11-01,11,Winter,1385,402,143,3,0.44,13,2,18005,336,4.1,India,0
154,83512,Marathahalli,12.883104,77.483747,Private room,Independent House,2024-12-01,12,Winter,887,402,143,3,0.62,19,5,16853,335,4.3,India,0
155,84600,Jayanagar,12.784547,77.464605,Entire home/apt,Villa,2024-01-01,1,Winter,5016,153,108,1,0.27,8,3,40128,308,3.6,India,0
155,84600,Jayanagar,12.784547,77.464605,Entire home/apt,Villa,2024-02-01,2,Winter,4131,153,108,1,0.5,14,2,57834,204,4.2,India,0
155,84600,Jayanagar,12.784547,77.464605,Entire home/apt,Villa,2024-03-01,3,Spring,4905,153,108,1,0.73,23,4,112815,83,4.4,India,0
155,84600,Jayanagar,12.784547,77.464605,Entire home/apt,Villa,2024-04-01,4,Spring,4299,153,108,1,0.46,14,2,60186,331,4.3,UK,0
155,84600,Jayanagar,12.784547,77.464605,Entire home/apt,Villa,2024-05-01,5,Spring,4103,153,108,1,0.44,14,3,57442,61,4.2,India,0
155,84600,Jayanagar,12.784547,77.464605,Entire home/apt,Villa,2024-06-01,6,Summer,4157,153,108,1,0.45,14,4,58198,158,4.6,UAE,0
155,84600,Jayanagar,12.784547,77.464605,Entire home/apt,Villa,2024-07-01,7,Monsoon,3882,153,108,1,0.41,13,3,50466,183,5.0,India,0
155,84600,Jayanagar,12.784547,77.464605,Entire home/apt,Villa,2024-08-01,8,Monsoon,3614,153,108,1,0.3,9,4,32526,262,4.7,India,0
155,84600,Jayanagar,12.784547,77.464605,Entire home/apt,Villa,2024-09-01,9,Autumn,4071,153,108,1,0.59,18,2,73278,198,3.5,India,0
155,84600,Jayanagar,12.784547,77.464605,Entire home/apt,Villa,2024-10-01,10,Autumn,4512,153,108,1,0.64,20,3,90240,216,3.9,India,0
155,84600,Jayanagar,12.784547,77.464605,Entire home/apt,Villa,2024-11-01,11,Winter,3939,153,108,1,0.79,24,2,94536,95,4.2,India,0
155,84600,Jayanagar,12.784547,77.464605,Entire home/apt,Villa,2024-12-01,12,Winter,5126,153,108,1,0.2,6,2,30756,20,4.4,India,0
156,98662,Frazer Town,12.959044,77.664091,Private room,Studio,2024-01-01,1,Winter,3753,407,348,1,0.37,11,2,41283,223,4.7,India,0
156,98662,Frazer Town,12.959044,77.664091,Private room,Studio,2024-02-01,2,Winter,3427,407,348,1,0.36,10,2,34270,65,4.9,India,0
156,98662,Frazer Town,12.959044,77.664091,Private room,Studio,2024-03-01,3,Spring,3555,407,348,1,0.76,24,2,85320,127,4.5,India,0
156,98662,Frazer Town,12.959044,77.664091,Private room,Studio,2024-04-01,4,Spring,3044,407,348,1,0.58,17,2,51748,24,4.9,India,0
156,98662,Frazer Town,12.959044,77.664091,Private room,Studio,2024-05-01,5,Spring,3048,407,348,1,0.54,17,4,51816,262,4.4,India,0
156,98662,Frazer Town,12.959044,77.664091,Private room,Studio,2024-06-01,6,Summer,2647,407,348,1,0.85,26,2,68822,48,4.1,India,0
156,98662,Frazer Town,12.959044,77.664091,Private room,Studio,2024-07-01,7,Monsoon,3004,407,348,1,0.59,18,3,54072,129,5.0,India,0
156,98662,Frazer Town,12.959044,77.664091,Private room,Studio,2024-08-01,8,Monsoon,2984,407,348,1,0.56,17,3,50728,257,4.1,India,0
156,98662,Frazer Town,12.959044,77.664091,Private room,Studio,2024-09-01,9,Autumn,3385,407,348,1,0.32,10,3,33850,236,4.8,India,0
156,98662,Frazer Town,12.959044,77.664091,Private room,Studio,2024-10-01,10,Autumn,3007,407,348,1,0.79,24,2,72168,201,4.6,India,0
156,98662,Frazer Town,12.959044,77.664091,Private room,Studio,2024-11-01,11,Winter,3354,407,348,1,0.61,18,3,60372,160,3.8,India,0
156,98662,Frazer Town,12.959044,77.664091,Private room,Studio,2024-12-01,12,Winter,3860,407,348,1,0.7,22,2,84920,343,4.6,India,0
157,54739,HSR Layout,12.784427,77.473466,Shared room,Villa,2024-01-01,1,Winter,5953,360,134,5,0.41,13,3,77389,2,4.5,India,1
157,54739,HSR Layout,12.784427,77.473466,Shared room,Villa,2024-02-01,2,Winter,4455,360,134,5,0.78,23,3,102465,235,4.7,India,0
157,54739,HSR Layout,12.784427,77.473466,Shared room,Villa,2024-03-01,3,Spring,5653,360,134,5,0.29,9,4,50877,308,5.0,USA,0
157,54739,HSR Layout,12.784427,77.473466,Shared room,Villa,2024-04-01,4,Spring,5854,360,134,5,0.33,10,2,58540,315,4.8,India,0
157,54739,HSR Layout,12.784427,77.473466,Shared room,Villa,2024-05-01,5,Spring,4917,360,134,5,0.3,9,3,44253,345,4.7,India,0
157,54739,HSR Layout,12.784427,77.473466,Shared room,Villa,2024-06-01,6,Summer,5083,360,134,5,0.44,13,2,66079,64,5.0,India,0
157,54739,HSR Layout,12.784427,77.473466,Shared room,Villa,2024-07-01,7,Monsoon,4092,360,134,5,0.3,9,2,36828,8,4.6,India,0
157,54739,HSR Layout,12.784427,77.473466,Shared room,Villa,2024-08-01,8,Monsoon,4430,360,134,5,0.42,13,2,57590,13,4.8,India,0
157,54739,HSR Layout,12.784427,77.473466,Shared room,Villa,2024-09-01,9,Autumn,5023,360,134,5,0.66,20,3,100460,332,4.5,India,0
157,54739,HSR Layout,12.784427,77.473466,Shared room,Villa,2024-10-01,10,Autumn,5037,360,134,5,0.46,14,4,70518,275,5.0,India,0
157,54739,HSR Layout,12.784427,77.473466,Shared room,Villa,2024-11-01,11,Winter,4755,360,134,5,0.84,25,2,118875,242,4.5,India,0
157,54739,HSR Layout,12.784427,77.473466,Shared room,Villa,2024-12-01,12,Winter,5871,360,134,5,0.73,23,2,135033,78,4.6,USA,0
158,73576,Marathahalli,12.707851,77.584855,Entire home/apt,Villa,2024-01-01,1,Winter,5718,483,280,1,0.5,16,2,91488,52,4.9,India,0
158,73576,Marathahalli,12.707851,77.584855,Entire home/apt,Villa,2024-02-01,2,Winter,4521,483,280,1,0.69,20,5,90420,253,3.6,USA,0
158,73576,Marathahalli,12.707851,77.584855,Entire home/apt,Villa,2024-03-01,3,Spring,5062,483,280,1,0.49,15,3,75930,283,5.0,Netherlands,0
158,73576,Marathahalli,12.707851,77.584855,Entire home/apt,Villa,2024-04-01,4,Spring,5097,483,280,1,0.62,19,1,96843,204,4.7,India,0
158,73576,Marathahalli,12.707851,77.584855,Entire home/apt,Villa,2024-05-01,5,Spring,4322,483,280,1,0.83,26,3,112372,313,5.0,UAE,0
158,73576,Marathahalli,12.707851,77.584855,Entire home/apt,Villa,2024-06-01,6,Summer,4599,483,280,1,0.82,25,4,114975,249,4.3,India,0
158,73576,Marathahalli,12.707851,77.584855,Entire home/apt,Villa,2024-07-01,7,Monsoon,3909,483,280,1,0.59,18,1,70362,9,4.7,India,0
158,73576,Marathahalli,12.707851,77.584855,Entire home/apt,Villa,2024-08-01,8,Monsoon,3990,483,280,1,0.67,21,2,83790,32,4.6,India,0
158,73576,Marathahalli,12.707851,77.584855,Entire home/apt,Villa,2024-09-01,9,Autumn,4322,483,280,1,0.66,20,3,86440,242,4.8,India,0
158,73576,Marathahalli,12.707851,77.584855,Entire home/apt,Villa,2024-10-01,10,Autumn,4555,483,280,1,0.76,24,3,109320,330,4.0,India,0
158,73576,Marathahalli,12.707851,77.584855,Entire home/apt,Villa,2024-11-01,11,Winter,4614,483,280,1,0.41,12,1,55368,147,4.1,USA,0
158,73576,Marathahalli,12.707851,77.584855,Entire home/apt,Villa,2024-12-01,12,Winter,5525,483,280,1,0.44,14,2,77350,224,4.3,India,0
159,99780,Yeshwanthpur,13.068694,77.706036,Private room,Serviced Apartment,2024-01-01,1,Winter,3989,425,147,3,0.32,10,3,39890,199,5.0,Canada,0
159,99780,Yeshwanthpur,13.068694,77.706036,Private room,Serviced Apartment,2024-02-01,2,Winter,3076,425,147,3,0.55,16,3,49216,184,4.7,Germany,0
159,99780,Yeshwanthpur,13.068694,77.706036,Private room,Serviced Apartment,2024-03-01,3,Spring,3606,425,147,3,0.72,22,3,79332,82,4.7,India,0
159,99780,Yeshwanthpur,13.068694,77.706036,Private room,Serviced Apartment,2024-04-01,4,Spring,3395,425,147,3,0.88,26,2,88270,44,4.6,India,0
159,99780,Yeshwanthpur,13.068694,77.706036,Private room,Serviced Apartment,2024-05-01,5,Spring,3214,425,147,3,0.7,22,2,70708,102,4.6,India,0
159,99780,Yeshwanthpur,13.068694,77.706036,Private room,Serviced Apartment,2024-06-01,6,Summer,3322,425,147,3,0.93,28,2,93016,212,4.4,Canada,0
159,99780,Yeshwanthpur,13.068694,77.706036,Private room,Serviced Apartment,2024-07-01,7,Monsoon,2855,425,147,3,0.57,18,2,51390,120,4.9,India,0
159,99780,Yeshwanthpur,13.068694,77.706036,Private room,Serviced Apartment,2024-08-01,8,Monsoon,2617,425,147,3,0.26,8,1,20936,9,4.3,India,0
159,99780,Yeshwanthpur,13.068694,77.706036,Private room,Serviced Apartment,2024-09-01,9,Autumn,2917,425,147,3,0.49,15,2,43755,346,4.7,India,0
159,99780,Yeshwanthpur,13.068694,77.706036,Private room,Serviced Apartment,2024-10-01,10,Autumn,3065,425,147,3,0.34,11,4,33715,257,4.5,India,1
159,99780,Yeshwanthpur,13.068694,77.706036,Private room,Serviced Apartment,2024-11-01,11,Winter,3415,425,147,3,0.3,9,2,30735,316,4.8,India,0
159,99780,Yeshwanthpur,13.068694,77.706036,Private room,Serviced Apartment,2024-12-01,12,Winter,4216,425,147,3,0.7,22,3,92752,249,5.0,India,0
160,56562,Koramangala,13.008038,77.617107,Private room,Studio,2024-01-01,1,Winter,7698,246,133,1,0.52,16,4,123168,224,4.5,Germany,0
160,56562,Koramangala,13.008038,77.617107,Private room,Studio,2024-02-01,2,Winter,6448,246,133,1,0.38,11,3,70928,54,4.2,UK,0
160,56562,Koramangala,13.008038,77.617107,Private room,Studio,2024-03-01,3,Spring,7031,246,133,1,0.74,23,3,161713,52,4.4,France,0
160,56562,Koramangala,13.008038,77.617107,Private room,Studio,2024-04-01,4,Spring,6926,246,133,1,0.64,19,1,131594,53,5.0,India,0
160,56562,Koramangala,13.008038,77.617107,Private room,Studio,2024-05-01,5,Spring,6156,246,133,1,0.74,23,2,141588,105,5.0,UAE,0
160,56562,Koramangala,13.008038,77.617107,Private room,Studio,2024-06-01,6,Summer,6261,246,133,1,0.59,18,2,112698,149,4.8,USA,0
160,56562,Koramangala,13.008038,77.617107,Private room,Studio,2024-07-01,7,Monsoon,5454,246,133,1,0.94,29,3,158166,255,4.6,USA,0
160,56562,Koramangala,13.008038,77.617107,Private room,Studio,2024-08-01,8,Monsoon,5473,246,133,1,0.46,14,1,76622,331,4.9,India,0
160,56562,Koramangala,13.008038,77.617107,Private room,Studio,2024-09-01,9,Autumn,6315,246,133,1,0.51,15,4,94725,62,4.7,Australia,0
160,56562,Koramangala,13.008038,77.617107,Private room,Studio,2024-10-01,10,Autumn,5841,246,133,1,0.61,19,2,110979,212,4.7,UK,1
160,56562,Koramangala,13.008038,77.617107,Private room,Studio,2024-11-01,11,Winter,6483,246,133,1,0.47,14,4,90762,242,4.0,India,0
160,56562,Koramangala,13.008038,77.617107,Private room,Studio,2024-12-01,12,Winter,7498,246,133,1,0.39,12,3,89976,43,5.0,India,0
161,64396,Rajajinagar,12.951776,77.523635,Private room,Studio,2024-01-01,1,Winter,6941,348,295,2,0.56,17,2,117997,219,4.5,India,0
161,64396,Rajajinagar,12.951776,77.523635,Private room,Studio,2024-02-01,2,Winter,5292,348,295,2,0.5,14,2,74088,264,3.9,Germany,0
161,64396,Rajajinagar,12.951776,77.523635,Private room,Studio,2024-03-01,3,Spring,5945,348,295,2,0.54,17,2,101065,15,4.8,India,0
161,64396,Rajajinagar,12.951776,77.523635,Private room,Studio,2024-04-01,4,Spring,5911,348,295,2,0.52,16,3,94576,264,4.2,Canada,0
161,64396,Rajajinagar,12.951776,77.523635,Private room,Studio,2024-05-01,5,Spring,5372,348,295,2,0.65,20,1,107440,161,4.0,India,0
161,64396,Rajajinagar,12.951776,77.523635,Private room,Studio,2024-06-01,6,Summer,5375,348,295,2,0.58,17,3,91375,222,4.2,India,0
161,64396,Rajajinagar,12.951776,77.523635,Private room,Studio,2024-07-01,7,Monsoon,4705,348,295,2,0.58,18,3,84690,338,4.0,UAE,0
161,64396,Rajajinagar,12.951776,77.523635,Private room,Studio,2024-08-01,8,Monsoon,4891,348,295,2,0.41,13,2,63583,294,4.9,India,0
161,64396,Rajajinagar,12.951776,77.523635,Private room,Studio,2024-09-01,9,Autumn,5825,348,295,2,0.41,12,3,69900,338,4.7,Singapore,0
161,64396,Rajajinagar,12.951776,77.523635,Private room,Studio,2024-10-01,10,Autumn,5213,348,295,2,0.7,22,5,114686,214,4.0,India,0
161,64396,Rajajinagar,12.951776,77.523635,Private room,Studio,2024-11-01,11,Winter,5454,348,295,2,0.41,12,3,65448,155,4.4,USA,0
161,64396,Rajajinagar,12.951776,77.523635,Private room,Studio,2024-12-01,12,Winter,6491,348,295,2,0.67,21,2,136311,176,4.2,India,0
162,79178,Richmond Town,13.06818,77.660089,Entire home/apt,Independent House,2024-01-01,1,Winter,5180,248,358,5,0.55,17,3,88060,332,4.2,India,0
162,79178,Richmond Town,13.06818,77.660089,Entire home/apt,Independent House,2024-02-01,2,Winter,4204,248,358,5,0.76,22,2,92488,18,4.2,India,0
162,79178,Richmond Town,13.06818,77.660089,Entire home/apt,Independent House,2024-03-01,3,Spring,4812,248,358,5,0.75,23,2,110676,64,4.2,India,0
162,79178,Richmond Town,13.06818,77.660089,Entire home/apt,Independent House,2024-04-01,4,Spring,4287,248,358,5,0.57,17,3,72879,109,4.3,India,0
162,79178,Richmond Town,13.06818,77.660089,Entire home/apt,Independent House,2024-05-01,5,Spring,4535,248,358,5,0.53,16,3,72560,266,4.2,India,0
162,79178,Richmond Town,13.06818,77.660089,Entire home/apt,Independent House,2024-06-01,6,Summer,3933,248,358,5,0.69,21,3,82593,11,4.3,India,0
162,79178,Richmond Town,13.06818,77.660089,Entire home/apt,Independent House,2024-07-01,7,Monsoon,3753,248,358,5,0.67,21,3,78813,303,4.3,India,0
162,79178,Richmond Town,13.06818,77.660089,Entire home/apt,Independent House,2024-08-01,8,Monsoon,3736,248,358,5,0.53,16,4,59776,155,4.8,USA,0
162,79178,Richmond Town,13.06818,77.660089,Entire home/apt,Independent House,2024-09-01,9,Autumn,4280,248,358,5,0.5,15,5,64200,56,4.5,USA,0
162,79178,Richmond Town,13.06818,77.660089,Entire home/apt,Independent House,2024-10-01,10,Autumn,4088,248,358,5,0.31,10,4,40880,132,4.6,India,0
162,79178,Richmond Town,13.06818,77.660089,Entire home/apt,Independent House,2024-11-01,11,Winter,4540,248,358,5,0.4,12,1,54480,333,4.2,Canada,0
162,79178,Richmond Town,13.06818,77.660089,Entire home/apt,Independent House,2024-12-01,12,Winter,5028,248,358,5,0.64,20,2,100560,293,4.7,USA,0
163,40945,Ulsoor,12.926239,77.718302,Entire home/apt,Studio,2024-01-01,1,Winter,4154,162,199,3,0.31,10,2,41540,341,4.6,UK,0
163,40945,Ulsoor,12.926239,77.718302,Entire home/apt,Studio,2024-02-01,2,Winter,3483,162,199,3,0.36,10,3,34830,193,3.9,India,0
163,40945,Ulsoor,12.926239,77.718302,Entire home/apt,Studio,2024-03-01,3,Spring,3954,162,199,3,0.45,14,2,55356,167,5.0,India,0
163,40945,Ulsoor,12.926239,77.718302,Entire home/apt,Studio,2024-04-01,4,Spring,3609,162,199,3,0.52,16,2,57744,184,4.7,India,0
163,40945,Ulsoor,12.926239,77.718302,Entire home/apt,Studio,2024-05-01,5,Spring,3133,162,199,3,0.56,17,2,53261,217,4.3,France,0
163,40945,Ulsoor,12.926239,77.718302,Entire home/apt,Studio,2024-06-01,6,Summer,3045,162,199,3,0.59,18,1,54810,31,4.4,India,0
163,40945,Ulsoor,12.926239,77.718302,Entire home/apt,Studio,2024-07-01,7,Monsoon,2947,162,199,3,0.36,11,2,32417,109,5.0,India,0
163,40945,Ulsoor,12.926239,77.718302,Entire home/apt,Studio,2024-08-01,8,Monsoon,3153,162,199,3,0.69,21,2,66213,269,4.4,India,0
163,40945,Ulsoor,12.926239,77.718302,Entire home/apt,Studio,2024-09-01,9,Autumn,2964,162,199,3,0.84,25,3,74100,202,4.5,Singapore,0
163,40945,Ulsoor,12.926239,77.718302,Entire home/apt,Studio,2024-10-01,10,Autumn,3160,162,199,3,0.61,19,3,60040,325,5.0,India,0
163,40945,Ulsoor,12.926239,77.718302,Entire home/apt,Studio,2024-11-01,11,Winter,3305,162,199,3,0.73,22,4,72710,250,4.9,USA,0
163,40945,Ulsoor,12.926239,77.718302,Entire home/apt,Studio,2024-12-01,12,Winter,3921,162,199,3,0.44,14,2,54894,83,4.9,India,0
164,69993,Jayanagar,13.087213,77.603956,Entire home/apt,Independent House,2024-01-01,1,Winter,714,277,313,5,0.47,15,1,10710,80,4.4,Canada,0
164,69993,Jayanagar,13.087213,77.603956,Entire home/apt,Independent House,2024-02-01,2,Winter,729,277,313,5,0.46,13,5,9477,308,4.1,Australia,0
164,69993,Jayanagar,13.087213,77.603956,Entire home/apt,Independent House,2024-03-01,3,Spring,1338,277,313,5,0.82,25,2,33450,189,4.0,India,0
164,69993,Jayanagar,13.087213,77.603956,Entire home/apt,Independent House,2024-04-01,4,Spring,1196,277,313,5,0.48,14,1,16744,78,4.6,India,0
164,69993,Jayanagar,13.087213,77.603956,Entire home/apt,Independent House,2024-05-01,5,Spring,788,277,313,5,0.44,14,2,11032,191,4.9,India,0
164,69993,Jayanagar,13.087213,77.603956,Entire home/apt,Independent House,2024-06-01,6,Summer,825,277,313,5,0.47,14,2,11550,73,4.0,India,0
164,69993,Jayanagar,13.087213,77.603956,Entire home/apt,Independent House,2024-07-01,7,Monsoon,542,277,313,5,0.3,9,3,4878,24,4.5,UAE,0
164,69993,Jayanagar,13.087213,77.603956,Entire home/apt,Independent House,2024-08-01,8,Monsoon,500,277,313,5,0.5,16,2,8000,145,5.0,India,0
164,69993,Jayanagar,13.087213,77.603956,Entire home/apt,Independent House,2024-09-01,9,Autumn,1039,277,313,5,0.54,16,4,16624,250,4.5,India,0
164,69993,Jayanagar,13.087213,77.603956,Entire home/apt,Independent House,2024-10-01,10,Autumn,1175,277,313,5,0.62,19,3,22325,34,4.4,Singapore,0
164,69993,Jayanagar,13.087213,77.603956,Entire home/apt,Independent House,2024-11-01,11,Winter,515,277,313,5,0.6,18,3,9270,289,4.8,India,0
164,69993,Jayanagar,13.087213,77.603956,Entire home/apt,Independent House,2024-12-01,12,Winter,874,277,313,5,0.59,18,2,15732,193,4.4,India,0
165,89391,Jayanagar,13.00478,77.601429,Entire home/apt,Serviced Apartment,2024-01-01,1,Winter,4054,0,309,2,0.69,21,4,85134,166,4.2,India,0
165,89391,Jayanagar,13.00478,77.601429,Entire home/apt,Serviced Apartment,2024-02-01,2,Winter,3289,0,309,2,0.43,12,3,39468,198,4.6,India,0
165,89391,Jayanagar,13.00478,77.601429,Entire home/apt,Serviced Apartment,2024-03-01,3,Spring,3563,0,309,2,0.4,12,2,42756,276,5.0,India,0
165,89391,Jayanagar,13.00478,77.601429,Entire home/apt,Serviced Apartment,2024-04-01,4,Spring,3791,0,309,2,0.45,14,3,53074,226,4.7,USA,0
165,89391,Jayanagar,13.00478,77.601429,Entire home/apt,Serviced Apartment,2024-05-01,5,Spring,3386,0,309,2,0.64,20,3,67720,84,3.8,USA,0
165,89391,Jayanagar,13.00478,77.601429,Entire home/apt,Serviced Apartment,2024-06-01,6,Summer,3480,0,309,2,0.46,14,3,48720,158,4.4,India,0
165,89391,Jayanagar,13.00478,77.601429,Entire home/apt,Serviced Apartment,2024-07-01,7,Monsoon,3478,0,309,2,0.59,18,2,62604,286,4.3,India,0
165,89391,Jayanagar,13.00478,77.601429,Entire home/apt,Serviced Apartment,2024-08-01,8,Monsoon,2510,0,309,2,0.75,23,5,57730,277,4.0,India,0
165,89391,Jayanagar,13.00478,77.601429,Entire home/apt,Serviced Apartment,2024-09-01,9,Autumn,3079,0,309,2,0.49,15,1,46185,291,5.0,India,0
165,89391,Jayanagar,13.00478,77.601429,Entire home/apt,Serviced Apartment,2024-10-01,10,Autumn,3433,0,309,2,0.52,16,3,54928,257,4.6,UAE,0
165,89391,Jayanagar,13.00478,77.601429,Entire home/apt,Serviced Apartment,2024-11-01,11,Winter,3159,0,309,2,0.56,17,4,53703,92,4.5,Canada,0
165,89391,Jayanagar,13.00478,77.601429,Entire home/apt,Serviced Apartment,2024-12-01,12,Winter,4291,0,309,2,0.69,21,2,90111,105,4.7,India,0
166,85963,Electronic City,12.733859,77.610063,Entire home/apt,Studio,2024-01-01,1,Winter,3813,411,103,5,0.44,14,4,53382,11,4.3,India,0
166,85963,Electronic City,12.733859,77.610063,Entire home/apt,Studio,2024-02-01,2,Winter,3081,411,103,5,0.74,21,1,64701,270,4.4,India,0
166,85963,Electronic City,12.733859,77.610063,Entire home/apt,Studio,2024-03-01,3,Spring,3130,411,103,5,0.61,19,2,59470,58,4.5,Netherlands,0
166,85963,Electronic City,12.733859,77.610063,Entire home/apt,Studio,2024-04-01,4,Spring,3408,411,103,5,0.74,22,3,74976,146,4.9,India,0
166,85963,Electronic City,12.733859,77.610063,Entire home/apt,Studio,2024-05-01,5,Spring,2947,411,103,5,0.51,16,2,47152,45,4.1,India,0
166,85963,Electronic City,12.733859,77.610063,Entire home/apt,Studio,2024-06-01,6,Summer,3204,411,103,5,0.82,25,5,80100,347,4.4,India,0
166,85963,Electronic City,12.733859,77.610063,Entire home/apt,Studio,2024-07-01,7,Monsoon,2710,411,103,5,0.82,25,3,67750,166,4.7,India,0
166,85963,Electronic City,12.733859,77.610063,Entire home/apt,Studio,2024-08-01,8,Monsoon,2845,411,103,5,0.42,13,3,36985,152,4.8,India,0
166,85963,Electronic City,12.733859,77.610063,Entire home/apt,Studio,2024-09-01,9,Autumn,2880,411,103,5,0.43,13,2,37440,211,4.4,UAE,0
166,85963,Electronic City,12.733859,77.610063,Entire home/apt,Studio,2024-10-01,10,Autumn,2948,411,103,5,0.57,18,2,53064,61,3.9,India,0
166,85963,Electronic City,12.733859,77.610063,Entire home/apt,Studio,2024-11-01,11,Winter,3256,411,103,5,0.77,23,3,74888,121,3.7,India,0
166,85963,Electronic City,12.733859,77.610063,Entire home/apt,Studio,2024-12-01,12,Winter,4026,411,103,5,0.48,15,3,60390,197,4.8,Canada,0
167,51724,Electronic City,12.921248,77.469637,Entire home/apt,Independent House,2024-01-01,1,Winter,4234,304,89,3,0.78,24,3,101616,300,4.0,India,0
167,51724,Electronic City,12.921248,77.469637,Entire home/apt,Independent House,2024-02-01,2,Winter,3538,304,89,3,0.77,22,3,77836,64,4.8,India,0
167,51724,Electronic City,12.921248,77.469637,Entire home/apt,Independent House,2024-03-01,3,Spring,4222,304,89,3,0.52,16,2,67552,42,4.9,Australia,0
167,51724,Electronic City,12.921248,77.469637,Entire home/apt,Independent House,2024-04-01,4,Spring,3737,304,89,3,0.79,24,3,89688,72,4.5,India,0
167,51724,Electronic City,12.921248,77.469637,Entire home/apt,Independent House,2024-05-01,5,Spring,3340,304,89,3,0.8,25,5,83500,125,4.3,India,0
167,51724,Electronic City,12.921248,77.469637,Entire home/apt,Independent House,2024-06-01,6,Summer,3135,304,89,3,0.52,16,2,50160,284,4.7,India,0
167,51724,Electronic City,12.921248,77.469637,Entire home/apt,Independent House,2024-07-01,7,Monsoon,3353,304,89,3,0.62,19,1,63707,237,5.0,Canada,0
167,51724,Electronic City,12.921248,77.469637,Entire home/apt,Independent House,2024-08-01,8,Monsoon,2804,304,89,3,0.53,16,3,44864,334,4.4,Netherlands,0
167,51724,Electronic City,12.921248,77.469637,Entire home/apt,Independent House,2024-09-01,9,Autumn,3395,304,89,3,0.61,18,1,61110,246,4.8,India,0
167,51724,Electronic City,12.921248,77.469637,Entire home/apt,Independent House,2024-10-01,10,Autumn,3329,304,89,3,0.62,19,2,63251,348,4.5,India,0
167,51724,Electronic City,12.921248,77.469637,Entire home/apt,Independent House,2024-11-01,11,Winter,3232,304,89,3,0.58,17,3,54944,299,4.4,Australia,0
167,51724,Electronic City,12.921248,77.469637,Entire home/apt,Independent House,2024-12-01,12,Winter,4238,304,89,3,0.6,19,2,80522,82,4.5,USA,0
168,49405,MG Road,12.858122,77.486893,Entire home/apt,Studio,2024-01-01,1,Winter,3493,490,223,5,0.46,14,2,48902,258,5.0,Canada,0
168,49405,MG Road,12.858122,77.486893,Entire home/apt,Studio,2024-02-01,2,Winter,2774,490,223,5,0.37,11,3,30514,175,4.8,India,0
168,49405,MG Road,12.858122,77.486893,Entire home/apt,Studio,2024-03-01,3,Spring,2864,490,223,5,0.54,17,5,48688,231,5.0,India,0
168,49405,MG Road,12.858122,77.486893,Entire home/apt,Studio,2024-04-01,4,Spring,2971,490,223,5,0.27,8,3,23768,164,3.9,India,0
168,49405,MG Road,12.858122,77.486893,Entire home/apt,Studio,2024-05-01,5,Spring,3160,490,223,5,0.74,23,2,72680,306,4.3,India,0
168,49405,MG Road,12.858122,77.486893,Entire home/apt,Studio,2024-06-01,6,Summer,3117,490,223,5,0.78,23,4,71691,68,5.0,India,0
168,49405,MG Road,12.858122,77.486893,Entire home/apt,Studio,2024-07-01,7,Monsoon,2633,490,223,5,0.23,7,1,18431,243,4.2,India,0
168,49405,MG Road,12.858122,77.486893,Entire home/apt,Studio,2024-08-01,8,Monsoon,2597,490,223,5,0.53,16,1,41552,88,4.4,India,0
168,49405,MG Road,12.858122,77.486893,Entire home/apt,Studio,2024-09-01,9,Autumn,3204,490,223,5,0.76,23,4,73692,250,4.4,UK,0
168,49405,MG Road,12.858122,77.486893,Entire home/apt,Studio,2024-10-01,10,Autumn,3200,490,223,5,0.63,20,3,64000,332,4.5,India,0
168,49405,MG Road,12.858122,77.486893,Entire home/apt,Studio,2024-11-01,11,Winter,3162,490,223,5,0.58,17,4,53754,343,5.0,India,0
168,49405,MG Road,12.858122,77.486893,Entire home/apt,Studio,2024-12-01,12,Winter,3439,490,223,5,0.49,15,2,51585,192,4.4,France,0
169,33224,Indiranagar,12.749906,77.561144,Entire home/apt,Apartment,2024-01-01,1,Winter,5029,490,193,1,0.39,12,3,60348,348,4.8,UAE,0
169,33224,Indiranagar,12.749906,77.561144,Entire home/apt,Apartment,2024-02-01,2,Winter,4177,490,193,1,0.31,9,1,37593,314,4.5,India,0
169,33224,Indiranagar,12.749906,77.561144,Entire home/apt,Apartment,2024-03-01,3,Spring,4111,490,193,1,0.5,16,4,65776,113,4.1,India,0
169,33224,Indiranagar,12.749906,77.561144,Entire home/apt,Apartment,2024-04-01,4,Spring,4590,490,193,1,0.62,19,2,87210,185,4.0,India,0
169,33224,Indiranagar,12.749906,77.561144,Entire home/apt,Apartment,2024-05-01,5,Spring,4203,490,193,1,0.38,12,2,50436,310,4.6,India,0
169,33224,Indiranagar,12.749906,77.561144,Entire home/apt,Apartment,2024-06-01,6,Summer,3865,490,193,1,0.55,16,2,61840,326,4.7,India,0
169,33224,Indiranagar,12.749906,77.561144,Entire home/apt,Apartment,2024-07-01,7,Monsoon,3728,490,193,1,0.8,25,4,93200,291,4.5,India,0
169,33224,Indiranagar,12.749906,77.561144,Entire home/apt,Apartment,2024-08-01,8,Monsoon,3685,490,193,1,0.53,16,2,58960,99,4.6,India,0
169,33224,Indiranagar,12.749906,77.561144,Entire home/apt,Apartment,2024-09-01,9,Autumn,4114,490,193,1,0.59,18,3,74052,349,3.8,India,0
169,33224,Indiranagar,12.749906,77.561144,Entire home/apt,Apartment,2024-10-01,10,Autumn,4093,490,193,1,0.65,20,2,81860,301,4.2,India,1
169,33224,Indiranagar,12.749906,77.561144,Entire home/apt,Apartment,2024-11-01,11,Winter,3771,490,193,1,0.82,25,2,94275,291,4.7,Australia,0
169,33224,Indiranagar,12.749906,77.561144,Entire home/apt,Apartment,2024-12-01,12,Winter,4988,490,193,1,0.43,13,4,64844,140,4.2,India,0
170,98832,Residency Road,12.945783,77.654204,Private room,Apartment,2024-01-01,1,Winter,6218,320,298,1,0.63,20,4,124360,165,4.2,India,0
170,98832,Residency Road,12.945783,77.654204,Private room,Apartment,2024-02-01,2,Winter,5363,320,298,1,0.76,22,2,117986,348,4.3,India,0
170,98832,Residency Road,12.945783,77.654204,Private room,Apartment,2024-03-01,3,Spring,5444,320,298,1,0.16,5,2,27220,264,3.9,UK,0
170,98832,Residency Road,12.945783,77.654204,Private room,Apartment,2024-04-01,4,Spring,5302,320,298,1,0.58,17,4,90134,114,4.4,India,0
170,98832,Residency Road,12.945783,77.654204,Private room,Apartment,2024-05-01,5,Spring,4794,320,298,1,0.51,16,4,76704,272,4.7,India,0
170,98832,Residency Road,12.945783,77.654204,Private room,Apartment,2024-06-01,6,Summer,5168,320,298,1,0.27,8,1,41344,99,4.4,India,0
170,98832,Residency Road,12.945783,77.654204,Private room,Apartment,2024-07-01,7,Monsoon,4280,320,298,1,0.69,21,4,89880,12,4.8,Netherlands,0
170,98832,Residency Road,12.945783,77.654204,Private room,Apartment,2024-08-01,8,Monsoon,4377,320,298,1,0.44,14,2,61278,216,4.3,Canada,0
170,98832,Residency Road,12.945783,77.654204,Private room,Apartment,2024-09-01,9,Autumn,4613,320,298,1,0.61,18,4,83034,100,4.4,India,0
170,98832,Residency Road,12.945783,77.654204,Private room,Apartment,2024-10-01,10,Autumn,5257,320,298,1,0.39,12,2,63084,320,4.3,India,1
170,98832,Residency Road,12.945783,77.654204,Private room,Apartment,2024-11-01,11,Winter,4762,320,298,1,0.41,12,2,57144,12,4.0,India,0
170,98832,Residency Road,12.945783,77.654204,Private room,Apartment,2024-12-01,12,Winter,6527,320,298,1,0.45,14,3,91378,171,4.5,Australia,0
171,72072,Frazer Town,13.083521,77.699755,Private room,Studio,2024-01-01,1,Winter,3770,109,201,1,0.69,21,3,79170,317,4.0,India,0
171,72072,Frazer Town,13.083521,77.699755,Private room,Studio,2024-02-01,2,Winter,3204,109,201,1,0.47,14,2,44856,63,4.3,India,0
171,72072,Frazer Town,13.083521,77.699755,Private room,Studio,2024-03-01,3,Spring,3453,109,201,1,0.5,16,1,55248,17,4.5,India,0
171,72072,Frazer Town,13.083521,77.699755,Private room,Studio,2024-04-01,4,Spring,3285,109,201,1,0.62,19,4,62415,33,3.5,UK,0
171,72072,Frazer Town,13.083521,77.699755,Private room,Studio,2024-05-01,5,Spring,2678,109,201,1,0.69,21,1,56238,226,4.9,India,0
171,72072,Frazer Town,13.083521,77.699755,Private room,Studio,2024-06-01,6,Summer,2861,109,201,1,0.56,17,3,48637,221,4.6,India,0
171,72072,Frazer Town,13.083521,77.699755,Private room,Studio,2024-07-01,7,Monsoon,2876,109,201,1,0.3,9,3,25884,286,4.1,India,0
171,72072,Frazer Town,13.083521,77.699755,Private room,Studio,2024-08-01,8,Monsoon,2672,109,201,1,0.71,22,4,58784,205,5.0,India,0
171,72072,Frazer Town,13.083521,77.699755,Private room,Studio,2024-09-01,9,Autumn,2998,109,201,1,0.39,12,3,35976,119,4.7,Singapore,0
171,72072,Frazer Town,13.083521,77.699755,Private room,Studio,2024-10-01,10,Autumn,3307,109,201,1,0.62,19,3,62833,319,4.1,India,0
171,72072,Frazer Town,13.083521,77.699755,Private room,Studio,2024-11-01,11,Winter,3234,109,201,1,0.7,21,3,67914,317,4.1,India,0
171,72072,Frazer Town,13.083521,77.699755,Private room,Studio,2024-12-01,12,Winter,3879,109,201,1,0.75,23,2,89217,345,5.0,UK,0
172,53017,Ulsoor,12.776993,77.480807,Entire home/apt,Apartment,2024-01-01,1,Winter,4520,246,179,2,0.36,11,3,49720,131,4.7,India,0
172,53017,Ulsoor,12.776993,77.480807,Entire home/apt,Apartment,2024-02-01,2,Winter,3146,246,179,2,0.7,20,3,62920,95,4.4,India,0
172,53017,Ulsoor,12.776993,77.480807,Entire home/apt,Apartment,2024-03-01,3,Spring,4015,246,179,2,0.62,19,3,76285,30,4.0,India,0
172,53017,Ulsoor,12.776993,77.480807,Entire home/apt,Apartment,2024-04-01,4,Spring,4046,246,179,2,0.78,23,3,93058,262,4.9,Canada,0
172,53017,Ulsoor,12.776993,77.480807,Entire home/apt,Apartment,2024-05-01,5,Spring,3268,246,179,2,0.5,16,3,52288,159,4.6,India,0
172,53017,Ulsoor,12.776993,77.480807,Entire home/apt,Apartment,2024-06-01,6,Summer,3280,246,179,2,0.8,24,3,78720,74,4.6,India,0
172,53017,Ulsoor,12.776993,77.480807,Entire home/apt,Apartment,2024-07-01,7,Monsoon,2538,246,179,2,0.59,18,2,45684,175,4.4,India,0
172,53017,Ulsoor,12.776993,77.480807,Entire home/apt,Apartment,2024-08-01,8,Monsoon,3064,246,179,2,0.49,15,5,45960,265,4.8,India,0
172,53017,Ulsoor,12.776993,77.480807,Entire home/apt,Apartment,2024-09-01,9,Autumn,3643,246,179,2,0.59,18,3,65574,29,4.4,India,0
172,53017,Ulsoor,12.776993,77.480807,Entire home/apt,Apartment,2024-10-01,10,Autumn,3412,246,179,2,0.55,17,4,58004,286,4.2,Australia,0
172,53017,Ulsoor,12.776993,77.480807,Entire home/apt,Apartment,2024-11-01,11,Winter,3535,246,179,2,0.61,18,2,63630,102,5.0,India,0
172,53017,Ulsoor,12.776993,77.480807,Entire home/apt,Apartment,2024-12-01,12,Winter,4526,246,179,2,0.44,14,2,63364,35,4.8,India,0
173,71263,Richmond Town,12.976966,77.705603,Entire home/apt,Villa,2024-01-01,1,Winter,2844,404,233,5,0.38,12,2,34128,53,4.6,India,0
173,71263,Richmond Town,12.976966,77.705603,Entire home/apt,Villa,2024-02-01,2,Winter,1824,404,233,5,0.27,8,1,14592,112,4.4,UAE,0
173,71263,Richmond Town,12.976966,77.705603,Entire home/apt,Villa,2024-03-01,3,Spring,2609,404,233,5,0.47,15,3,39135,117,3.9,India,0
173,71263,Richmond Town,12.976966,77.705603,Entire home/apt,Villa,2024-04-01,4,Spring,2430,404,233,5,0.59,18,2,43740,246,4.7,USA,0
173,71263,Richmond Town,12.976966,77.705603,Entire home/apt,Villa,2024-05-01,5,Spring,2355,404,233,5,0.7,22,5,51810,169,4.7,Germany,0
173,71263,Richmond Town,12.976966,77.705603,Entire home/apt,Villa,2024-06-01,6,Summer,2209,404,233,5,0.49,15,2,33135,204,3.9,India,0
173,71263,Richmond Town,12.976966,77.705603,Entire home/apt,Villa,2024-07-01,7,Monsoon,2101,404,233,5,0.7,22,5,46222,185,4.8,India,0
173,71263,Richmond Town,12.976966,77.705603,Entire home/apt,Villa,2024-08-01,8,Monsoon,2402,404,233,5,0.48,15,2,36030,284,5.0,India,0
173,71263,Richmond Town,12.976966,77.705603,Entire home/apt,Villa,2024-09-01,9,Autumn,2320,404,233,5,0.75,22,2,51040,99,4.5,India,0
173,71263,Richmond Town,12.976966,77.705603,Entire home/apt,Villa,2024-10-01,10,Autumn,2499,404,233,5,0.75,23,4,57477,184,4.4,India,1
173,71263,Richmond Town,12.976966,77.705603,Entire home/apt,Villa,2024-11-01,11,Winter,2401,404,233,5,0.72,22,2,52822,89,4.4,India,0
173,71263,Richmond Town,12.976966,77.705603,Entire home/apt,Villa,2024-12-01,12,Winter,2683,404,233,5,0.85,26,2,69758,89,4.3,India,0
174,33401,Hebbal,12.708597,77.702864,Private room,Apartment,2024-01-01,1,Winter,4491,473,150,5,0.36,11,3,49401,56,4.6,India,0
174,33401,Hebbal,12.708597,77.702864,Private room,Apartment,2024-02-01,2,Winter,3332,473,150,5,0.47,14,2,46648,189,4.6,Germany,0
174,33401,Hebbal,12.708597,77.702864,Private room,Apartment,2024-03-01,3,Spring,4006,473,150,5,0.28,9,3,36054,269,5.0,Netherlands,0
174,33401,Hebbal,12.708597,77.702864,Private room,Apartment,2024-04-01,4,Spring,4079,473,150,5,0.73,22,5,89738,222,4.4,Singapore,0
174,33401,Hebbal,12.708597,77.702864,Private room,Apartment,2024-05-01,5,Spring,3514,473,150,5,0.55,17,1,59738,73,4.4,Singapore,0
174,33401,Hebbal,12.708597,77.702864,Private room,Apartment,2024-06-01,6,Summer,3455,473,150,5,0.73,22,2,76010,97,4.3,India,0
174,33401,Hebbal,12.708597,77.702864,Private room,Apartment,2024-07-01,7,Monsoon,2953,473,150,5,0.71,22,2,64966,191,4.3,India,0
174,33401,Hebbal,12.708597,77.702864,Private room,Apartment,2024-08-01,8,Monsoon,3200,473,150,5,0.25,8,2,25600,325,5.0,India,0
174,33401,Hebbal,12.708597,77.702864,Private room,Apartment,2024-09-01,9,Autumn,3433,473,150,5,0.52,16,1,54928,315,4.9,India,0
174,33401,Hebbal,12.708597,77.702864,Private room,Apartment,2024-10-01,10,Autumn,3774,473,150,5,0.51,16,4,60384,150,3.8,UK,0
174,33401,Hebbal,12.708597,77.702864,Private room,Apartment,2024-11-01,11,Winter,3529,473,150,5,0.54,16,1,56464,143,4.2,Singapore,0
174,33401,Hebbal,12.708597,77.702864,Private room,Apartment,2024-12-01,12,Winter,4652,473,150,5,0.62,19,4,88388,299,4.9,Singapore,0
175,20670,Marathahalli,13.016399,77.634466,Entire home/apt,Serviced Apartment,2024-01-01,1,Winter,2688,629,340,3,0.59,18,2,48384,237,4.9,India,0
175,20670,Marathahalli,13.016399,77.634466,Entire home/apt,Serviced Apartment,2024-02-01,2,Winter,2501,629,340,3,0.37,11,3,27511,247,4.4,USA,0
175,20670,Marathahalli,13.016399,77.634466,Entire home/apt,Serviced Apartment,2024-03-01,3,Spring,1755,629,340,3,0.61,19,2,33345,137,4.6,India,0
175,20670,Marathahalli,13.016399,77.634466,Entire home/apt,Serviced Apartment,2024-04-01,4,Spring,2223,629,340,3,0.49,15,3,33345,298,3.7,India,0
175,20670,Marathahalli,13.016399,77.634466,Entire home/apt,Serviced Apartment,2024-05-01,5,Spring,2102,629,340,3,0.8,25,2,52550,103,4.3,India,0
175,20670,Marathahalli,13.016399,77.634466,Entire home/apt,Serviced Apartment,2024-06-01,6,Summer,2116,629,340,3,0.35,10,2,21160,111,4.7,India,0
175,20670,Marathahalli,13.016399,77.634466,Entire home/apt,Serviced Apartment,2024-07-01,7,Monsoon,1747,629,340,3,0.47,15,4,26205,292,4.2,India,0
175,20670,Marathahalli,13.016399,77.634466,Entire home/apt,Serviced Apartment,2024-08-01,8,Monsoon,1747,629,340,3,0.64,20,4,34940,130,4.0,India,0
175,20670,Marathahalli,13.016399,77.634466,Entire home/apt,Serviced Apartment,2024-09-01,9,Autumn,1949,629,340,3,0.58,17,2,33133,43,4.1,India,0
175,20670,Marathahalli,13.016399,77.634466,Entire home/apt,Serviced Apartment,2024-10-01,10,Autumn,2387,629,340,3,0.46,14,3,33418,117,4.2,India,0
175,20670,Marathahalli,13.016399,77.634466,Entire home/apt,Serviced Apartment,2024-11-01,11,Winter,1833,629,340,3,0.86,26,3,47658,218,4.7,India,0
175,20670,Marathahalli,13.016399,77.634466,Entire home/apt,Serviced Apartment,2024-12-01,12,Winter,2348,629,340,3,0.75,23,2,54004,188,4.6,Germany,0
176,60118,Indiranagar,12.771826,77.520137,Entire home/apt,Villa,2024-01-01,1,Winter,4611,248,122,3,0.65,20,4,92220,262,4.3,India,1
176,60118,Indiranagar,12.771826,77.520137,Entire home/apt,Villa,2024-02-01,2,Winter,4171,248,122,3,0.41,12,2,50052,116,5.0,India,0
176,60118,Indiranagar,12.771826,77.520137,Entire home/apt,Villa,2024-03-01,3,Spring,4166,248,122,3,0.64,20,1,83320,19,4.8,India,0
176,60118,Indiranagar,12.771826,77.520137,Entire home/apt,Villa,2024-04-01,4,Spring,4062,248,122,3,0.73,22,2,89364,345,3.4,India,0
176,60118,Indiranagar,12.771826,77.520137,Entire home/apt,Villa,2024-05-01,5,Spring,3665,248,122,3,0.46,14,2,51310,349,4.0,Australia,0
176,60118,Indiranagar,12.771826,77.520137,Entire home/apt,Villa,2024-06-01,6,Summer,3766,248,122,3,0.66,20,2,75320,309,4.8,Netherlands,0
176,60118,Indiranagar,12.771826,77.520137,Entire home/apt,Villa,2024-07-01,7,Monsoon,3475,248,122,3,0.5,16,5,55600,278,4.6,UAE,0
176,60118,Indiranagar,12.771826,77.520137,Entire home/apt,Villa,2024-08-01,8,Monsoon,3451,248,122,3,0.74,23,1,79373,153,4.8,India,0
176,60118,Indiranagar,12.771826,77.520137,Entire home/apt,Villa,2024-09-01,9,Autumn,3814,248,122,3,0.47,14,2,53396,206,4.2,Canada,0
176,60118,Indiranagar,12.771826,77.520137,Entire home/apt,Villa,2024-10-01,10,Autumn,3699,248,122,3,0.55,17,4,62883,335,4.6,India,0
176,60118,Indiranagar,12.771826,77.520137,Entire home/apt,Villa,2024-11-01,11,Winter,3951,248,122,3,0.59,18,5,71118,76,4.5,Singapore,0
176,60118,Indiranagar,12.771826,77.520137,Entire home/apt,Villa,2024-12-01,12,Winter,4788,248,122,3,0.52,16,2,76608,107,4.1,India,0
177,82432,Electronic City,12.989004,77.58842,Private room,Villa,2024-01-01,1,Winter,1835,195,176,5,0.49,15,3,27525,213,4.4,India,0
177,82432,Electronic City,12.989004,77.58842,Private room,Villa,2024-02-01,2,Winter,1486,195,176,5,0.68,20,3,29720,191,4.1,India,0
177,82432,Electronic City,12.989004,77.58842,Private room,Villa,2024-03-01,3,Spring,1731,195,176,5,0.77,24,4,41544,156,4.0,Canada,0
177,82432,Electronic City,12.989004,77.58842,Private room,Villa,2024-04-01,4,Spring,1368,195,176,5,0.78,23,1,31464,337,4.4,France,0
177,82432,Electronic City,12.989004,77.58842,Private room,Villa,2024-05-01,5,Spring,950,195,176,5,0.39,12,2,11400,214,4.4,India,0
177,82432,Electronic City,12.989004,77.58842,Private room,Villa,2024-06-01,6,Summer,1161,195,176,5,0.54,16,3,18576,275,4.5,India,0
177,82432,Electronic City,12.989004,77.58842,Private room,Villa,2024-07-01,7,Monsoon,1545,195,176,5,0.56,17,3,26265,290,4.9,UK,0
177,82432,Electronic City,12.989004,77.58842,Private room,Villa,2024-08-01,8,Monsoon,1538,195,176,5,0.82,25,4,38450,78,4.6,Netherlands,0
177,82432,Electronic City,12.989004,77.58842,Private room,Villa,2024-09-01,9,Autumn,1001,195,176,5,0.67,20,5,20020,290,4.9,India,0
177,82432,Electronic City,12.989004,77.58842,Private room,Villa,2024-10-01,10,Autumn,1377,195,176,5,0.86,27,3,37179,311,4.8,India,0
177,82432,Electronic City,12.989004,77.58842,Private room,Villa,2024-11-01,11,Winter,1506,195,176,5,0.76,23,2,34638,200,4.6,India,0
177,82432,Electronic City,12.989004,77.58842,Private room,Villa,2024-12-01,12,Winter,1243,195,176,5,0.53,16,2,19888,243,5.0,India,0
178,69183,Basavanagudi,12.737297,77.481294,Entire home/apt,Apartment,2024-01-01,1,Winter,2954,266,330,1,0.84,26,2,76804,35,5.0,UAE,0
178,69183,Basavanagudi,12.737297,77.481294,Entire home/apt,Apartment,2024-02-01,2,Winter,2354,266,330,1,0.59,17,2,40018,149,4.2,India,0
178,69183,Basavanagudi,12.737297,77.481294,Entire home/apt,Apartment,2024-03-01,3,Spring,2905,266,330,1,0.65,20,1,58100,29,4.8,India,0
178,69183,Basavanagudi,12.737297,77.481294,Entire home/apt,Apartment,2024-04-01,4,Spring,2849,266,330,1,0.99,30,1,85470,167,4.1,Australia,0
178,69183,Basavanagudi,12.737297,77.481294,Entire home/apt,Apartment,2024-05-01,5,Spring,2188,266,330,1,0.51,16,2,35008,80,3.9,Netherlands,0
178,69183,Basavanagudi,12.737297,77.481294,Entire home/apt,Apartment,2024-06-01,6,Summer,2232,266,330,1,0.42,13,2,29016,214,4.1,India,0
178,69183,Basavanagudi,12.737297,77.481294,Entire home/apt,Apartment,2024-07-01,7,Monsoon,2087,266,330,1,0.65,20,1,41740,105,4.3,India,0
178,69183,Basavanagudi,12.737297,77.481294,Entire home/apt,Apartment,2024-08-01,8,Monsoon,2242,266,330,1,0.71,22,2,49324,221,4.2,Germany,0
178,69183,Basavanagudi,12.737297,77.481294,Entire home/apt,Apartment,2024-09-01,9,Autumn,2478,266,330,1,0.63,19,3,47082,81,3.7,India,0
178,69183,Basavanagudi,12.737297,77.481294,Entire home/apt,Apartment,2024-10-01,10,Autumn,2054,266,330,1,0.62,19,4,39026,300,4.7,India,0
178,69183,Basavanagudi,12.737297,77.481294,Entire home/apt,Apartment,2024-11-01,11,Winter,2942,266,330,1,0.6,18,2,52956,103,4.8,India,0
178,69183,Basavanagudi,12.737297,77.481294,Entire home/apt,Apartment,2024-12-01,12,Winter,3123,266,330,1,0.62,19,2,59337,32,5.0,France,0
179,42353,Brigade Road,12.831557,77.620769,Entire home/apt,Serviced Apartment,2024-01-01,1,Winter,1615,362,100,1,0.61,19,2,30685,233,5.0,India,0
179,42353,Brigade Road,12.831557,77.620769,Entire home/apt,Serviced Apartment,2024-02-01,2,Winter,826,362,100,1,0.57,17,3,14042,200,4.5,India,0
179,42353,Brigade Road,12.831557,77.620769,Entire home/apt,Serviced Apartment,2024-03-01,3,Spring,603,362,100,1,0.4,12,4,7236,89,4.1,India,0
179,42353,Brigade Road,12.831557,77.620769,Entire home/apt,Serviced Apartment,2024-04-01,4,Spring,1210,362,100,1,0.7,21,2,25410,316,4.6,USA,0
179,42353,Brigade Road,12.831557,77.620769,Entire home/apt,Serviced Apartment,2024-05-01,5,Spring,1115,362,100,1,0.55,17,2,18955,337,5.0,India,0
179,42353,Brigade Road,12.831557,77.620769,Entire home/apt,Serviced Apartment,2024-06-01,6,Summer,952,362,100,1,0.58,17,3,16184,201,4.4,India,0
179,42353,Brigade Road,12.831557,77.620769,Entire home/apt,Serviced Apartment,2024-07-01,7,Monsoon,991,362,100,1,0.51,16,1,15856,80,4.9,India,0
179,42353,Brigade Road,12.831557,77.620769,Entire home/apt,Serviced Apartment,2024-08-01,8,Monsoon,629,362,100,1,0.41,13,3,8177,149,4.8,India,0
179,42353,Brigade Road,12.831557,77.620769,Entire home/apt,Serviced Apartment,2024-09-01,9,Autumn,934,362,100,1,0.5,15,1,14010,111,4.9,UAE,0
179,42353,Brigade Road,12.831557,77.620769,Entire home/apt,Serviced Apartment,2024-10-01,10,Autumn,830,362,100,1,0.54,17,2,14110,283,5.0,India,0
179,42353,Brigade Road,12.831557,77.620769,Entire home/apt,Serviced Apartment,2024-11-01,11,Winter,1258,362,100,1,0.81,24,3,30192,258,4.4,UK,0
179,42353,Brigade Road,12.831557,77.620769,Entire home/apt,Serviced Apartment,2024-12-01,12,Winter,1434,362,100,1,0.43,13,2,18642,230,4.1,India,0
180,15850,Electronic City,12.710687,77.64166,Entire home/apt,Serviced Apartment,2024-01-01,1,Winter,828,550,275,3,0.58,18,3,14904,99,4.1,India,1
180,15850,Electronic City,12.710687,77.64166,Entire home/apt,Serviced Apartment,2024-02-01,2,Winter,939,550,275,3,0.54,16,2,15024,69,4.0,India,0
180,15850,Electronic City,12.710687,77.64166,Entire home/apt,Serviced Apartment,2024-03-01,3,Spring,968,550,275,3,0.38,12,3,11616,248,4.2,India,0
180,15850,Electronic City,12.710687,77.64166,Entire home/apt,Serviced Apartment,2024-04-01,4,Spring,500,550,275,3,0.39,12,1,6000,336,4.6,India,0
180,15850,Electronic City,12.710687,77.64166,Entire home/apt,Serviced Apartment,2024-05-01,5,Spring,500,550,275,3,0.38,12,5,6000,71,4.5,India,0
180,15850,Electronic City,12.710687,77.64166,Entire home/apt,Serviced Apartment,2024-06-01,6,Summer,692,550,275,3,0.9,27,2,18684,82,5.0,India,0
180,15850,Electronic City,12.710687,77.64166,Entire home/apt,Serviced Apartment,2024-07-01,7,Monsoon,547,550,275,3,0.68,21,1,11487,51,4.8,India,0
180,15850,Electronic City,12.710687,77.64166,Entire home/apt,Serviced Apartment,2024-08-01,8,Monsoon,601,550,275,3,0.38,12,2,7212,200,4.5,India,0
180,15850,Electronic City,12.710687,77.64166,Entire home/apt,Serviced Apartment,2024-09-01,9,Autumn,766,550,275,3,0.53,16,3,12256,5,4.7,India,0
180,15850,Electronic City,12.710687,77.64166,Entire home/apt,Serviced Apartment,2024-10-01,10,Autumn,650,550,275,3,0.43,13,2,8450,183,4.5,India,0
180,15850,Electronic City,12.710687,77.64166,Entire home/apt,Serviced Apartment,2024-11-01,11,Winter,877,550,275,3,0.42,13,4,11401,272,4.9,India,0
180,15850,Electronic City,12.710687,77.64166,Entire home/apt,Serviced Apartment,2024-12-01,12,Winter,646,550,275,3,0.51,16,3,10336,325,4.4,Germany,0
181,96512,Whitefield,12.856247,77.542497,Entire home/apt,Apartment,2024-01-01,1,Winter,3794,215,104,5,0.43,13,3,49322,127,5.0,India,0
181,96512,Whitefield,12.856247,77.542497,Entire home/apt,Apartment,2024-02-01,2,Winter,2823,215,104,5,0.57,17,1,47991,215,4.7,India,0
181,96512,Whitefield,12.856247,77.542497,Entire home/apt,Apartment,2024-03-01,3,Spring,3514,215,104,5,0.41,13,1,45682,98,4.1,India,0
181,96512,Whitefield,12.856247,77.542497,Entire home/apt,Apartment,2024-04-01,4,Spring,2859,215,104,5,0.56,17,1,48603,49,3.8,Germany,0
181,96512,Whitefield,12.856247,77.542497,Entire home/apt,Apartment,2024-05-01,5,Spring,2740,215,104,5,0.81,25,4,68500,85,4.6,USA,0
181,96512,Whitefield,12.856247,77.542497,Entire home/apt,Apartment,2024-06-01,6,Summer,2678,215,104,5,0.46,14,1,37492,262,4.9,India,0
181,96512,Whitefield,12.856247,77.542497,Entire home/apt,Apartment,2024-07-01,7,Monsoon,2297,215,104,5,0.83,26,2,59722,287,5.0,India,0
181,96512,Whitefield,12.856247,77.542497,Entire home/apt,Apartment,2024-08-01,8,Monsoon,2513,215,104,5,0.56,17,3,42721,277,4.9,India,0
181,96512,Whitefield,12.856247,77.542497,Entire home/apt,Apartment,2024-09-01,9,Autumn,2954,215,104,5,0.44,13,2,38402,118,4.3,India,0
181,96512,Whitefield,12.856247,77.542497,Entire home/apt,Apartment,2024-10-01,10,Autumn,2472,215,104,5,0.62,19,2,46968,88,4.8,India,0
181,96512,Whitefield,12.856247,77.542497,Entire home/apt,Apartment,2024-11-01,11,Winter,2467,215,104,5,0.49,15,1,37005,108,4.0,India,0
181,96512,Whitefield,12.856247,77.542497,Entire home/apt,Apartment,2024-12-01,12,Winter,3241,215,104,5,0.64,20,1,64820,142,4.2,India,0
182,18825,Hebbal,12.864439,77.680264,Entire home/apt,Apartment,2024-01-01,1,Winter,3960,55,354,2,0.51,16,2,63360,48,4.2,India,0
182,18825,Hebbal,12.864439,77.680264,Entire home/apt,Apartment,2024-02-01,2,Winter,3102,55,354,2,0.54,16,3,49632,347,4.2,UAE,0
182,18825,Hebbal,12.864439,77.680264,Entire home/apt,Apartment,2024-03-01,3,Spring,3157,55,354,2,0.79,24,3,75768,68,4.2,India,0
182,18825,Hebbal,12.864439,77.680264,Entire home/apt,Apartment,2024-04-01,4,Spring,3433,55,354,2,0.67,20,3,68660,162,5.0,Netherlands,0
182,18825,Hebbal,12.864439,77.680264,Entire home/apt,Apartment,2024-05-01,5,Spring,2891,55,354,2,0.58,18,3,52038,34,4.2,India,0
182,18825,Hebbal,12.864439,77.680264,Entire home/apt,Apartment,2024-06-01,6,Summer,3032,55,354,2,0.41,12,3,36384,299,4.0,India,0
182,18825,Hebbal,12.864439,77.680264,Entire home/apt,Apartment,2024-07-01,7,Monsoon,2817,55,354,2,0.29,9,3,25353,119,4.9,India,0
182,18825,Hebbal,12.864439,77.680264,Entire home/apt,Apartment,2024-08-01,8,Monsoon,2836,55,354,2,0.58,18,3,51048,6,4.3,India,0
182,18825,Hebbal,12.864439,77.680264,Entire home/apt,Apartment,2024-09-01,9,Autumn,3066,55,354,2,0.56,17,3,52122,63,4.0,India,0
182,18825,Hebbal,12.864439,77.680264,Entire home/apt,Apartment,2024-10-01,10,Autumn,3068,55,354,2,0.39,12,3,36816,124,4.1,India,1
182,18825,Hebbal,12.864439,77.680264,Entire home/apt,Apartment,2024-11-01,11,Winter,2718,55,354,2,0.72,22,2,59796,151,4.2,India,0
182,18825,Hebbal,12.864439,77.680264,Entire home/apt,Apartment,2024-12-01,12,Winter,4155,55,354,2,0.67,21,2,87255,328,4.0,India,0
183,88390,Electronic City,12.995702,77.548607,Entire home/apt,Apartment,2024-01-01,1,Winter,3091,684,346,5,0.6,19,3,58729,147,4.6,UK,0
183,88390,Electronic City,12.995702,77.548607,Entire home/apt,Apartment,2024-02-01,2,Winter,2067,684,346,5,0.66,19,3,39273,175,4.2,India,0
183,88390,Electronic City,12.995702,77.548607,Entire home/apt,Apartment,2024-03-01,3,Spring,2006,684,346,5,0.4,12,3,24072,340,4.5,Netherlands,0
183,88390,Electronic City,12.995702,77.548607,Entire home/apt,Apartment,2024-04-01,4,Spring,2186,684,346,5,0.59,18,4,39348,113,4.1,India,0
183,88390,Electronic City,12.995702,77.548607,Entire home/apt,Apartment,2024-05-01,5,Spring,2037,684,346,5,0.73,23,2,46851,164,4.6,India,0
183,88390,Electronic City,12.995702,77.548607,Entire home/apt,Apartment,2024-06-01,6,Summer,2192,684,346,5,0.73,22,3,48224,33,4.7,Singapore,0
183,88390,Electronic City,12.995702,77.548607,Entire home/apt,Apartment,2024-07-01,7,Monsoon,2262,684,346,5,0.53,16,1,36192,98,4.3,India,0
183,88390,Electronic City,12.995702,77.548607,Entire home/apt,Apartment,2024-08-01,8,Monsoon,1713,684,346,5,0.54,17,5,29121,104,4.9,India,0
183,88390,Electronic City,12.995702,77.548607,Entire home/apt,Apartment,2024-09-01,9,Autumn,2452,684,346,5,0.74,22,2,53944,281,3.8,France,0
183,88390,Electronic City,12.995702,77.548607,Entire home/apt,Apartment,2024-10-01,10,Autumn,2409,684,346,5,0.32,10,4,24090,120,4.9,India,0
183,88390,Electronic City,12.995702,77.548607,Entire home/apt,Apartment,2024-11-01,11,Winter,2120,684,346,5,0.71,21,2,44520,84,4.0,USA,0
183,88390,Electronic City,12.995702,77.548607,Entire home/apt,Apartment,2024-12-01,12,Winter,2975,684,346,5,0.38,12,2,35700,90,4.2,India,0
184,85552,Electronic City,13.08709,77.51042,Private room,Serviced Apartment,2024-01-01,1,Winter,2895,36,120,3,0.87,27,2,78165,85,5.0,India,0
184,85552,Electronic City,13.08709,77.51042,Private room,Serviced Apartment,2024-02-01,2,Winter,2321,36,120,3,0.77,22,3,51062,221,4.6,UK,0
184,85552,Electronic City,13.08709,77.51042,Private room,Serviced Apartment,2024-03-01,3,Spring,2631,36,120,3,0.55,17,4,44727,246,4.6,India,0
184,85552,Electronic City,13.08709,77.51042,Private room,Serviced Apartment,2024-04-01,4,Spring,2639,36,120,3,0.51,15,2,39585,42,4.5,UK,0
184,85552,Electronic City,13.08709,77.51042,Private room,Serviced Apartment,2024-05-01,5,Spring,2291,36,120,3,0.72,22,4,50402,304,4.1,India,0
184,85552,Electronic City,13.08709,77.51042,Private room,Serviced Apartment,2024-06-01,6,Summer,2292,36,120,3,0.89,27,3,61884,89,5.0,India,0
184,85552,Electronic City,13.08709,77.51042,Private room,Serviced Apartment,2024-07-01,7,Monsoon,2340,36,120,3,0.6,19,2,44460,232,4.6,India,0
184,85552,Electronic City,13.08709,77.51042,Private room,Serviced Apartment,2024-08-01,8,Monsoon,2271,36,120,3,0.83,26,3,59046,246,3.7,India,0
184,85552,Electronic City,13.08709,77.51042,Private room,Serviced Apartment,2024-09-01,9,Autumn,2039,36,120,3,0.8,24,2,48936,240,4.4,India,0
184,85552,Electronic City,13.08709,77.51042,Private room,Serviced Apartment,2024-10-01,10,Autumn,2168,36,120,3,0.41,13,4,28184,2,4.3,India,0
184,85552,Electronic City,13.08709,77.51042,Private room,Serviced Apartment,2024-11-01,11,Winter,2022,36,120,3,0.91,27,3,54594,251,4.5,India,0
184,85552,Electronic City,13.08709,77.51042,Private room,Serviced Apartment,2024-12-01,12,Winter,2866,36,120,3,0.69,21,2,60186,202,4.9,Netherlands,0
185,74166,Basavanagudi,12.956419,77.626493,Entire home/apt,Apartment,2024-01-01,1,Winter,5667,461,143,5,0.53,16,4,90672,83,4.8,India,0
185,74166,Basavanagudi,12.956419,77.626493,Entire home/apt,Apartment,2024-02-01,2,Winter,4530,461,143,5,0.57,17,2,77010,178,4.7,India,0
185,74166,Basavanagudi,12.956419,77.626493,Entire home/apt,Apartment,2024-03-01,3,Spring,5255,461,143,5,0.3,9,2,47295,188,4.8,India,0
185,74166,Basavanagudi,12.956419,77.626493,Entire home/apt,Apartment,2024-04-01,4,Spring,5052,461,143,5,0.68,20,3,101040,217,4.8,USA,0
185,74166,Basavanagudi,12.956419,77.626493,Entire home/apt,Apartment,2024-05-01,5,Spring,4956,461,143,5,0.77,24,2,118944,17,5.0,UAE,0
185,74166,Basavanagudi,12.956419,77.626493,Entire home/apt,Apartment,2024-06-01,6,Summer,4923,461,143,5,0.62,19,2,93537,346,4.5,India,0
185,74166,Basavanagudi,12.956419,77.626493,Entire home/apt,Apartment,2024-07-01,7,Monsoon,4345,461,143,5,0.68,21,3,91245,75,4.4,India,0
185,74166,Basavanagudi,12.956419,77.626493,Entire home/apt,Apartment,2024-08-01,8,Monsoon,4251,461,143,5,0.57,18,2,76518,348,4.2,India,0
185,74166,Basavanagudi,12.956419,77.626493,Entire home/apt,Apartment,2024-09-01,9,Autumn,4893,461,143,5,0.58,17,2,83181,296,5.0,Canada,0
185,74166,Basavanagudi,12.956419,77.626493,Entire home/apt,Apartment,2024-10-01,10,Autumn,4310,461,143,5,0.49,15,4,64650,6,4.5,India,0
185,74166,Basavanagudi,12.956419,77.626493,Entire home/apt,Apartment,2024-11-01,11,Winter,4862,461,143,5,0.63,19,3,92378,196,4.6,India,0
185,74166,Basavanagudi,12.956419,77.626493,Entire home/apt,Apartment,2024-12-01,12,Winter,5568,461,143,5,0.4,12,3,66816,41,4.6,India,0
186,65436,HSR Layout,13.0319,77.525861,Entire home/apt,Studio,2024-01-01,1,Winter,2428,220,275,3,0.38,12,3,29136,45,5.0,India,0
186,65436,HSR Layout,13.0319,77.525861,Entire home/apt,Studio,2024-02-01,2,Winter,2107,220,275,3,0.29,8,3,16856,73,4.1,India,0
186,65436,HSR Layout,13.0319,77.525861,Entire home/apt,Studio,2024-03-01,3,Spring,1592,220,275,3,0.41,13,2,20696,203,4.8,India,0
186,65436,HSR Layout,13.0319,77.525861,Entire home/apt,Studio,2024-04-01,4,Spring,1967,220,275,3,0.6,18,1,35406,86,3.9,Germany,0
186,65436,HSR Layout,13.0319,77.525861,Entire home/apt,Studio,2024-05-01,5,Spring,2022,220,275,3,0.45,14,1,28308,35,4.5,UK,0
186,65436,HSR Layout,13.0319,77.525861,Entire home/apt,Studio,2024-06-01,6,Summer,1845,220,275,3,0.34,10,2,18450,213,4.0,India,0
186,65436,HSR Layout,13.0319,77.525861,Entire home/apt,Studio,2024-07-01,7,Monsoon,1869,220,275,3,0.59,18,3,33642,87,4.9,India,0
186,65436,HSR Layout,13.0319,77.525861,Entire home/apt,Studio,2024-08-01,8,Monsoon,1740,220,275,3,0.55,17,2,29580,68,3.8,India,0
186,65436,HSR Layout,13.0319,77.525861,Entire home/apt,Studio,2024-09-01,9,Autumn,1809,220,275,3,0.52,16,2,28944,56,5.0,India,0
186,65436,HSR Layout,13.0319,77.525861,Entire home/apt,Studio,2024-10-01,10,Autumn,2000,220,275,3,0.76,24,4,48000,95,4.7,India,0
186,65436,HSR Layout,13.0319,77.525861,Entire home/apt,Studio,2024-11-01,11,Winter,1721,220,275,3,0.55,16,4,27536,98,4.6,India,0
186,65436,HSR Layout,13.0319,77.525861,Entire home/apt,Studio,2024-12-01,12,Winter,2141,220,275,3,0.47,15,4,32115,209,4.4,India,0
187,24312,HSR Layout,12.731924,77.475712,Entire home/apt,Apartment,2024-01-01,1,Winter,7023,0,255,1,0.39,12,3,84276,244,4.0,India,0
187,24312,HSR Layout,12.731924,77.475712,Entire home/apt,Apartment,2024-02-01,2,Winter,5661,0,255,1,0.64,19,1,107559,136,5.0,UK,0
187,24312,HSR Layout,12.731924,77.475712,Entire home/apt,Apartment,2024-03-01,3,Spring,6128,0,255,1,0.84,26,1,159328,298,4.7,UK,0
187,24312,HSR Layout,12.731924,77.475712,Entire home/apt,Apartment,2024-04-01,4,Spring,5937,0,255,1,0.58,17,1,100929,108,5.0,India,0
187,24312,HSR Layout,12.731924,77.475712,Entire home/apt,Apartment,2024-05-01,5,Spring,5271,0,255,1,0.43,13,1,68523,308,4.4,India,0
187,24312,HSR Layout,12.731924,77.475712,Entire home/apt,Apartment,2024-06-01,6,Summer,5006,0,255,1,0.55,16,5,80096,136,3.7,UAE,0
187,24312,HSR Layout,12.731924,77.475712,Entire home/apt,Apartment,2024-07-01,7,Monsoon,4893,0,255,1,0.66,20,2,97860,172,4.3,India,0
187,24312,HSR Layout,12.731924,77.475712,Entire home/apt,Apartment,2024-08-01,8,Monsoon,5218,0,255,1,0.31,10,2,52180,349,5.0,UAE,0
187,24312,HSR Layout,12.731924,77.475712,Entire home/apt,Apartment,2024-09-01,9,Autumn,5561,0,255,1,0.27,8,5,44488,122,5.0,Canada,0
187,24312,HSR Layout,12.731924,77.475712,Entire home/apt,Apartment,2024-10-01,10,Autumn,5414,0,255,1,0.4,12,3,64968,193,3.9,India,0
187,24312,HSR Layout,12.731924,77.475712,Entire home/apt,Apartment,2024-11-01,11,Winter,5382,0,255,1,0.51,15,4,80730,51,4.5,India,0
187,24312,HSR Layout,12.731924,77.475712,Entire home/apt,Apartment,2024-12-01,12,Winter,6723,0,255,1,0.62,19,4,127737,205,4.3,USA,0
188,28201,Indiranagar,12.940764,77.710702,Entire home/apt,Independent House,2024-01-01,1,Winter,999,277,268,5,0.65,20,3,19980,337,4.1,Singapore,0
188,28201,Indiranagar,12.940764,77.710702,Entire home/apt,Independent House,2024-02-01,2,Winter,1210,277,268,5,0.8,23,3,27830,1,4.1,Netherlands,0
188,28201,Indiranagar,12.940764,77.710702,Entire home/apt,Independent House,2024-03-01,3,Spring,1507,277,268,5,0.53,16,5,24112,164,5.0,India,0
188,28201,Indiranagar,12.940764,77.710702,Entire home/apt,Independent House,2024-04-01,4,Spring,1222,277,268,5,0.47,14,2,17108,23,4.8,Canada,0
188,28201,Indiranagar,12.940764,77.710702,Entire home/apt,Independent House,2024-05-01,5,Spring,1091,277,268,5,0.47,15,3,16365,347,4.3,India,0
188,28201,Indiranagar,12.940764,77.710702,Entire home/apt,Independent House,2024-06-01,6,Summer,1170,277,268,5,0.8,24,3,28080,204,3.7,USA,0
188,28201,Indiranagar,12.940764,77.710702,Entire home/apt,Independent House,2024-07-01,7,Monsoon,1064,277,268,5,0.69,21,3,22344,178,4.6,India,0
188,28201,Indiranagar,12.940764,77.710702,Entire home/apt,Independent House,2024-08-01,8,Monsoon,1321,277,268,5,0.59,18,4,23778,243,4.4,Netherlands,0
188,28201,Indiranagar,12.940764,77.710702,Entire home/apt,Independent House,2024-09-01,9,Autumn,1296,277,268,5,0.61,18,4,23328,51,4.3,USA,0
188,28201,Indiranagar,12.940764,77.710702,Entire home/apt,Independent House,2024-10-01,10,Autumn,1281,277,268,5,0.5,16,2,20496,99,4.3,USA,0
188,28201,Indiranagar,12.940764,77.710702,Entire home/apt,Independent House,2024-11-01,11,Winter,1073,277,268,5,0.8,24,4,25752,258,3.2,India,0
188,28201,Indiranagar,12.940764,77.710702,Entire home/apt,Independent House,2024-12-01,12,Winter,1551,277,268,5,0.61,19,2,29469,44,3.8,India,0
189,81925,Electronic City,12.767221,77.583886,Entire home/apt,Studio,2024-01-01,1,Winter,4955,371,203,2,0.2,6,2,29730,337,5.0,India,0
189,81925,Electronic City,12.767221,77.583886,Entire home/apt,Studio,2024-02-01,2,Winter,3724,371,203,2,0.7,20,5,74480,14,4.8,India,0
189,81925,Electronic City,12.767221,77.583886,Entire home/apt,Studio,2024-03-01,3,Spring,4083,371,203,2,0.7,22,4,89826,196,4.3,UK,0
189,81925,Electronic City,12.767221,77.583886,Entire home/apt,Studio,2024-04-01,4,Spring,3844,371,203,2,0.78,23,2,88412,131,4.2,India,0
189,81925,Electronic City,12.767221,77.583886,Entire home/apt,Studio,2024-05-01,5,Spring,3701,371,203,2,0.54,17,5,62917,343,4.6,India,0
189,81925,Electronic City,12.767221,77.583886,Entire home/apt,Studio,2024-06-01,6,Summer,3860,371,203,2,0.68,20,2,77200,273,4.0,India,0
189,81925,Electronic City,12.767221,77.583886,Entire home/apt,Studio,2024-07-01,7,Monsoon,3335,371,203,2,0.58,18,2,60030,170,5.0,Singapore,0
189,81925,Electronic City,12.767221,77.583886,Entire home/apt,Studio,2024-08-01,8,Monsoon,3461,371,203,2,0.76,24,4,83064,307,4.5,India,0
189,81925,Electronic City,12.767221,77.583886,Entire home/apt,Studio,2024-09-01,9,Autumn,3775,371,203,2,0.56,17,2,64175,195,4.4,India,0
189,81925,Electronic City,12.767221,77.583886,Entire home/apt,Studio,2024-10-01,10,Autumn,3991,371,203,2,0.81,25,3,99775,223,4.6,Germany,0
189,81925,Electronic City,12.767221,77.583886,Entire home/apt,Studio,2024-11-01,11,Winter,4108,371,203,2,0.46,14,2,57512,44,4.3,India,0
189,81925,Electronic City,12.767221,77.583886,Entire home/apt,Studio,2024-12-01,12,Winter,4694,371,203,2,0.65,20,2,93880,303,4.4,UAE,0
190,25218,Ulsoor,12.847095,77.705999,Shared room,Studio,2024-01-01,1,Winter,5476,160,80,3,0.65,20,1,109520,274,3.7,India,0
190,25218,Ulsoor,12.847095,77.705999,Shared room,Studio,2024-02-01,2,Winter,4799,160,80,3,0.5,14,2,67186,186,3.7,Germany,0
190,25218,Ulsoor,12.847095,77.705999,Shared room,Studio,2024-03-01,3,Spring,4843,160,80,3,0.55,17,4,82331,64,4.5,India,0
190,25218,Ulsoor,12.847095,77.705999,Shared room,Studio,2024-04-01,4,Spring,5010,160,80,3,0.65,20,3,100200,113,4.6,India,0
190,25218,Ulsoor,12.847095,77.705999,Shared room,Studio,2024-05-01,5,Spring,4465,160,80,3,0.53,16,1,71440,235,5.0,India,0
190,25218,Ulsoor,12.847095,77.705999,Shared room,Studio,2024-06-01,6,Summer,4080,160,80,3,0.56,17,4,69360,151,4.5,France,0
190,25218,Ulsoor,12.847095,77.705999,Shared room,Studio,2024-07-01,7,Monsoon,4099,160,80,3,0.42,13,2,53287,233,3.8,India,0
190,25218,Ulsoor,12.847095,77.705999,Shared room,Studio,2024-08-01,8,Monsoon,3968,160,80,3,0.59,18,2,71424,340,5.0,Australia,0
190,25218,Ulsoor,12.847095,77.705999,Shared room,Studio,2024-09-01,9,Autumn,4121,160,80,3,0.72,22,4,90662,17,5.0,India,0
190,25218,Ulsoor,12.847095,77.705999,Shared room,Studio,2024-10-01,10,Autumn,4300,160,80,3,0.35,11,2,47300,63,4.3,India,0
190,25218,Ulsoor,12.847095,77.705999,Shared room,Studio,2024-11-01,11,Winter,4377,160,80,3,0.63,19,3,83163,323,4.3,France,0
190,25218,Ulsoor,12.847095,77.705999,Shared room,Studio,2024-12-01,12,Winter,5779,160,80,3,0.38,12,2,69348,192,3.8,India,0
191,30014,Hebbal,13.039228,77.73033,Entire home/apt,Apartment,2024-01-01,1,Winter,5995,0,171,5,0.98,30,3,179850,153,4.5,Netherlands,0
191,30014,Hebbal,13.039228,77.73033,Entire home/apt,Apartment,2024-02-01,2,Winter,4604,0,171,5,0.51,15,4,69060,11,4.5,India,0
191,30014,Hebbal,13.039228,77.73033,Entire home/apt,Apartment,2024-03-01,3,Spring,5342,0,171,5,0.61,19,2,101498,347,4.1,India,0
191,30014,Hebbal,13.039228,77.73033,Entire home/apt,Apartment,2024-04-01,4,Spring,5647,0,171,5,0.55,16,2,90352,200,4.8,India,0
191,30014,Hebbal,13.039228,77.73033,Entire home/apt,Apartment,2024-05-01,5,Spring,4703,0,171,5,0.71,22,3,103466,144,4.4,India,0
191,30014,Hebbal,13.039228,77.73033,Entire home/apt,Apartment,2024-06-01,6,Summer,4883,0,171,5,0.37,11,4,53713,280,4.1,India,0
191,30014,Hebbal,13.039228,77.73033,Entire home/apt,Apartment,2024-07-01,7,Monsoon,4482,0,171,5,0.45,14,2,62748,297,4.2,Singapore,0
191,30014,Hebbal,13.039228,77.73033,Entire home/apt,Apartment,2024-08-01,8,Monsoon,4217,0,171,5,0.62,19,1,80123,155,4.2,India,0
191,30014,Hebbal,13.039228,77.73033,Entire home/apt,Apartment,2024-09-01,9,Autumn,4805,0,171,5,0.52,16,2,76880,70,3.7,India,0
191,30014,Hebbal,13.039228,77.73033,Entire home/apt,Apartment,2024-10-01,10,Autumn,4534,0,171,5,0.56,17,2,77078,74,4.2,India,0
191,30014,Hebbal,13.039228,77.73033,Entire home/apt,Apartment,2024-11-01,11,Winter,5039,0,171,5,0.66,20,2,100780,333,4.8,India,0
191,30014,Hebbal,13.039228,77.73033,Entire home/apt,Apartment,2024-12-01,12,Winter,6398,0,171,5,0.5,16,3,102368,294,4.8,India,0
192,29346,Malleshwaram,13.080159,77.578133,Private room,Apartment,2024-01-01,1,Winter,3893,667,129,3,0.53,16,5,62288,91,4.7,Canada,0
192,29346,Malleshwaram,13.080159,77.578133,Private room,Apartment,2024-02-01,2,Winter,3069,667,129,3,0.51,15,3,46035,173,4.2,India,0
192,29346,Malleshwaram,13.080159,77.578133,Private room,Apartment,2024-03-01,3,Spring,3251,667,129,3,0.54,17,5,55267,321,4.6,USA,0
192,29346,Malleshwaram,13.080159,77.578133,Private room,Apartment,2024-04-01,4,Spring,2911,667,129,3,0.27,8,2,23288,60,4.6,India,0
192,29346,Malleshwaram,13.080159,77.578133,Private room,Apartment,2024-05-01,5,Spring,2978,667,129,3,0.49,15,2,44670,305,5.0,Canada,0
192,29346,Malleshwaram,13.080159,77.578133,Private room,Apartment,2024-06-01,6,Summer,2658,667,129,3,0.37,11,3,29238,192,4.5,UK,0
192,29346,Malleshwaram,13.080159,77.578133,Private room,Apartment,2024-07-01,7,Monsoon,2502,667,129,3,0.64,20,5,50040,343,4.2,India,0
192,29346,Malleshwaram,13.080159,77.578133,Private room,Apartment,2024-08-01,8,Monsoon,2791,667,129,3,0.82,25,3,69775,332,4.5,India,0
192,29346,Malleshwaram,13.080159,77.578133,Private room,Apartment,2024-09-01,9,Autumn,3047,667,129,3,0.37,11,3,33517,227,4.9,India,0
192,29346,Malleshwaram,13.080159,77.578133,Private room,Apartment,2024-10-01,10,Autumn,3007,667,129,3,0.66,20,2,60140,42,4.5,India,0
192,29346,Malleshwaram,13.080159,77.578133,Private room,Apartment,2024-11-01,11,Winter,2208,667,129,3,0.43,13,4,28704,115,4.2,India,0
192,29346,Malleshwaram,13.080159,77.578133,Private room,Apartment,2024-12-01,12,Winter,3302,667,129,3,0.55,17,3,56134,293,4.3,India,0
193,22393,Ulsoor,12.772439,77.595257,Entire home/apt,Serviced Apartment,2024-01-01,1,Winter,2994,141,232,2,0.71,22,1,65868,32,4.2,USA,0
193,22393,Ulsoor,12.772439,77.595257,Entire home/apt,Serviced Apartment,2024-02-01,2,Winter,2408,141,232,2,0.47,14,3,33712,207,4.6,Germany,0
193,22393,Ulsoor,12.772439,77.595257,Entire home/apt,Serviced Apartment,2024-03-01,3,Spring,2852,141,232,2,0.1,3,1,8556,284,4.9,Germany,0
193,22393,Ulsoor,12.772439,77.595257,Entire home/apt,Serviced Apartment,2024-04-01,4,Spring,3048,141,232,2,0.39,12,3,36576,271,4.1,India,0
193,22393,Ulsoor,12.772439,77.595257,Entire home/apt,Serviced Apartment,2024-05-01,5,Spring,2420,141,232,2,0.43,13,3,31460,299,4.6,India,0
193,22393,Ulsoor,12.772439,77.595257,Entire home/apt,Serviced Apartment,2024-06-01,6,Summer,2121,141,232,2,0.38,11,4,23331,333,5.0,India,0
193,22393,Ulsoor,12.772439,77.595257,Entire home/apt,Serviced Apartment,2024-07-01,7,Monsoon,2074,141,232,2,0.73,23,3,47702,337,4.6,UAE,0
193,22393,Ulsoor,12.772439,77.595257,Entire home/apt,Serviced Apartment,2024-08-01,8,Monsoon,1898,141,232,2,0.64,20,2,37960,306,4.5,India,0
193,22393,Ulsoor,12.772439,77.595257,Entire home/apt,Serviced Apartment,2024-09-01,9,Autumn,2419,141,232,2,0.58,17,1,41123,228,4.7,Germany,0
193,22393,Ulsoor,12.772439,77.595257,Entire home/apt,Serviced Apartment,2024-10-01,10,Autumn,2651,141,232,2,0.72,22,2,58322,65,4.7,India,0
193,22393,Ulsoor,12.772439,77.595257,Entire home/apt,Serviced Apartment,2024-11-01,11,Winter,2235,141,232,2,0.47,14,1,31290,131,5.0,Australia,0
193,22393,Ulsoor,12.772439,77.595257,Entire home/apt,Serviced Apartment,2024-12-01,12,Winter,3281,141,232,2,0.9,28,1,91868,63,5.0,India,0
194,81359,HSR Layout,12.869221,77.733569,Entire home/apt,Villa,2024-01-01,1,Winter,4730,345,103,3,0.27,8,3,37840,227,4.5,India,0
194,81359,HSR Layout,12.869221,77.733569,Entire home/apt,Villa,2024-02-01,2,Winter,4032,345,103,3,0.44,13,2,52416,180,4.7,India,0
194,81359,HSR Layout,12.869221,77.733569,Entire home/apt,Villa,2024-03-01,3,Spring,4339,345,103,3,0.39,12,3,52068,50,4.3,India,0
194,81359,HSR Layout,12.869221,77.733569,Entire home/apt,Villa,2024-04-01,4,Spring,3966,345,103,3,0.41,12,1,47592,18,4.0,India,0
194,81359,HSR Layout,12.869221,77.733569,Entire home/apt,Villa,2024-05-01,5,Spring,3610,345,103,3,0.74,23,2,83030,110,4.1,Canada,0
194,81359,HSR Layout,12.869221,77.733569,Entire home/apt,Villa,2024-06-01,6,Summer,3815,345,103,3,0.45,14,3,53410,110,5.0,India,0
194,81359,HSR Layout,12.869221,77.733569,Entire home/apt,Villa,2024-07-01,7,Monsoon,3673,345,103,3,0.66,20,2,73460,318,4.6,India,0
194,81359,HSR Layout,12.869221,77.733569,Entire home/apt,Villa,2024-08-01,8,Monsoon,3365,345,103,3,0.35,11,3,37015,133,5.0,India,0
194,81359,HSR Layout,12.869221,77.733569,Entire home/apt,Villa,2024-09-01,9,Autumn,3639,345,103,3,0.63,19,4,69141,204,4.9,India,0
194,81359,HSR Layout,12.869221,77.733569,Entire home/apt,Villa,2024-10-01,10,Autumn,3679,345,103,3,0.68,21,4,77259,346,4.8,India,0
194,81359,HSR Layout,12.869221,77.733569,Entire home/apt,Villa,2024-11-01,11,Winter,4135,345,103,3,0.46,14,3,57890,36,4.0,India,0
194,81359,HSR Layout,12.869221,77.733569,Entire home/apt,Villa,2024-12-01,12,Winter,4636,345,103,3,0.56,17,2,78812,324,4.5,India,0
195,58777,Ulsoor,12.962927,77.696152,Entire home/apt,Serviced Apartment,2024-01-01,1,Winter,3877,13,158,3,0.84,26,5,100802,222,4.7,India,0
195,58777,Ulsoor,12.962927,77.696152,Entire home/apt,Serviced Apartment,2024-02-01,2,Winter,3148,13,158,3,0.63,18,2,56664,138,4.7,India,0
195,58777,Ulsoor,12.962927,77.696152,Entire home/apt,Serviced Apartment,2024-03-01,3,Spring,3515,13,158,3,0.6,19,2,66785,280,4.4,India,0
195,58777,Ulsoor,12.962927,77.696152,Entire home/apt,Serviced Apartment,2024-04-01,4,Spring,3170,13,158,3,0.51,15,2,47550,45,4.6,India,0
195,58777,Ulsoor,12.962927,77.696152,Entire home/apt,Serviced Apartment,2024-05-01,5,Spring,2964,13,158,3,0.59,18,2,53352,139,4.7,India,0
195,58777,Ulsoor,12.962927,77.696152,Entire home/apt,Serviced Apartment,2024-06-01,6,Summer,3193,13,158,3,0.74,22,3,70246,140,4.5,India,0
195,58777,Ulsoor,12.962927,77.696152,Entire home/apt,Serviced Apartment,2024-07-01,7,Monsoon,2463,13,158,3,0.49,15,2,36945,113,4.5,India,0
195,58777,Ulsoor,12.962927,77.696152,Entire home/apt,Serviced Apartment,2024-08-01,8,Monsoon,2357,13,158,3,0.75,23,2,54211,63,4.6,India,0
195,58777,Ulsoor,12.962927,77.696152,Entire home/apt,Serviced Apartment,2024-09-01,9,Autumn,3103,13,158,3,0.75,22,3,68266,156,4.2,India,0
195,58777,Ulsoor,12.962927,77.696152,Entire home/apt,Serviced Apartment,2024-10-01,10,Autumn,3141,13,158,3,0.53,16,4,50256,48,4.4,India,0
195,58777,Ulsoor,12.962927,77.696152,Entire home/apt,Serviced Apartment,2024-11-01,11,Winter,2873,13,158,3,0.79,24,4,68952,282,4.3,India,0
195,58777,Ulsoor,12.962927,77.696152,Entire home/apt,Serviced Apartment,2024-12-01,12,Winter,3922,13,158,3,0.26,8,1,31376,24,5.0,India,0
196,61060,HSR Layout,12.838069,77.672389,Shared room,Studio,2024-01-01,1,Winter,5907,314,362,5,0.59,18,2,106326,65,5.0,India,0
196,61060,HSR Layout,12.838069,77.672389,Shared room,Studio,2024-02-01,2,Winter,4410,314,362,5,0.65,19,3,83790,336,4.1,India,0
196,61060,HSR Layout,12.838069,77.672389,Shared room,Studio,2024-03-01,3,Spring,5235,314,362,5,0.49,15,2,78525,136,4.3,India,0
196,61060,HSR Layout,12.838069,77.672389,Shared room,Studio,2024-04-01,4,Spring,5236,314,362,5,0.36,11,3,57596,189,4.9,USA,0
196,61060,HSR Layout,12.838069,77.672389,Shared room,Studio,2024-05-01,5,Spring,4404,314,362,5,0.61,19,2,83676,311,4.4,India,0
196,61060,HSR Layout,12.838069,77.672389,Shared room,Studio,2024-06-01,6,Summer,4528,314,362,5,0.56,17,2,76976,224,3.9,Netherlands,0
196,61060,HSR Layout,12.838069,77.672389,Shared room,Studio,2024-07-01,7,Monsoon,4292,314,362,5,0.32,10,3,42920,257,4.7,India,0
196,61060,HSR Layout,12.838069,77.672389,Shared room,Studio,2024-08-01,8,Monsoon,4101,314,362,5,0.46,14,5,57414,266,4.6,Canada,0
196,61060,HSR Layout,12.838069,77.672389,Shared room,Studio,2024-09-01,9,Autumn,4608,314,362,5,0.52,16,4,73728,117,3.9,India,0
196,61060,HSR Layout,12.838069,77.672389,Shared room,Studio,2024-10-01,10,Autumn,4888,314,362,5,0.79,24,4,117312,156,5.0,India,0
196,61060,HSR Layout,12.838069,77.672389,Shared room,Studio,2024-11-01,11,Winter,4780,314,362,5,0.65,20,1,95600,40,3.8,India,0
196,61060,HSR Layout,12.838069,77.672389,Shared room,Studio,2024-12-01,12,Winter,6252,314,362,5,0.65,20,2,125040,47,4.3,India,1
197,47467,Residency Road,13.071836,77.692504,Entire home/apt,Serviced Apartment,2024-01-01,1,Winter,6139,261,340,2,0.63,20,2,122780,263,4.1,India,0
197,47467,Residency Road,13.071836,77.692504,Entire home/apt,Serviced Apartment,2024-02-01,2,Winter,5188,261,340,2,0.4,12,3,62256,63,4.1,India,0
197,47467,Residency Road,13.071836,77.692504,Entire home/apt,Serviced Apartment,2024-03-01,3,Spring,5301,261,340,2,0.67,21,3,111321,3,4.3,USA,0
197,47467,Residency Road,13.071836,77.692504,Entire home/apt,Serviced Apartment,2024-04-01,4,Spring,5213,261,340,2,0.47,14,3,72982,176,4.5,India,0
197,47467,Residency Road,13.071836,77.692504,Entire home/apt,Serviced Apartment,2024-05-01,5,Spring,4748,261,340,2,0.38,12,3,56976,270,5.0,India,0
197,47467,Residency Road,13.071836,77.692504,Entire home/apt,Serviced Apartment,2024-06-01,6,Summer,4812,261,340,2,0.51,15,1,72180,229,4.4,Canada,0
197,47467,Residency Road,13.071836,77.692504,Entire home/apt,Serviced Apartment,2024-07-01,7,Monsoon,4401,261,340,2,0.65,20,3,88020,268,4.9,UAE,0
197,47467,Residency Road,13.071836,77.692504,Entire home/apt,Serviced Apartment,2024-08-01,8,Monsoon,4424,261,340,2,0.37,11,2,48664,187,5.0,France,0
197,47467,Residency Road,13.071836,77.692504,Entire home/apt,Serviced Apartment,2024-09-01,9,Autumn,4965,261,340,2,0.82,25,3,124125,26,3.6,India,0
197,47467,Residency Road,13.071836,77.692504,Entire home/apt,Serviced Apartment,2024-10-01,10,Autumn,5023,261,340,2,0.84,26,2,130598,191,4.4,Canada,0
197,47467,Residency Road,13.071836,77.692504,Entire home/apt,Serviced Apartment,2024-11-01,11,Winter,4939,261,340,2,0.6,18,3,88902,276,4.3,Australia,0
197,47467,Residency Road,13.071836,77.692504,Entire home/apt,Serviced Apartment,2024-12-01,12,Winter,6168,261,340,2,0.51,16,4,98688,148,4.2,India,0
198,37926,Indiranagar,12.99521,77.620653,Entire home/apt,Villa,2024-01-01,1,Winter,6267,369,343,1,0.72,22,4,137874,316,4.4,Australia,1
198,37926,Indiranagar,12.99521,77.620653,Entire home/apt,Villa,2024-02-01,2,Winter,4820,369,343,1,0.51,15,1,72300,235,4.5,India,0
198,37926,Indiranagar,12.99521,77.620653,Entire home/apt,Villa,2024-03-01,3,Spring,5260,369,343,1,0.52,16,2,84160,2,4.3,India,0
198,37926,Indiranagar,12.99521,77.620653,Entire home/apt,Villa,2024-04-01,4,Spring,5895,369,343,1,0.18,5,3,29475,205,4.4,India,0
198,37926,Indiranagar,12.99521,77.620653,Entire home/apt,Villa,2024-05-01,5,Spring,5319,369,343,1,0.62,19,2,101061,251,4.8,India,0
198,37926,Indiranagar,12.99521,77.620653,Entire home/apt,Villa,2024-06-01,6,Summer,4993,369,343,1,0.5,15,3,74895,78,3.6,India,0
198,37926,Indiranagar,12.99521,77.620653,Entire home/apt,Villa,2024-07-01,7,Monsoon,4517,369,343,1,0.48,15,4,67755,3,4.2,India,0
198,37926,Indiranagar,12.99521,77.620653,Entire home/apt,Villa,2024-08-01,8,Monsoon,4377,369,343,1,0.86,27,3,118179,115,5.0,India,0
198,37926,Indiranagar,12.99521,77.620653,Entire home/apt,Villa,2024-09-01,9,Autumn,5017,369,343,1,0.53,16,2,80272,186,4.0,India,0
198,37926,Indiranagar,12.99521,77.620653,Entire home/apt,Villa,2024-10-01,10,Autumn,5067,369,343,1,0.87,27,2,136809,137,4.4,India,0
198,37926,Indiranagar,12.99521,77.620653,Entire home/apt,Villa,2024-11-01,11,Winter,4499,369,343,1,0.7,21,4,94479,82,4.9,India,0
198,37926,Indiranagar,12.99521,77.620653,Entire home/apt,Villa,2024-12-01,12,Winter,5900,369,343,1,0.63,20,3,118000,2,4.7,India,0
199,36013,Whitefield,12.775827,77.462077,Entire home/apt,Villa,2024-01-01,1,Winter,4468,181,96,2,0.5,16,3,71488,245,3.9,Canada,0
199,36013,Whitefield,12.775827,77.462077,Entire home/apt,Villa,2024-02-01,2,Winter,3003,181,96,2,0.75,22,2,66066,250,4.7,India,0
199,36013,Whitefield,12.775827,77.462077,Entire home/apt,Villa,2024-03-01,3,Spring,3770,181,96,2,0.49,15,3,56550,65,4.3,India,0
199,36013,Whitefield,12.775827,77.462077,Entire home/apt,Villa,2024-04-01,4,Spring,3538,181,96,2,0.49,15,3,53070,204,3.7,India,0
199,36013,Whitefield,12.775827,77.462077,Entire home/apt,Villa,2024-05-01,5,Spring,3265,181,96,2,0.51,16,4,52240,199,4.7,India,0
199,36013,Whitefield,12.775827,77.462077,Entire home/apt,Villa,2024-06-01,6,Summer,3405,181,96,2,0.68,20,5,68100,10,5.0,India,0
199,36013,Whitefield,12.775827,77.462077,Entire home/apt,Villa,2024-07-01,7,Monsoon,3281,181,96,2,0.63,20,2,65620,6,4.5,UK,0
199,36013,Whitefield,12.775827,77.462077,Entire home/apt,Villa,2024-08-01,8,Monsoon,2874,181,96,2,0.67,21,2,60354,347,5.0,France,0
199,36013,Whitefield,12.775827,77.462077,Entire home/apt,Villa,2024-09-01,9,Autumn,3480,181,96,2,0.84,25,2,87000,305,3.9,USA,0
199,36013,Whitefield,12.775827,77.462077,Entire home/apt,Villa,2024-10-01,10,Autumn,3182,181,96,2,0.69,21,2,66822,148,4.6,India,0
199,36013,Whitefield,12.775827,77.462077,Entire home/apt,Villa,2024-11-01,11,Winter,3674,181,96,2,0.55,16,2,58784,316,4.2,India,0
199,36013,Whitefield,12.775827,77.462077,Entire home/apt,Villa,2024-12-01,12,Winter,4223,181,96,2,0.33,10,3,42230,127,4.0,India,0
200,44541,Frazer Town,12.966532,77.578748,Entire home/apt,Apartment,2024-01-01,1,Winter,5904,430,337,2,0.34,11,2,64944,302,4.4,India,0
200,44541,Frazer Town,12.966532,77.578748,Entire home/apt,Apartment,2024-02-01,2,Winter,4422,430,337,2,0.78,23,2,101706,205,4.3,India,0
200,44541,Frazer Town,12.966532,77.578748,Entire home/apt,Apartment,2024-03-01,3,Spring,4915,430,337,2,0.6,19,5,93385,74,4.2,India,0
200,44541,Frazer Town,12.966532,77.578748,Entire home/apt,Apartment,2024-04-01,4,Spring,5428,430,337,2,0.49,15,3,81420,46,3.9,Singapore,0
200,44541,Frazer Town,12.966532,77.578748,Entire home/apt,Apartment,2024-05-01,5,Spring,4236,430,337,2,0.6,19,2,80484,268,4.3,India,0
200,44541,Frazer Town,12.966532,77.578748,Entire home/apt,Apartment,2024-06-01,6,Summer,4381,430,337,2,0.78,23,3,100763,118,4.8,India,0
200,44541,Frazer Town,12.966532,77.578748,Entire home/apt,Apartment,2024-07-01,7,Monsoon,4194,430,337,2,0.8,25,2,104850,31,4.8,India,0
200,44541,Frazer Town,12.966532,77.578748,Entire home/apt,Apartment,2024-08-01,8,Monsoon,4035,430,337,2,0.44,14,3,56490,155,4.8,India,0
200,44541,Frazer Town,12.966532,77.578748,Entire home/apt,Apartment,2024-09-01,9,Autumn,4745,430,337,2,0.63,19,2,90155,179,4.2,USA,0
200,44541,Frazer Town,12.966532,77.578748,Entire home/apt,Apartment,2024-10-01,10,Autumn,4787,430,337,2,0.49,15,2,71805,24,4.5,India,1
200,44541,Frazer Town,12.966532,77.578748,Entire home/apt,Apartment,2024-11-01,11,Winter,4955,430,337,2,0.5,15,3,74325,164,3.9,India,0
200,44541,Frazer Town,12.966532,77.578748,Entire home/apt,Apartment,2024-12-01,12,Winter,5622,430,337,2,0.75,23,2,129306,310,4.6,India,0
201,74393,Rajajinagar,12.833713,77.483459,Entire home/apt,Studio,2024-01-01,1,Winter,4278,223,146,3,0.42,13,2,55614,185,4.6,USA,0
201,74393,Rajajinagar,12.833713,77.483459,Entire home/apt,Studio,2024-02-01,2,Winter,3199,223,146,3,0.41,12,3,38388,121,4.2,India,0
201,74393,Rajajinagar,12.833713,77.483459,Entire home/apt,Studio,2024-03-01,3,Spring,3604,223,146,3,0.54,17,2,61268,196,4.6,India,0
201,74393,Rajajinagar,12.833713,77.483459,Entire home/apt,Studio,2024-04-01,4,Spring,2942,223,146,3,0.42,13,2,38246,322,4.3,USA,0
201,74393,Rajajinagar,12.833713,77.483459,Entire home/apt,Studio,2024-05-01,5,Spring,3646,223,146,3,0.38,12,2,43752,300,4.6,Canada,0
201,74393,Rajajinagar,12.833713,77.483459,Entire home/apt,Studio,2024-06-01,6,Summer,3644,223,146,3,0.35,10,4,36440,97,4.7,India,0
201,74393,Rajajinagar,12.833713,77.483459,Entire home/apt,Studio,2024-07-01,7,Monsoon,2850,223,146,3,0.47,15,2,42750,50,4.2,India,0
201,74393,Rajajinagar,12.833713,77.483459,Entire home/apt,Studio,2024-08-01,8,Monsoon,2864,223,146,3,0.95,29,3,83056,175,4.8,India,0
201,74393,Rajajinagar,12.833713,77.483459,Entire home/apt,Studio,2024-09-01,9,Autumn,3565,223,146,3,0.62,19,2,67735,103,3.9,India,0
201,74393,Rajajinagar,12.833713,77.483459,Entire home/apt,Studio,2024-10-01,10,Autumn,3423,223,146,3,0.7,22,2,75306,65,4.2,India,0
201,74393,Rajajinagar,12.833713,77.483459,Entire home/apt,Studio,2024-11-01,11,Winter,3538,223,146,3,0.65,20,2,70760,286,5.0,Netherlands,0
201,74393,Rajajinagar,12.833713,77.483459,Entire home/apt,Studio,2024-12-01,12,Winter,4098,223,146,3,0.38,12,4,49176,229,4.4,India,0
202,67163,MG Road,12.893128,77.607129,Shared room,Apartment,2024-01-01,1,Winter,6114,25,165,3,0.58,18,3,110052,66,4.3,India,0
202,67163,MG Road,12.893128,77.607129,Shared room,Apartment,2024-02-01,2,Winter,5223,25,165,3,0.71,21,1,109683,97,4.3,USA,0
202,67163,MG Road,12.893128,77.607129,Shared room,Apartment,2024-03-01,3,Spring,5370,25,165,3,0.88,27,2,144990,350,4.1,India,0
202,67163,MG Road,12.893128,77.607129,Shared room,Apartment,2024-04-01,4,Spring,5533,25,165,3,0.74,22,3,121726,38,4.3,India,0
202,67163,MG Road,12.893128,77.607129,Shared room,Apartment,2024-05-01,5,Spring,5210,25,165,3,0.64,20,3,104200,196,4.9,India,0
202,67163,MG Road,12.893128,77.607129,Shared room,Apartment,2024-06-01,6,Summer,5156,25,165,3,0.8,24,2,123744,310,3.6,India,0
202,67163,MG Road,12.893128,77.607129,Shared room,Apartment,2024-07-01,7,Monsoon,4850,25,165,3,0.45,14,2,67900,81,5.0,India,0
202,67163,MG Road,12.893128,77.607129,Shared room,Apartment,2024-08-01,8,Monsoon,4727,25,165,3,0.47,15,3,70905,4,4.8,Singapore,0
202,67163,MG Road,12.893128,77.607129,Shared room,Apartment,2024-09-01,9,Autumn,5400,25,165,3,0.67,20,3,108000,233,4.1,India,0
202,67163,MG Road,12.893128,77.607129,Shared room,Apartment,2024-10-01,10,Autumn,5126,25,165,3,0.57,18,3,92268,132,4.5,India,0
202,67163,MG Road,12.893128,77.607129,Shared room,Apartment,2024-11-01,11,Winter,5371,25,165,3,0.27,8,3,42968,282,4.6,India,0
202,67163,MG Road,12.893128,77.607129,Shared room,Apartment,2024-12-01,12,Winter,6470,25,165,3,0.45,14,2,90580,273,4.2,India,1
203,29416,Bellandur,13.070899,77.53113,Private room,Independent House,2024-01-01,1,Winter,3912,0,187,1,0.45,14,1,54768,177,4.7,India,0
203,29416,Bellandur,13.070899,77.53113,Private room,Independent House,2024-02-01,2,Winter,3081,0,187,1,0.55,16,2,49296,281,5.0,India,0
203,29416,Bellandur,13.070899,77.53113,Private room,Independent House,2024-03-01,3,Spring,3764,0,187,1,0.72,22,2,82808,313,4.3,India,0
203,29416,Bellandur,13.070899,77.53113,Private room,Independent House,2024-04-01,4,Spring,3674,0,187,1,0.55,16,5,58784,320,4.4,Germany,0
203,29416,Bellandur,13.070899,77.53113,Private room,Independent House,2024-05-01,5,Spring,3323,0,187,1,0.5,16,4,53168,112,5.0,USA,0
203,29416,Bellandur,13.070899,77.53113,Private room,Independent House,2024-06-01,6,Summer,3210,0,187,1,0.68,20,2,64200,131,5.0,Netherlands,0
203,29416,Bellandur,13.070899,77.53113,Private room,Independent House,2024-07-01,7,Monsoon,3123,0,187,1,0.37,11,3,34353,298,4.7,India,0
203,29416,Bellandur,13.070899,77.53113,Private room,Independent House,2024-08-01,8,Monsoon,3087,0,187,1,0.72,22,3,67914,195,4.1,Canada,0
203,29416,Bellandur,13.070899,77.53113,Private room,Independent House,2024-09-01,9,Autumn,3111,0,187,1,0.73,22,2,68442,320,4.2,India,0
203,29416,Bellandur,13.070899,77.53113,Private room,Independent House,2024-10-01,10,Autumn,3183,0,187,1,0.82,25,3,79575,226,4.5,India,0
203,29416,Bellandur,13.070899,77.53113,Private room,Independent House,2024-11-01,11,Winter,3097,0,187,1,0.45,14,3,43358,202,4.6,India,0
203,29416,Bellandur,13.070899,77.53113,Private room,Independent House,2024-12-01,12,Winter,3786,0,187,1,0.55,17,2,64362,222,4.6,India,0
204,22280,Marathahalli,12.772605,77.505508,Private room,Independent House,2024-01-01,1,Winter,6180,400,331,2,0.76,24,3,148320,10,4.4,India,0
204,22280,Marathahalli,12.772605,77.505508,Private room,Independent House,2024-02-01,2,Winter,4811,400,331,2,0.56,16,4,76976,311,5.0,India,0
204,22280,Marathahalli,12.772605,77.505508,Private room,Independent House,2024-03-01,3,Spring,5596,400,331,2,0.59,18,2,100728,218,5.0,India,0
204,22280,Marathahalli,12.772605,77.505508,Private room,Independent House,2024-04-01,4,Spring,5277,400,331,2,0.39,12,4,63324,206,3.9,India,0
204,22280,Marathahalli,12.772605,77.505508,Private room,Independent House,2024-05-01,5,Spring,5132,400,331,2,0.61,19,3,97508,6,5.0,India,0
204,22280,Marathahalli,12.772605,77.505508,Private room,Independent House,2024-06-01,6,Summer,5106,400,331,2,0.53,16,2,81696,10,4.5,India,0
204,22280,Marathahalli,12.772605,77.505508,Private room,Independent House,2024-07-01,7,Monsoon,4575,400,331,2,0.33,10,1,45750,329,5.0,UAE,0
204,22280,Marathahalli,12.772605,77.505508,Private room,Independent House,2024-08-01,8,Monsoon,4655,400,331,2,0.62,19,2,88445,42,4.7,India,0
204,22280,Marathahalli,12.772605,77.505508,Private room,Independent House,2024-09-01,9,Autumn,5199,400,331,2,0.56,17,4,88383,307,4.2,India,0
204,22280,Marathahalli,12.772605,77.505508,Private room,Independent House,2024-10-01,10,Autumn,5177,400,331,2,0.64,20,5,103540,54,4.2,India,0
204,22280,Marathahalli,12.772605,77.505508,Private room,Independent House,2024-11-01,11,Winter,5341,400,331,2,0.63,19,4,101479,43,4.8,India,0
204,22280,Marathahalli,12.772605,77.505508,Private room,Independent House,2024-12-01,12,Winter,6600,400,331,2,0.59,18,2,118800,288,4.6,UAE,0
205,50289,Yeshwanthpur,12.891563,77.523143,Entire home/apt,Villa,2024-01-01,1,Winter,5600,191,358,1,0.58,18,1,100800,22,4.1,India,0
205,50289,Yeshwanthpur,12.891563,77.523143,Entire home/apt,Villa,2024-02-01,2,Winter,4935,191,358,1,0.35,10,3,49350,212,4.0,India,0
205,50289,Yeshwanthpur,12.891563,77.523143,Entire home/apt,Villa,2024-03-01,3,Spring,5181,191,358,1,0.66,20,4,103620,12,4.1,India,0
205,50289,Yeshwanthpur,12.891563,77.523143,Entire home/apt,Villa,2024-04-01,4,Spring,5040,191,358,1,0.78,23,2,115920,180,4.5,India,0
205,50289,Yeshwanthpur,12.891563,77.523143,Entire home/apt,Villa,2024-05-01,5,Spring,4991,191,358,1,0.3,9,2,44919,350,4.8,India,0
205,50289,Yeshwanthpur,12.891563,77.523143,Entire home/apt,Villa,2024-06-01,6,Summer,4705,191,358,1,0.69,21,4,98805,57,4.4,India,0
205,50289,Yeshwanthpur,12.891563,77.523143,Entire home/apt,Villa,2024-07-01,7,Monsoon,3966,191,358,1,0.62,19,5,75354,114,4.8,India,0
205,50289,Yeshwanthpur,12.891563,77.523143,Entire home/apt,Villa,2024-08-01,8,Monsoon,4144,191,358,1,0.71,22,5,91168,182,4.1,India,0
205,50289,Yeshwanthpur,12.891563,77.523143,Entire home/apt,Villa,2024-09-01,9,Autumn,4427,191,358,1,0.42,13,2,57551,184,4.3,UAE,0
205,50289,Yeshwanthpur,12.891563,77.523143,Entire home/apt,Villa,2024-10-01,10,Autumn,4675,191,358,1,0.57,18,4,84150,22,5.0,India,0
205,50289,Yeshwanthpur,12.891563,77.523143,Entire home/apt,Villa,2024-11-01,11,Winter,4510,191,358,1,0.57,17,3,76670,307,4.5,India,0
205,50289,Yeshwanthpur,12.891563,77.523143,Entire home/apt,Villa,2024-12-01,12,Winter,5463,191,358,1,0.55,17,2,92871,341,5.0,India,0
206,47618,Rajajinagar,13.050161,77.531328,Entire home/apt,Villa,2024-01-01,1,Winter,4360,180,215,1,0.48,15,3,65400,76,4.5,UK,0
206,47618,Rajajinagar,13.050161,77.531328,Entire home/apt,Villa,2024-02-01,2,Winter,3874,180,215,1,0.34,10,2,38740,228,4.4,USA,0
206,47618,Rajajinagar,13.050161,77.531328,Entire home/apt,Villa,2024-03-01,3,Spring,4027,180,215,1,0.27,8,3,32216,244,4.2,Germany,0
206,47618,Rajajinagar,13.050161,77.531328,Entire home/apt,Villa,2024-04-01,4,Spring,3864,180,215,1,0.42,13,2,50232,218,4.6,Canada,0
206,47618,Rajajinagar,13.050161,77.531328,Entire home/apt,Villa,2024-05-01,5,Spring,3604,180,215,1,0.46,14,2,50456,46,4.7,India,0
206,47618,Rajajinagar,13.050161,77.531328,Entire home/apt,Villa,2024-06-01,6,Summer,3980,180,215,1,0.79,24,2,95520,197,3.7,India,0
206,47618,Rajajinagar,13.050161,77.531328,Entire home/apt,Villa,2024-07-01,7,Monsoon,3387,180,215,1,0.52,16,2,54192,246,4.6,India,0
206,47618,Rajajinagar,13.050161,77.531328,Entire home/apt,Villa,2024-08-01,8,Monsoon,3193,180,215,1,0.56,17,2,54281,325,4.6,India,0
206,47618,Rajajinagar,13.050161,77.531328,Entire home/apt,Villa,2024-09-01,9,Autumn,3521,180,215,1,0.41,12,4,42252,334,4.3,UAE,0
206,47618,Rajajinagar,13.050161,77.531328,Entire home/apt,Villa,2024-10-01,10,Autumn,3682,180,215,1,0.63,20,2,73640,281,4.8,India,0
206,47618,Rajajinagar,13.050161,77.531328,Entire home/apt,Villa,2024-11-01,11,Winter,3538,180,215,1,0.59,18,3,63684,117,4.9,India,0
206,47618,Rajajinagar,13.050161,77.531328,Entire home/apt,Villa,2024-12-01,12,Winter,4778,180,215,1,0.53,16,3,76448,215,4.4,India,0
207,38748,MG Road,12.794077,77.45086,Shared room,Apartment,2024-01-01,1,Winter,4623,127,265,5,0.68,21,5,97083,56,4.8,India,0
207,38748,MG Road,12.794077,77.45086,Shared room,Apartment,2024-02-01,2,Winter,3675,127,265,5,0.6,17,4,62475,71,4.2,India,0
207,38748,MG Road,12.794077,77.45086,Shared room,Apartment,2024-03-01,3,Spring,4241,127,265,5,0.56,17,2,72097,282,4.4,Netherlands,0
207,38748,MG Road,12.794077,77.45086,Shared room,Apartment,2024-04-01,4,Spring,4029,127,265,5,0.56,17,4,68493,124,4.3,India,0
207,38748,MG Road,12.794077,77.45086,Shared room,Apartment,2024-05-01,5,Spring,3860,127,265,5,0.51,16,2,61760,70,5.0,India,0
207,38748,MG Road,12.794077,77.45086,Shared room,Apartment,2024-06-01,6,Summer,4022,127,265,5,0.44,13,3,52286,73,4.5,India,0
207,38748,MG Road,12.794077,77.45086,Shared room,Apartment,2024-07-01,7,Monsoon,3226,127,265,5,0.52,16,1,51616,217,5.0,India,0
207,38748,MG Road,12.794077,77.45086,Shared room,Apartment,2024-08-01,8,Monsoon,3295,127,265,5,0.63,20,3,65900,339,4.7,India,0
207,38748,MG Road,12.794077,77.45086,Shared room,Apartment,2024-09-01,9,Autumn,3529,127,265,5,0.44,13,2,45877,304,4.0,Singapore,0
207,38748,MG Road,12.794077,77.45086,Shared room,Apartment,2024-10-01,10,Autumn,3552,127,265,5,0.14,4,1,14208,187,4.7,India,0
207,38748,MG Road,12.794077,77.45086,Shared room,Apartment,2024-11-01,11,Winter,4139,127,265,5,0.59,18,1,74502,213,3.9,India,0
207,38748,MG Road,12.794077,77.45086,Shared room,Apartment,2024-12-01,12,Winter,4533,127,265,5,0.5,16,2,72528,71,4.1,USA,0
208,49257,Marathahalli,12.864609,77.551201,Private room,Apartment,2024-01-01,1,Winter,5434,421,226,1,0.69,21,2,114114,328,5.0,India,0
208,49257,Marathahalli,12.864609,77.551201,Private room,Apartment,2024-02-01,2,Winter,4912,421,226,1,0.99,29,3,142448,5,4.1,India,0
208,49257,Marathahalli,12.864609,77.551201,Private room,Apartment,2024-03-01,3,Spring,5549,421,226,1,0.53,16,2,88784,232,4.3,India,0
208,49257,Marathahalli,12.864609,77.551201,Private room,Apartment,2024-04-01,4,Spring,5050,421,226,1,0.5,15,4,75750,292,4.7,India,0
208,49257,Marathahalli,12.864609,77.551201,Private room,Apartment,2024-05-01,5,Spring,4268,421,226,1,0.55,17,3,72556,216,5.0,UAE,0
208,49257,Marathahalli,12.864609,77.551201,Private room,Apartment,2024-06-01,6,Summer,4521,421,226,1,0.61,18,2,81378,47,4.7,India,0
208,49257,Marathahalli,12.864609,77.551201,Private room,Apartment,2024-07-01,7,Monsoon,4312,421,226,1,0.34,11,5,47432,64,4.7,USA,0
208,49257,Marathahalli,12.864609,77.551201,Private room,Apartment,2024-08-01,8,Monsoon,4025,421,226,1,0.61,19,2,76475,28,4.9,India,0
208,49257,Marathahalli,12.864609,77.551201,Private room,Apartment,2024-09-01,9,Autumn,4294,421,226,1,0.43,13,2,55822,286,3.7,India,0
208,49257,Marathahalli,12.864609,77.551201,Private room,Apartment,2024-10-01,10,Autumn,4423,421,226,1,0.79,24,1,106152,239,4.5,India,0
208,49257,Marathahalli,12.864609,77.551201,Private room,Apartment,2024-11-01,11,Winter,4264,421,226,1,0.51,15,2,63960,194,3.9,India,0
208,49257,Marathahalli,12.864609,77.551201,Private room,Apartment,2024-12-01,12,Winter,5440,421,226,1,0.64,20,4,108800,331,4.0,India,0
209,23683,MG Road,12.845081,77.683639,Entire home/apt,Independent House,2024-01-01,1,Winter,6060,289,224,2,0.53,16,3,96960,33,4.8,India,1
209,23683,MG Road,12.845081,77.683639,Entire home/apt,Independent House,2024-02-01,2,Winter,4991,289,224,2,0.62,18,4,89838,96,4.7,India,0
209,23683,MG Road,12.845081,77.683639,Entire home/apt,Independent House,2024-03-01,3,Spring,5276,289,224,2,0.65,20,3,105520,16,4.4,India,0
209,23683,MG Road,12.845081,77.683639,Entire home/apt,Independent House,2024-04-01,4,Spring,5318,289,224,2,0.53,16,1,85088,291,4.3,India,0
209,23683,MG Road,12.845081,77.683639,Entire home/apt,Independent House,2024-05-01,5,Spring,4698,289,224,2,0.64,20,3,93960,247,5.0,India,0
209,23683,MG Road,12.845081,77.683639,Entire home/apt,Independent House,2024-06-01,6,Summer,5069,289,224,2,0.38,11,2,55759,158,5.0,India,0
209,23683,MG Road,12.845081,77.683639,Entire home/apt,Independent House,2024-07-01,7,Monsoon,4288,289,224,2,0.66,20,2,85760,144,4.1,Canada,0
209,23683,MG Road,12.845081,77.683639,Entire home/apt,Independent House,2024-08-01,8,Monsoon,4379,289,224,2,0.62,19,3,83201,161,3.9,UK,0
209,23683,MG Road,12.845081,77.683639,Entire home/apt,Independent House,2024-09-01,9,Autumn,4956,289,224,2,0.77,23,3,113988,66,4.4,USA,0
209,23683,MG Road,12.845081,77.683639,Entire home/apt,Independent House,2024-10-01,10,Autumn,5107,289,224,2,0.54,17,1,86819,208,4.8,UAE,0
209,23683,MG Road,12.845081,77.683639,Entire home/apt,Independent House,2024-11-01,11,Winter,4392,289,224,2,0.93,28,3,122976,76,5.0,India,0
209,23683,MG Road,12.845081,77.683639,Entire home/apt,Independent House,2024-12-01,12,Winter,5987,289,224,2,0.28,9,3,53883,244,4.6,India,0
210,48026,HSR Layout,12.760615,77.588932,Private room,Apartment,2024-01-01,1,Winter,2290,366,198,2,0.39,12,4,27480,334,4.9,India,0
210,48026,HSR Layout,12.760615,77.588932,Private room,Apartment,2024-02-01,2,Winter,1928,366,198,2,0.67,19,5,36632,256,4.5,India,0
210,48026,HSR Layout,12.760615,77.588932,Private room,Apartment,2024-03-01,3,Spring,1660,366,198,2,0.68,21,3,34860,333,4.4,India,0
210,48026,HSR Layout,12.760615,77.588932,Private room,Apartment,2024-04-01,4,Spring,1666,366,198,2,0.73,22,3,36652,229,5.0,UK,0
210,48026,HSR Layout,12.760615,77.588932,Private room,Apartment,2024-05-01,5,Spring,1759,366,198,2,0.85,26,2,45734,184,4.5,India,0
210,48026,HSR Layout,12.760615,77.588932,Private room,Apartment,2024-06-01,6,Summer,1691,366,198,2,0.43,13,4,21983,20,5.0,UAE,0
210,48026,HSR Layout,12.760615,77.588932,Private room,Apartment,2024-07-01,7,Monsoon,1434,366,198,2,0.64,20,3,28680,198,4.3,India,0
210,48026,HSR Layout,12.760615,77.588932,Private room,Apartment,2024-08-01,8,Monsoon,1498,366,198,2,0.68,21,5,31458,310,4.3,India,0
210,48026,HSR Layout,12.760615,77.588932,Private room,Apartment,2024-09-01,9,Autumn,1687,366,198,2,0.7,21,2,35427,321,5.0,Netherlands,0
210,48026,HSR Layout,12.760615,77.588932,Private room,Apartment,2024-10-01,10,Autumn,1895,366,198,2,0.43,13,1,24635,7,4.3,India,0
210,48026,HSR Layout,12.760615,77.588932,Private room,Apartment,2024-11-01,11,Winter,1782,366,198,2,0.58,17,3,30294,44,4.1,India,0
210,48026,HSR Layout,12.760615,77.588932,Private room,Apartment,2024-12-01,12,Winter,2352,366,198,2,0.54,17,2,39984,86,3.8,UAE,0
211,46715,Ulsoor,12.845331,77.476769,Entire home/apt,Serviced Apartment,2024-01-01,1,Winter,2967,224,212,5,0.83,26,5,77142,226,4.6,India,0
211,46715,Ulsoor,12.845331,77.476769,Entire home/apt,Serviced Apartment,2024-02-01,2,Winter,2217,224,212,5,0.58,17,2,37689,291,4.4,India,0
211,46715,Ulsoor,12.845331,77.476769,Entire home/apt,Serviced Apartment,2024-03-01,3,Spring,2687,224,212,5,0.63,20,2,53740,146,5.0,India,0
211,46715,Ulsoor,12.845331,77.476769,Entire home/apt,Serviced Apartment,2024-04-01,4,Spring,2619,224,212,5,0.79,24,4,62856,348,4.9,India,0
211,46715,Ulsoor,12.845331,77.476769,Entire home/apt,Serviced Apartment,2024-05-01,5,Spring,2244,224,212,5,0.87,27,2,60588,319,4.6,Canada,0
211,46715,Ulsoor,12.845331,77.476769,Entire home/apt,Serviced Apartment,2024-06-01,6,Summer,2218,224,212,5,0.79,24,2,53232,349,5.0,India,0
211,46715,Ulsoor,12.845331,77.476769,Entire home/apt,Serviced Apartment,2024-07-01,7,Monsoon,2140,224,212,5,0.47,15,2,32100,349,4.4,India,0
211,46715,Ulsoor,12.845331,77.476769,Entire home/apt,Serviced Apartment,2024-08-01,8,Monsoon,2288,224,212,5,0.73,23,5,52624,29,4.7,USA,0
211,46715,Ulsoor,12.845331,77.476769,Entire home/apt,Serviced Apartment,2024-09-01,9,Autumn,2405,224,212,5,0.77,23,2,55315,287,4.4,India,0
211,46715,Ulsoor,12.845331,77.476769,Entire home/apt,Serviced Apartment,2024-10-01,10,Autumn,2591,224,212,5,0.5,16,4,41456,148,4.7,India,0
211,46715,Ulsoor,12.845331,77.476769,Entire home/apt,Serviced Apartment,2024-11-01,11,Winter,2363,224,212,5,0.53,16,4,37808,114,4.3,India,0
211,46715,Ulsoor,12.845331,77.476769,Entire home/apt,Serviced Apartment,2024-12-01,12,Winter,3249,224,212,5,0.43,13,2,42237,47,4.2,India,0
212,80138,Electronic City,12.743648,77.504082,Entire home/apt,Serviced Apartment,2024-01-01,1,Winter,7079,446,301,2,0.52,16,2,113264,33,3.8,India,0
212,80138,Electronic City,12.743648,77.504082,Entire home/apt,Serviced Apartment,2024-02-01,2,Winter,5855,446,301,2,0.13,4,2,23420,243,4.4,India,0
212,80138,Electronic City,12.743648,77.504082,Entire home/apt,Serviced Apartment,2024-03-01,3,Spring,6421,446,301,2,0.61,19,2,121999,279,3.8,India,0
212,80138,Electronic City,12.743648,77.504082,Entire home/apt,Serviced Apartment,2024-04-01,4,Spring,6665,446,301,2,0.54,16,2,106640,327,5.0,India,0
212,80138,Electronic City,12.743648,77.504082,Entire home/apt,Serviced Apartment,2024-05-01,5,Spring,6327,446,301,2,0.72,22,3,139194,307,4.4,UK,0
212,80138,Electronic City,12.743648,77.504082,Entire home/apt,Serviced Apartment,2024-06-01,6,Summer,6442,446,301,2,0.37,11,1,70862,185,3.9,UK,0
212,80138,Electronic City,12.743648,77.504082,Entire home/apt,Serviced Apartment,2024-07-01,7,Monsoon,5424,446,301,2,0.94,29,5,157296,109,4.4,India,0
212,80138,Electronic City,12.743648,77.504082,Entire home/apt,Serviced Apartment,2024-08-01,8,Monsoon,5404,446,301,2,0.38,12,4,64848,350,4.9,India,0
212,80138,Electronic City,12.743648,77.504082,Entire home/apt,Serviced Apartment,2024-09-01,9,Autumn,6235,446,301,2,0.72,22,2,137170,90,4.2,India,0
212,80138,Electronic City,12.743648,77.504082,Entire home/apt,Serviced Apartment,2024-10-01,10,Autumn,5904,446,301,2,0.41,13,1,76752,207,4.5,India,0
212,80138,Electronic City,12.743648,77.504082,Entire home/apt,Serviced Apartment,2024-11-01,11,Winter,5829,446,301,2,0.42,13,2,75777,214,4.3,India,0
212,80138,Electronic City,12.743648,77.504082,Entire home/apt,Serviced Apartment,2024-12-01,12,Winter,7459,446,301,2,0.52,16,3,119344,132,4.7,India,1
213,66168,Yeshwanthpur,13.085346,77.539071,Entire home/apt,Serviced Apartment,2024-01-01,1,Winter,4528,256,326,5,0.41,13,3,58864,82,4.5,Canada,0
213,66168,Yeshwanthpur,13.085346,77.539071,Entire home/apt,Serviced Apartment,2024-02-01,2,Winter,3624,256,326,5,0.33,10,4,36240,292,4.9,India,0
213,66168,Yeshwanthpur,13.085346,77.539071,Entire home/apt,Serviced Apartment,2024-03-01,3,Spring,3777,256,326,5,0.57,18,1,67986,305,5.0,India,0
213,66168,Yeshwanthpur,13.085346,77.539071,Entire home/apt,Serviced Apartment,2024-04-01,4,Spring,4138,256,326,5,0.56,17,3,70346,296,4.4,India,0
213,66168,Yeshwanthpur,13.085346,77.539071,Entire home/apt,Serviced Apartment,2024-05-01,5,Spring,3783,256,326,5,0.66,20,2,75660,162,4.3,India,0
213,66168,Yeshwanthpur,13.085346,77.539071,Entire home/apt,Serviced Apartment,2024-06-01,6,Summer,3436,256,326,5,0.25,8,4,27488,75,4.6,India,0
213,66168,Yeshwanthpur,13.085346,77.539071,Entire home/apt,Serviced Apartment,2024-07-01,7,Monsoon,3218,256,326,5,0.73,23,2,74014,345,4.6,India,0
213,66168,Yeshwanthpur,13.085346,77.539071,Entire home/apt,Serviced Apartment,2024-08-01,8,Monsoon,3500,256,326,5,0.45,14,3,49000,1,5.0,Netherlands,0
213,66168,Yeshwanthpur,13.085346,77.539071,Entire home/apt,Serviced Apartment,2024-09-01,9,Autumn,3489,256,326,5,0.67,20,4,69780,64,3.9,India,0
213,66168,Yeshwanthpur,13.085346,77.539071,Entire home/apt,Serviced Apartment,2024-10-01,10,Autumn,3641,256,326,5,0.26,8,3,29128,296,4.4,India,0
213,66168,Yeshwanthpur,13.085346,77.539071,Entire home/apt,Serviced Apartment,2024-11-01,11,Winter,3682,256,326,5,0.48,14,5,51548,215,4.1,India,0
213,66168,Yeshwanthpur,13.085346,77.539071,Entire home/apt,Serviced Apartment,2024-12-01,12,Winter,4661,256,326,5,0.54,17,3,79237,307,4.3,India,0
214,35055,Ulsoor,13.082042,77.561077,Entire home/apt,Villa,2024-01-01,1,Winter,4667,695,237,1,0.72,22,3,102674,332,4.7,Netherlands,0
214,35055,Ulsoor,13.082042,77.561077,Entire home/apt,Villa,2024-02-01,2,Winter,3583,695,237,1,0.18,5,2,17915,277,4.2,India,0
214,35055,Ulsoor,13.082042,77.561077,Entire home/apt,Villa,2024-03-01,3,Spring,3809,695,237,1,0.26,8,5,30472,171,4.0,India,0
214,35055,Ulsoor,13.082042,77.561077,Entire home/apt,Villa,2024-04-01,4,Spring,3509,695,237,1,0.54,16,2,56144,219,4.8,India,0
214,35055,Ulsoor,13.082042,77.561077,Entire home/apt,Villa,2024-05-01,5,Spring,3771,695,237,1,0.61,19,3,71649,83,4.1,India,0
214,35055,Ulsoor,13.082042,77.561077,Entire home/apt,Villa,2024-06-01,6,Summer,3164,695,237,1,0.28,8,2,25312,337,4.0,India,0
214,35055,Ulsoor,13.082042,77.561077,Entire home/apt,Villa,2024-07-01,7,Monsoon,3018,695,237,1,0.52,16,2,48288,145,4.1,USA,0
214,35055,Ulsoor,13.082042,77.561077,Entire home/apt,Villa,2024-08-01,8,Monsoon,3262,695,237,1,0.51,16,4,52192,50,4.5,Netherlands,0
214,35055,Ulsoor,13.082042,77.561077,Entire home/apt,Villa,2024-09-01,9,Autumn,3778,695,237,1,0.37,11,4,41558,53,4.7,India,0
214,35055,Ulsoor,13.082042,77.561077,Entire home/apt,Villa,2024-10-01,10,Autumn,3548,695,237,1,0.49,15,1,53220,210,4.9,India,0
214,35055,Ulsoor,13.082042,77.561077,Entire home/apt,Villa,2024-11-01,11,Winter,3725,695,237,1,0.4,12,3,44700,278,4.4,India,0
214,35055,Ulsoor,13.082042,77.561077,Entire home/apt,Villa,2024-12-01,12,Winter,4493,695,237,1,0.5,16,2,71888,297,4.7,Germany,0
215,65134,Hebbal,12.789152,77.586389,Entire home/apt,Independent House,2024-01-01,1,Winter,4490,574,320,1,0.5,16,2,71840,237,4.1,India,0
215,65134,Hebbal,12.789152,77.586389,Entire home/apt,Independent House,2024-02-01,2,Winter,3957,574,320,1,0.27,8,3,31656,202,4.6,India,0
215,65134,Hebbal,12.789152,77.586389,Entire home/apt,Independent House,2024-03-01,3,Spring,4094,574,320,1,0.4,12,2,49128,114,3.9,India,0
215,65134,Hebbal,12.789152,77.586389,Entire home/apt,Independent House,2024-04-01,4,Spring,4127,574,320,1,0.68,20,2,82540,337,4.5,India,0
215,65134,Hebbal,12.789152,77.586389,Entire home/apt,Independent House,2024-05-01,5,Spring,3962,574,320,1,0.76,24,4,95088,212,4.6,India,0
215,65134,Hebbal,12.789152,77.586389,Entire home/apt,Independent House,2024-06-01,6,Summer,3726,574,320,1,0.58,17,1,63342,212,4.3,India,0
215,65134,Hebbal,12.789152,77.586389,Entire home/apt,Independent House,2024-07-01,7,Monsoon,3353,574,320,1,0.29,9,1,30177,191,4.9,Australia,0
215,65134,Hebbal,12.789152,77.586389,Entire home/apt,Independent House,2024-08-01,8,Monsoon,3376,574,320,1,0.54,17,3,57392,307,4.1,India,0
215,65134,Hebbal,12.789152,77.586389,Entire home/apt,Independent House,2024-09-01,9,Autumn,3924,574,320,1,0.4,12,2,47088,292,4.4,Netherlands,0
215,65134,Hebbal,12.789152,77.586389,Entire home/apt,Independent House,2024-10-01,10,Autumn,4012,574,320,1,0.63,20,2,80240,200,4.5,India,0
215,65134,Hebbal,12.789152,77.586389,Entire home/apt,Independent House,2024-11-01,11,Winter,3484,574,320,1,0.96,29,4,101036,295,5.0,India,0
215,65134,Hebbal,12.789152,77.586389,Entire home/apt,Independent House,2024-12-01,12,Winter,4940,574,320,1,0.4,12,4,59280,199,4.5,Netherlands,0
216,51697,Brigade Road,12.763377,77.519291,Private room,Independent House,2024-01-01,1,Winter,3610,489,338,1,0.45,14,3,50540,200,4.3,Australia,0
216,51697,Brigade Road,12.763377,77.519291,Private room,Independent House,2024-02-01,2,Winter,3071,489,338,1,0.81,23,2,70633,283,5.0,India,0
216,51697,Brigade Road,12.763377,77.519291,Private room,Independent House,2024-03-01,3,Spring,3282,489,338,1,0.53,16,2,52512,47,3.2,India,0
216,51697,Brigade Road,12.763377,77.519291,Private room,Independent House,2024-04-01,4,Spring,3190,489,338,1,0.57,17,2,54230,321,4.6,UK,0
216,51697,Brigade Road,12.763377,77.519291,Private room,Independent House,2024-05-01,5,Spring,2857,489,338,1,0.37,11,2,31427,316,4.7,USA,0
216,51697,Brigade Road,12.763377,77.519291,Private room,Independent House,2024-06-01,6,Summer,2973,489,338,1,0.67,20,4,59460,40,4.9,India,0
216,51697,Brigade Road,12.763377,77.519291,Private room,Independent House,2024-07-01,7,Monsoon,2682,489,338,1,0.51,16,1,42912,66,4.5,Netherlands,0
216,51697,Brigade Road,12.763377,77.519291,Private room,Independent House,2024-08-01,8,Monsoon,2580,489,338,1,0.59,18,3,46440,183,4.9,India,0
216,51697,Brigade Road,12.763377,77.519291,Private room,Independent House,2024-09-01,9,Autumn,2975,489,338,1,0.88,26,3,77350,113,5.0,India,0
216,51697,Brigade Road,12.763377,77.519291,Private room,Independent House,2024-10-01,10,Autumn,2862,489,338,1,0.1,3,3,8586,125,5.0,USA,0
216,51697,Brigade Road,12.763377,77.519291,Private room,Independent House,2024-11-01,11,Winter,2739,489,338,1,0.45,14,2,38346,133,4.3,India,0
216,51697,Brigade Road,12.763377,77.519291,Private room,Independent House,2024-12-01,12,Winter,3469,489,338,1,0.66,20,2,69380,73,3.9,India,0
217,85937,Whitefield,12.744373,77.72816,Entire home/apt,Independent House,2024-01-01,1,Winter,2881,351,224,3,0.65,20,4,57620,47,4.2,India,0
217,85937,Whitefield,12.744373,77.72816,Entire home/apt,Independent House,2024-02-01,2,Winter,2011,351,224,3,0.48,14,4,28154,106,4.6,India,0
217,85937,Whitefield,12.744373,77.72816,Entire home/apt,Independent House,2024-03-01,3,Spring,2723,351,224,3,0.25,8,2,21784,11,4.4,India,0
217,85937,Whitefield,12.744373,77.72816,Entire home/apt,Independent House,2024-04-01,4,Spring,2160,351,224,3,0.31,9,2,19440,320,4.9,India,0
217,85937,Whitefield,12.744373,77.72816,Entire home/apt,Independent House,2024-05-01,5,Spring,2314,351,224,3,0.62,19,3,43966,192,4.9,Singapore,0
217,85937,Whitefield,12.744373,77.72816,Entire home/apt,Independent House,2024-06-01,6,Summer,2111,351,224,3,0.49,15,3,31665,230,5.0,Germany,0
217,85937,Whitefield,12.744373,77.72816,Entire home/apt,Independent House,2024-07-01,7,Monsoon,1936,351,224,3,0.67,21,2,40656,5,4.5,UAE,0
217,85937,Whitefield,12.744373,77.72816,Entire home/apt,Independent House,2024-08-01,8,Monsoon,1616,351,224,3,0.25,8,3,12928,323,4.3,India,0
217,85937,Whitefield,12.744373,77.72816,Entire home/apt,Independent House,2024-09-01,9,Autumn,2417,351,224,3,0.68,20,1,48340,175,4.9,Netherlands,0
217,85937,Whitefield,12.744373,77.72816,Entire home/apt,Independent House,2024-10-01,10,Autumn,2009,351,224,3,0.8,25,2,50225,314,4.1,India,1
217,85937,Whitefield,12.744373,77.72816,Entire home/apt,Independent House,2024-11-01,11,Winter,2248,351,224,3,0.56,17,3,38216,130,4.4,UAE,0
217,85937,Whitefield,12.744373,77.72816,Entire home/apt,Independent House,2024-12-01,12,Winter,3024,351,224,3,0.45,14,2,42336,15,4.0,India,0
218,29968,Hebbal,13.04675,77.484437,Entire home/apt,Villa,2024-01-01,1,Winter,5078,240,150,2,0.62,19,1,96482,64,4.3,India,0
218,29968,Hebbal,13.04675,77.484437,Entire home/apt,Villa,2024-02-01,2,Winter,3312,240,150,2,0.23,7,5,23184,178,4.1,USA,0
218,29968,Hebbal,13.04675,77.484437,Entire home/apt,Villa,2024-03-01,3,Spring,3897,240,150,2,0.73,23,3,89631,239,4.9,USA,0
218,29968,Hebbal,13.04675,77.484437,Entire home/apt,Villa,2024-04-01,4,Spring,3920,240,150,2,0.47,14,2,54880,262,4.6,Canada,0
218,29968,Hebbal,13.04675,77.484437,Entire home/apt,Villa,2024-05-01,5,Spring,3420,240,150,2,0.77,24,4,82080,128,4.4,India,0
218,29968,Hebbal,13.04675,77.484437,Entire home/apt,Villa,2024-06-01,6,Summer,3506,240,150,2,0.18,5,3,17530,143,4.4,Canada,0
218,29968,Hebbal,13.04675,77.484437,Entire home/apt,Villa,2024-07-01,7,Monsoon,3337,240,150,2,0.35,11,2,36707,300,4.2,India,0
218,29968,Hebbal,13.04675,77.484437,Entire home/apt,Villa,2024-08-01,8,Monsoon,3328,240,150,2,0.29,9,3,29952,249,4.9,India,0
218,29968,Hebbal,13.04675,77.484437,Entire home/apt,Villa,2024-09-01,9,Autumn,3417,240,150,2,0.46,14,2,47838,305,4.1,USA,0
218,29968,Hebbal,13.04675,77.484437,Entire home/apt,Villa,2024-10-01,10,Autumn,3598,240,150,2,0.88,27,4,97146,318,4.8,India,0
218,29968,Hebbal,13.04675,77.484437,Entire home/apt,Villa,2024-11-01,11,Winter,3351,240,150,2,0.68,20,2,67020,180,4.4,India,0
218,29968,Hebbal,13.04675,77.484437,Entire home/apt,Villa,2024-12-01,12,Winter,4677,240,150,2,0.64,20,3,93540,32,3.3,India,0
219,77024,Bellandur,12.934748,77.538042,Private room,Studio,2024-01-01,1,Winter,2898,441,260,5,0.43,13,1,37674,92,4.2,Germany,0
219,77024,Bellandur,12.934748,77.538042,Private room,Studio,2024-02-01,2,Winter,1914,441,260,5,0.57,17,2,32538,125,5.0,India,0
219,77024,Bellandur,12.934748,77.538042,Private room,Studio,2024-03-01,3,Spring,2684,441,260,5,0.91,28,3,75152,190,4.9,India,0
219,77024,Bellandur,12.934748,77.538042,Private room,Studio,2024-04-01,4,Spring,2729,441,260,5,0.88,26,2,70954,4,4.7,India,0
219,77024,Bellandur,12.934748,77.538042,Private room,Studio,2024-05-01,5,Spring,2258,441,260,5,0.74,23,1,51934,168,5.0,India,0
219,77024,Bellandur,12.934748,77.538042,Private room,Studio,2024-06-01,6,Summer,2200,441,260,5,0.48,14,3,30800,164,4.6,UAE,0
219,77024,Bellandur,12.934748,77.538042,Private room,Studio,2024-07-01,7,Monsoon,2231,441,260,5,0.71,22,3,49082,197,3.9,India,0
219,77024,Bellandur,12.934748,77.538042,Private room,Studio,2024-08-01,8,Monsoon,2447,441,260,5,0.49,15,2,36705,111,4.4,India,0
219,77024,Bellandur,12.934748,77.538042,Private room,Studio,2024-09-01,9,Autumn,2115,441,260,5,0.99,30,2,63450,311,4.6,Canada,0
219,77024,Bellandur,12.934748,77.538042,Private room,Studio,2024-10-01,10,Autumn,2125,441,260,5,0.72,22,4,46750,343,4.8,India,0
219,77024,Bellandur,12.934748,77.538042,Private room,Studio,2024-11-01,11,Winter,2258,441,260,5,0.71,21,2,47418,222,4.2,India,0
219,77024,Bellandur,12.934748,77.538042,Private room,Studio,2024-12-01,12,Winter,2770,441,260,5,0.28,9,2,24930,100,4.0,India,0
220,16133,Bellandur,12.868495,77.487228,Entire home/apt,Villa,2024-01-01,1,Winter,7099,546,276,2,0.84,26,3,184574,145,4.4,India,0
220,16133,Bellandur,12.868495,77.487228,Entire home/apt,Villa,2024-02-01,2,Winter,5621,546,276,2,0.59,17,3,95557,2,4.5,UAE,0
220,16133,Bellandur,12.868495,77.487228,Entire home/apt,Villa,2024-03-01,3,Spring,6192,546,276,2,0.76,24,2,148608,206,4.6,India,0
220,16133,Bellandur,12.868495,77.487228,Entire home/apt,Villa,2024-04-01,4,Spring,6377,546,276,2,0.74,22,3,140294,270,4.7,India,0
220,16133,Bellandur,12.868495,77.487228,Entire home/apt,Villa,2024-05-01,5,Spring,5475,546,276,2,0.38,12,3,65700,35,4.6,India,0
220,16133,Bellandur,12.868495,77.487228,Entire home/apt,Villa,2024-06-01,6,Summer,5635,546,276,2,0.6,18,4,101430,212,4.5,USA,0
220,16133,Bellandur,12.868495,77.487228,Entire home/apt,Villa,2024-07-01,7,Monsoon,5618,546,276,2,0.39,12,2,67416,177,3.7,India,0
220,16133,Bellandur,12.868495,77.487228,Entire home/apt,Villa,2024-08-01,8,Monsoon,5168,546,276,2,0.53,16,3,82688,160,4.6,India,0
220,16133,Bellandur,12.868495,77.487228,Entire home/apt,Villa,2024-09-01,9,Autumn,5785,546,276,2,0.78,23,1,133055,152,3.9,India,0
220,16133,Bellandur,12.868495,77.487228,Entire home/apt,Villa,2024-10-01,10,Autumn,5558,546,276,2,0.65,20,2,111160,328,4.8,Canada,0
220,16133,Bellandur,12.868495,77.487228,Entire home/apt,Villa,2024-11-01,11,Winter,6107,546,276,2,0.73,22,2,134354,316,4.5,India,0
220,16133,Bellandur,12.868495,77.487228,Entire home/apt,Villa,2024-12-01,12,Winter,6908,546,276,2,0.5,16,2,110528,5,4.3,India,0
221,67105,Frazer Town,12.768077,77.507348,Private room,Villa,2024-01-01,1,Winter,5093,338,355,1,0.53,16,4,81488,26,4.9,India,0
221,67105,Frazer Town,12.768077,77.507348,Private room,Villa,2024-02-01,2,Winter,4356,338,355,1,0.69,20,2,87120,155,4.7,India,0
221,67105,Frazer Town,12.768077,77.507348,Private room,Villa,2024-03-01,3,Spring,5039,338,355,1,0.64,20,2,100780,313,4.3,Germany,0
221,67105,Frazer Town,12.768077,77.507348,Private room,Villa,2024-04-01,4,Spring,4531,338,355,1,0.64,19,2,86089,87,3.5,UAE,0
221,67105,Frazer Town,12.768077,77.507348,Private room,Villa,2024-05-01,5,Spring,4250,338,355,1,0.57,18,3,76500,61,4.0,India,0
221,67105,Frazer Town,12.768077,77.507348,Private room,Villa,2024-06-01,6,Summer,4101,338,355,1,0.72,22,4,90222,299,4.6,Singapore,0
221,67105,Frazer Town,12.768077,77.507348,Private room,Villa,2024-07-01,7,Monsoon,3877,338,355,1,0.65,20,5,77540,211,4.5,India,0
221,67105,Frazer Town,12.768077,77.507348,Private room,Villa,2024-08-01,8,Monsoon,4105,338,355,1,0.62,19,3,77995,267,3.9,India,0
221,67105,Frazer Town,12.768077,77.507348,Private room,Villa,2024-09-01,9,Autumn,4612,338,355,1,0.66,20,3,92240,338,4.3,India,0
221,67105,Frazer Town,12.768077,77.507348,Private room,Villa,2024-10-01,10,Autumn,4036,338,355,1,0.66,20,2,80720,247,4.5,India,0
221,67105,Frazer Town,12.768077,77.507348,Private room,Villa,2024-11-01,11,Winter,4600,338,355,1,0.55,16,2,73600,42,4.2,India,0
221,67105,Frazer Town,12.768077,77.507348,Private room,Villa,2024-12-01,12,Winter,5536,338,355,1,0.74,23,4,127328,124,4.6,India,0
222,36986,MG Road,12.730058,77.598382,Entire home/apt,Independent House,2024-01-01,1,Winter,5434,294,319,5,0.75,23,2,124982,53,4.8,India,0
222,36986,MG Road,12.730058,77.598382,Entire home/apt,Independent House,2024-02-01,2,Winter,4278,294,319,5,0.77,22,3,94116,263,3.6,Australia,0
222,36986,MG Road,12.730058,77.598382,Entire home/apt,Independent House,2024-03-01,3,Spring,5152,294,319,5,0.32,10,3,51520,159,4.2,USA,0
222,36986,MG Road,12.730058,77.598382,Entire home/apt,Independent House,2024-04-01,4,Spring,4734,294,319,5,0.55,16,3,75744,258,4.9,India,0
222,36986,MG Road,12.730058,77.598382,Entire home/apt,Independent House,2024-05-01,5,Spring,4100,294,319,5,0.61,19,2,77900,186,4.3,India,0
222,36986,MG Road,12.730058,77.598382,Entire home/apt,Independent House,2024-06-01,6,Summer,4370,294,319,5,0.56,17,2,74290,317,4.5,India,0
222,36986,MG Road,12.730058,77.598382,Entire home/apt,Independent House,2024-07-01,7,Monsoon,3770,294,319,5,0.49,15,3,56550,96,4.6,India,0
222,36986,MG Road,12.730058,77.598382,Entire home/apt,Independent House,2024-08-01,8,Monsoon,4067,294,319,5,0.48,15,2,61005,157,4.2,Canada,0
222,36986,MG Road,12.730058,77.598382,Entire home/apt,Independent House,2024-09-01,9,Autumn,4433,294,319,5,0.57,17,3,75361,52,4.8,India,0
222,36986,MG Road,12.730058,77.598382,Entire home/apt,Independent House,2024-10-01,10,Autumn,4130,294,319,5,0.3,9,4,37170,56,4.3,India,0
222,36986,MG Road,12.730058,77.598382,Entire home/apt,Independent House,2024-11-01,11,Winter,4158,294,319,5,0.56,17,2,70686,14,4.2,India,0
222,36986,MG Road,12.730058,77.598382,Entire home/apt,Independent House,2024-12-01,12,Winter,5536,294,319,5,0.53,16,3,88576,180,4.6,India,0
223,21018,Rajajinagar,12.872589,77.495186,Entire home/apt,Studio,2024-01-01,1,Winter,4607,329,250,1,0.62,19,2,87533,189,4.2,India,0
223,21018,Rajajinagar,12.872589,77.495186,Entire home/apt,Studio,2024-02-01,2,Winter,3968,329,250,1,0.51,15,3,59520,216,4.0,India,0
223,21018,Rajajinagar,12.872589,77.495186,Entire home/apt,Studio,2024-03-01,3,Spring,4094,329,250,1,0.42,13,2,53222,90,4.8,India,0
223,21018,Rajajinagar,12.872589,77.495186,Entire home/apt,Studio,2024-04-01,4,Spring,4498,329,250,1,0.42,13,3,58474,252,4.6,India,0
223,21018,Rajajinagar,12.872589,77.495186,Entire home/apt,Studio,2024-05-01,5,Spring,3338,329,250,1,0.61,19,2,63422,25,4.1,India,0
223,21018,Rajajinagar,12.872589,77.495186,Entire home/apt,Studio,2024-06-01,6,Summer,3565,329,250,1,0.38,11,5,39215,112,4.8,India,0
223,21018,Rajajinagar,12.872589,77.495186,Entire home/apt,Studio,2024-07-01,7,Monsoon,3521,329,250,1,0.55,17,4,59857,294,4.2,India,0
223,21018,Rajajinagar,12.872589,77.495186,Entire home/apt,Studio,2024-08-01,8,Monsoon,3637,329,250,1,0.43,13,1,47281,51,3.6,India,0
223,21018,Rajajinagar,12.872589,77.495186,Entire home/apt,Studio,2024-09-01,9,Autumn,3780,329,250,1,0.38,11,4,41580,207,4.9,India,0
223,21018,Rajajinagar,12.872589,77.495186,Entire home/apt,Studio,2024-10-01,10,Autumn,3613,329,250,1,0.63,20,2,72260,137,5.0,India,0
223,21018,Rajajinagar,12.872589,77.495186,Entire home/apt,Studio,2024-11-01,11,Winter,3448,329,250,1,0.46,14,2,48272,326,4.5,India,0
223,21018,Rajajinagar,12.872589,77.495186,Entire home/apt,Studio,2024-12-01,12,Winter,4918,329,250,1,0.44,14,3,68852,1,4.3,India,0
224,91542,Marathahalli,12.995636,77.705769,Entire home/apt,Independent House,2024-01-01,1,Winter,5121,213,241,1,0.35,11,2,56331,170,5.0,UAE,0
224,91542,Marathahalli,12.995636,77.705769,Entire home/apt,Independent House,2024-02-01,2,Winter,3804,213,241,1,0.54,16,1,60864,242,4.5,India,0
224,91542,Marathahalli,12.995636,77.705769,Entire home/apt,Independent House,2024-03-01,3,Spring,4862,213,241,1,0.39,12,1,58344,135,5.0,Singapore,0
224,91542,Marathahalli,12.995636,77.705769,Entire home/apt,Independent House,2024-04-01,4,Spring,4631,213,241,1,0.65,20,2,92620,4,4.1,India,0
224,91542,Marathahalli,12.995636,77.705769,Entire home/apt,Independent House,2024-05-01,5,Spring,4187,213,241,1,0.48,15,5,62805,298,5.0,India,0
224,91542,Marathahalli,12.995636,77.705769,Entire home/apt,Independent House,2024-06-01,6,Summer,3879,213,241,1,0.57,17,4,65943,241,4.3,India,0
224,91542,Marathahalli,12.995636,77.705769,Entire home/apt,Independent House,2024-07-01,7,Monsoon,3468,213,241,1,0.7,22,4,76296,290,4.7,India,0
224,91542,Marathahalli,12.995636,77.705769,Entire home/apt,Independent House,2024-08-01,8,Monsoon,3906,213,241,1,0.32,10,2,39060,116,4.9,India,0
224,91542,Marathahalli,12.995636,77.705769,Entire home/apt,Independent House,2024-09-01,9,Autumn,4574,213,241,1,0.52,16,2,73184,75,5.0,UK,0
224,91542,Marathahalli,12.995636,77.705769,Entire home/apt,Independent House,2024-10-01,10,Autumn,4021,213,241,1,0.38,12,1,48252,171,4.4,India,0
224,91542,Marathahalli,12.995636,77.705769,Entire home/apt,Independent House,2024-11-01,11,Winter,4282,213,241,1,0.46,14,5,59948,131,4.3,India,0
224,91542,Marathahalli,12.995636,77.705769,Entire home/apt,Independent House,2024-12-01,12,Winter,5209,213,241,1,0.59,18,2,93762,234,4.7,India,0
225,53743,Brigade Road,13.009811,77.707087,Private room,Studio,2024-01-01,1,Winter,4645,371,327,1,0.61,19,2,88255,265,4.1,USA,1
225,53743,Brigade Road,13.009811,77.707087,Private room,Studio,2024-02-01,2,Winter,4042,371,327,1,0.48,14,5,56588,112,5.0,India,0
225,53743,Brigade Road,13.009811,77.707087,Private room,Studio,2024-03-01,3,Spring,4117,371,327,1,0.6,19,2,78223,254,4.3,India,0
225,53743,Brigade Road,13.009811,77.707087,Private room,Studio,2024-04-01,4,Spring,3960,371,327,1,0.31,9,3,35640,220,4.1,India,0
225,53743,Brigade Road,13.009811,77.707087,Private room,Studio,2024-05-01,5,Spring,3721,371,327,1,0.6,19,3,70699,99,4.9,UAE,0
225,53743,Brigade Road,13.009811,77.707087,Private room,Studio,2024-06-01,6,Summer,3696,371,327,1,0.44,13,2,48048,55,3.9,Canada,0
225,53743,Brigade Road,13.009811,77.707087,Private room,Studio,2024-07-01,7,Monsoon,3502,371,327,1,0.78,24,4,84048,347,5.0,India,0
225,53743,Brigade Road,13.009811,77.707087,Private room,Studio,2024-08-01,8,Monsoon,3547,371,327,1,0.67,21,4,74487,269,5.0,India,0
225,53743,Brigade Road,13.009811,77.707087,Private room,Studio,2024-09-01,9,Autumn,3851,371,327,1,0.67,20,4,77020,178,4.4,Singapore,0
225,53743,Brigade Road,13.009811,77.707087,Private room,Studio,2024-10-01,10,Autumn,3513,371,327,1,0.47,15,2,52695,213,4.5,Canada,0
225,53743,Brigade Road,13.009811,77.707087,Private room,Studio,2024-11-01,11,Winter,3797,371,327,1,0.86,26,2,98722,296,4.5,India,0
225,53743,Brigade Road,13.009811,77.707087,Private room,Studio,2024-12-01,12,Winter,4966,371,327,1,0.51,16,2,79456,313,4.4,India,0
226,84273,Rajajinagar,12.815363,77.740841,Entire home/apt,Independent House,2024-01-01,1,Winter,2486,188,318,2,0.54,17,3,42262,148,4.9,India,0
226,84273,Rajajinagar,12.815363,77.740841,Entire home/apt,Independent House,2024-02-01,2,Winter,1941,188,318,2,0.49,14,2,27174,147,5.0,India,0
226,84273,Rajajinagar,12.815363,77.740841,Entire home/apt,Independent House,2024-03-01,3,Spring,2077,188,318,2,0.72,22,2,45694,232,4.3,India,0
226,84273,Rajajinagar,12.815363,77.740841,Entire home/apt,Independent House,2024-04-01,4,Spring,2236,188,318,2,0.68,20,2,44720,303,4.6,India,0
226,84273,Rajajinagar,12.815363,77.740841,Entire home/apt,Independent House,2024-05-01,5,Spring,1435,188,318,2,0.55,17,2,24395,2,5.0,India,0
226,84273,Rajajinagar,12.815363,77.740841,Entire home/apt,Independent House,2024-06-01,6,Summer,2010,188,318,2,0.61,18,3,36180,0,3.8,India,0
226,84273,Rajajinagar,12.815363,77.740841,Entire home/apt,Independent House,2024-07-01,7,Monsoon,1570,188,318,2,0.6,19,2,29830,145,4.7,UK,0
226,84273,Rajajinagar,12.815363,77.740841,Entire home/apt,Independent House,2024-08-01,8,Monsoon,1956,188,318,2,0.52,16,3,31296,287,4.7,India,0
226,84273,Rajajinagar,12.815363,77.740841,Entire home/apt,Independent House,2024-09-01,9,Autumn,1908,188,318,2,0.39,12,1,22896,138,3.6,India,0
226,84273,Rajajinagar,12.815363,77.740841,Entire home/apt,Independent House,2024-10-01,10,Autumn,1991,188,318,2,0.57,18,3,35838,221,4.3,India,0
226,84273,Rajajinagar,12.815363,77.740841,Entire home/apt,Independent House,2024-11-01,11,Winter,1582,188,318,2,0.64,19,2,30058,242,4.4,UAE,0
226,84273,Rajajinagar,12.815363,77.740841,Entire home/apt,Independent House,2024-12-01,12,Winter,2492,188,318,2,0.82,25,2,62300,347,3.6,India,0
227,22863,Bellandur,13.068078,77.629112,Entire home/apt,Serviced Apartment,2024-01-01,1,Winter,3615,268,245,2,0.34,11,3,39765,102,5.0,India,0
227,22863,Bellandur,13.068078,77.629112,Entire home/apt,Serviced Apartment,2024-02-01,2,Winter,2687,268,245,2,0.57,17,2,45679,156,4.4,India,0
227,22863,Bellandur,13.068078,77.629112,Entire home/apt,Serviced Apartment,2024-03-01,3,Spring,2839,268,245,2,0.74,23,3,65297,321,4.1,India,0
227,22863,Bellandur,13.068078,77.629112,Entire home/apt,Serviced Apartment,2024-04-01,4,Spring,2995,268,245,2,0.53,16,2,47920,223,4.2,India,0
227,22863,Bellandur,13.068078,77.629112,Entire home/apt,Serviced Apartment,2024-05-01,5,Spring,3177,268,245,2,0.65,20,3,63540,160,4.7,India,0
227,22863,Bellandur,13.068078,77.629112,Entire home/apt,Serviced Apartment,2024-06-01,6,Summer,2887,268,245,2,0.37,11,3,31757,183,5.0,India,0
227,22863,Bellandur,13.068078,77.629112,Entire home/apt,Serviced Apartment,2024-07-01,7,Monsoon,1893,268,245,2,0.47,15,2,28395,215,4.3,Canada,0
227,22863,Bellandur,13.068078,77.629112,Entire home/apt,Serviced Apartment,2024-08-01,8,Monsoon,2510,268,245,2,0.62,19,2,47690,286,4.4,India,0
227,22863,Bellandur,13.068078,77.629112,Entire home/apt,Serviced Apartment,2024-09-01,9,Autumn,2658,268,245,2,0.44,13,3,34554,45,3.9,UK,0
227,22863,Bellandur,13.068078,77.629112,Entire home/apt,Serviced Apartment,2024-10-01,10,Autumn,2805,268,245,2,0.69,21,3,58905,154,5.0,UK,0
227,22863,Bellandur,13.068078,77.629112,Entire home/apt,Serviced Apartment,2024-11-01,11,Winter,2502,268,245,2,0.69,21,2,52542,317,4.4,India,0
227,22863,Bellandur,13.068078,77.629112,Entire home/apt,Serviced Apartment,2024-12-01,12,Winter,3563,268,245,2,0.74,23,3,81949,150,4.6,India,0
228,26506,Malleshwaram,12.968032,77.588842,Private room,Studio,2024-01-01,1,Winter,3994,444,315,1,0.43,13,1,51922,138,4.0,France,0
228,26506,Malleshwaram,12.968032,77.588842,Private room,Studio,2024-02-01,2,Winter,3035,444,315,1,0.76,22,2,66770,49,5.0,France,0
228,26506,Malleshwaram,12.968032,77.588842,Private room,Studio,2024-03-01,3,Spring,3179,444,315,1,0.35,11,3,34969,169,5.0,Singapore,0
228,26506,Malleshwaram,12.968032,77.588842,Private room,Studio,2024-04-01,4,Spring,3174,444,315,1,0.6,18,2,57132,299,4.3,India,0
228,26506,Malleshwaram,12.968032,77.588842,Private room,Studio,2024-05-01,5,Spring,3415,444,315,1,0.41,13,3,44395,27,5.0,USA,0
228,26506,Malleshwaram,12.968032,77.588842,Private room,Studio,2024-06-01,6,Summer,3128,444,315,1,0.57,17,3,53176,287,3.7,USA,0
228,26506,Malleshwaram,12.968032,77.588842,Private room,Studio,2024-07-01,7,Monsoon,2342,444,315,1,0.5,16,2,37472,114,4.6,UAE,0
228,26506,Malleshwaram,12.968032,77.588842,Private room,Studio,2024-08-01,8,Monsoon,2557,444,315,1,0.37,11,3,28127,79,4.7,India,0
228,26506,Malleshwaram,12.968032,77.588842,Private room,Studio,2024-09-01,9,Autumn,3204,444,315,1,0.51,15,2,48060,3,4.8,Germany,0
228,26506,Malleshwaram,12.968032,77.588842,Private room,Studio,2024-10-01,10,Autumn,2858,444,315,1,0.48,15,3,42870,102,5.0,India,1
228,26506,Malleshwaram,12.968032,77.588842,Private room,Studio,2024-11-01,11,Winter,3105,444,315,1,0.55,16,3,49680,61,5.0,India,0
228,26506,Malleshwaram,12.968032,77.588842,Private room,Studio,2024-12-01,12,Winter,3586,444,315,1,0.65,20,2,71720,53,5.0,India,0
229,68171,Malleshwaram,12.722261,77.486543,Entire home/apt,Independent House,2024-01-01,1,Winter,3691,428,200,3,0.43,13,4,47983,348,4.7,India,0
229,68171,Malleshwaram,12.722261,77.486543,Entire home/apt,Independent House,2024-02-01,2,Winter,3269,428,200,3,0.7,20,2,65380,74,5.0,India,0
229,68171,Malleshwaram,12.722261,77.486543,Entire home/apt,Independent House,2024-03-01,3,Spring,3408,428,200,3,0.71,22,2,74976,336,4.4,India,0
229,68171,Malleshwaram,12.722261,77.486543,Entire home/apt,Independent House,2024-04-01,4,Spring,3601,428,200,3,0.56,17,3,61217,279,4.7,India,0
229,68171,Malleshwaram,12.722261,77.486543,Entire home/apt,Independent House,2024-05-01,5,Spring,3194,428,200,3,0.29,9,2,28746,148,4.1,India,0
229,68171,Malleshwaram,12.722261,77.486543,Entire home/apt,Independent House,2024-06-01,6,Summer,3130,428,200,3,0.28,8,5,25040,252,4.8,India,0
229,68171,Malleshwaram,12.722261,77.486543,Entire home/apt,Independent House,2024-07-01,7,Monsoon,2973,428,200,3,0.58,18,2,53514,197,4.1,India,0
229,68171,Malleshwaram,12.722261,77.486543,Entire home/apt,Independent House,2024-08-01,8,Monsoon,3075,428,200,3,0.83,26,2,79950,213,4.6,Germany,0
229,68171,Malleshwaram,12.722261,77.486543,Entire home/apt,Independent House,2024-09-01,9,Autumn,3212,428,200,3,0.56,17,2,54604,145,4.7,India,0
229,68171,Malleshwaram,12.722261,77.486543,Entire home/apt,Independent House,2024-10-01,10,Autumn,3087,428,200,3,0.52,16,3,49392,5,4.9,India,1
229,68171,Malleshwaram,12.722261,77.486543,Entire home/apt,Independent House,2024-11-01,11,Winter,3579,428,200,3,0.32,10,3,35790,336,4.5,India,0
229,68171,Malleshwaram,12.722261,77.486543,Entire home/apt,Independent House,2024-12-01,12,Winter,3651,428,200,3,0.77,24,1,87624,181,4.3,Canada,0
230,70076,Bellandur,12.703648,77.497494,Entire home/apt,Studio,2024-01-01,1,Winter,2558,395,187,3,0.69,21,4,53718,268,4.6,India,1
230,70076,Bellandur,12.703648,77.497494,Entire home/apt,Studio,2024-02-01,2,Winter,1849,395,187,3,0.8,23,3,42527,180,4.2,India,0
230,70076,Bellandur,12.703648,77.497494,Entire home/apt,Studio,2024-03-01,3,Spring,1922,395,187,3,0.52,16,3,30752,235,4.0,USA,0
230,70076,Bellandur,12.703648,77.497494,Entire home/apt,Studio,2024-04-01,4,Spring,1879,395,187,3,0.75,22,3,41338,142,4.7,UK,0
230,70076,Bellandur,12.703648,77.497494,Entire home/apt,Studio,2024-05-01,5,Spring,1896,395,187,3,0.61,19,3,36024,201,4.7,India,0
230,70076,Bellandur,12.703648,77.497494,Entire home/apt,Studio,2024-06-01,6,Summer,1608,395,187,3,0.54,16,4,25728,247,4.6,India,0
230,70076,Bellandur,12.703648,77.497494,Entire home/apt,Studio,2024-07-01,7,Monsoon,1646,395,187,3,0.63,20,2,32920,337,4.4,India,0
230,70076,Bellandur,12.703648,77.497494,Entire home/apt,Studio,2024-08-01,8,Monsoon,1516,395,187,3,0.99,31,3,46996,259,4.9,UK,0
230,70076,Bellandur,12.703648,77.497494,Entire home/apt,Studio,2024-09-01,9,Autumn,1850,395,187,3,0.55,16,3,29600,66,4.3,India,0
230,70076,Bellandur,12.703648,77.497494,Entire home/apt,Studio,2024-10-01,10,Autumn,1742,395,187,3,0.63,20,3,34840,297,3.7,India,0
230,70076,Bellandur,12.703648,77.497494,Entire home/apt,Studio,2024-11-01,11,Winter,1455,395,187,3,0.49,15,2,21825,23,4.6,India,0
230,70076,Bellandur,12.703648,77.497494,Entire home/apt,Studio,2024-12-01,12,Winter,2163,395,187,3,0.81,25,3,54075,118,3.9,India,0
231,99040,Marathahalli,12.829464,77.51946,Private room,Independent House,2024-01-01,1,Winter,3273,528,133,2,0.72,22,3,72006,196,5.0,UK,0
231,99040,Marathahalli,12.829464,77.51946,Private room,Independent House,2024-02-01,2,Winter,2460,528,133,2,0.57,17,1,41820,313,4.4,India,0
231,99040,Marathahalli,12.829464,77.51946,Private room,Independent House,2024-03-01,3,Spring,2467,528,133,2,0.54,17,1,41939,37,4.9,India,0
231,99040,Marathahalli,12.829464,77.51946,Private room,Independent House,2024-04-01,4,Spring,2965,528,133,2,0.68,20,2,59300,323,4.3,Australia,0
231,99040,Marathahalli,12.829464,77.51946,Private room,Independent House,2024-05-01,5,Spring,2467,528,133,2,0.78,24,4,59208,164,4.3,India,0
231,99040,Marathahalli,12.829464,77.51946,Private room,Independent House,2024-06-01,6,Summer,2656,528,133,2,0.61,18,2,47808,68,5.0,Netherlands,0
231,99040,Marathahalli,12.829464,77.51946,Private room,Independent House,2024-07-01,7,Monsoon,2532,528,133,2,0.39,12,3,30384,102,4.0,India,0
231,99040,Marathahalli,12.829464,77.51946,Private room,Independent House,2024-08-01,8,Monsoon,2453,528,133,2,0.58,18,2,44154,347,4.3,India,0
231,99040,Marathahalli,12.829464,77.51946,Private room,Independent House,2024-09-01,9,Autumn,2801,528,133,2,0.61,18,2,50418,82,4.5,India,0
231,99040,Marathahalli,12.829464,77.51946,Private room,Independent House,2024-10-01,10,Autumn,2753,528,133,2,0.53,16,3,44048,98,5.0,India,1
231,99040,Marathahalli,12.829464,77.51946,Private room,Independent House,2024-11-01,11,Winter,2441,528,133,2,0.68,20,5,48820,49,5.0,India,0
231,99040,Marathahalli,12.829464,77.51946,Private room,Independent House,2024-12-01,12,Winter,2972,528,133,2,0.53,16,4,47552,2,5.0,India,0
232,81641,MG Road,12.836285,77.654708,Shared room,Studio,2024-01-01,1,Winter,5964,274,334,2,0.71,22,4,131208,292,5.0,France,0
232,81641,MG Road,12.836285,77.654708,Shared room,Studio,2024-02-01,2,Winter,4656,274,334,2,0.39,11,2,51216,286,4.6,Australia,0
232,81641,MG Road,12.836285,77.654708,Shared room,Studio,2024-03-01,3,Spring,5501,274,334,2,0.53,16,4,88016,224,4.8,India,0
232,81641,MG Road,12.836285,77.654708,Shared room,Studio,2024-04-01,4,Spring,5234,274,334,2,0.25,8,2,41872,36,4.3,India,0
232,81641,MG Road,12.836285,77.654708,Shared room,Studio,2024-05-01,5,Spring,4900,274,334,2,0.53,16,2,78400,264,4.0,India,0
232,81641,MG Road,12.836285,77.654708,Shared room,Studio,2024-06-01,6,Summer,4525,274,334,2,0.49,15,2,67875,118,4.9,India,0
232,81641,MG Road,12.836285,77.654708,Shared room,Studio,2024-07-01,7,Monsoon,4650,274,334,2,0.75,23,3,106950,11,4.2,India,0
232,81641,MG Road,12.836285,77.654708,Shared room,Studio,2024-08-01,8,Monsoon,4169,274,334,2,0.65,20,4,83380,128,4.8,India,0
232,81641,MG Road,12.836285,77.654708,Shared room,Studio,2024-09-01,9,Autumn,4968,274,334,2,0.27,8,2,39744,80,4.2,Canada,0
232,81641,MG Road,12.836285,77.654708,Shared room,Studio,2024-10-01,10,Autumn,4883,274,334,2,0.64,20,1,97660,294,4.8,India,0
232,81641,MG Road,12.836285,77.654708,Shared room,Studio,2024-11-01,11,Winter,4916,274,334,2,0.62,19,3,93404,159,4.5,India,0
232,81641,MG Road,12.836285,77.654708,Shared room,Studio,2024-12-01,12,Winter,6247,274,334,2,0.62,19,1,118693,56,4.5,India,0
233,44478,Indiranagar,12.71291,77.576422,Entire home/apt,Apartment,2024-01-01,1,Winter,4067,312,151,2,0.64,20,3,81340,168,4.7,UAE,0
233,44478,Indiranagar,12.71291,77.576422,Entire home/apt,Apartment,2024-02-01,2,Winter,3445,312,151,2,0.64,19,4,65455,120,4.2,India,0
233,44478,Indiranagar,12.71291,77.576422,Entire home/apt,Apartment,2024-03-01,3,Spring,3670,312,151,2,0.4,12,4,44040,288,4.1,UAE,0
233,44478,Indiranagar,12.71291,77.576422,Entire home/apt,Apartment,2024-04-01,4,Spring,3561,312,151,2,0.68,20,3,71220,18,4.0,India,0
233,44478,Indiranagar,12.71291,77.576422,Entire home/apt,Apartment,2024-05-01,5,Spring,3101,312,151,2,0.51,16,1,49616,213,4.3,India,0
233,44478,Indiranagar,12.71291,77.576422,Entire home/apt,Apartment,2024-06-01,6,Summer,3365,312,151,2,0.71,21,3,70665,41,4.5,Singapore,0
233,44478,Indiranagar,12.71291,77.576422,Entire home/apt,Apartment,2024-07-01,7,Monsoon,2750,312,151,2,0.4,12,2,33000,66,5.0,India,0
233,44478,Indiranagar,12.71291,77.576422,Entire home/apt,Apartment,2024-08-01,8,Monsoon,2977,312,151,2,0.49,15,1,44655,18,4.8,India,0
233,44478,Indiranagar,12.71291,77.576422,Entire home/apt,Apartment,2024-09-01,9,Autumn,3163,312,151,2,0.56,17,2,53771,179,4.7,India,0
233,44478,Indiranagar,12.71291,77.576422,Entire home/apt,Apartment,2024-10-01,10,Autumn,3029,312,151,2,0.55,17,2,51493,116,4.5,India,1
233,44478,Indiranagar,12.71291,77.576422,Entire home/apt,Apartment,2024-11-01,11,Winter,3078,312,151,2,0.7,21,3,64638,100,5.0,India,0
233,44478,Indiranagar,12.71291,77.576422,Entire home/apt,Apartment,2024-12-01,12,Winter,3821,312,151,2,0.35,11,4,42031,349,3.7,India,1
234,73199,Koramangala,12.85485,77.563168,Entire home/apt,Serviced Apartment,2024-01-01,1,Winter,4189,200,361,2,0.61,19,2,79591,60,3.9,UAE,0
234,73199,Koramangala,12.85485,77.563168,Entire home/apt,Serviced Apartment,2024-02-01,2,Winter,2957,200,361,2,0.63,18,2,53226,99,4.6,India,0
234,73199,Koramangala,12.85485,77.563168,Entire home/apt,Serviced Apartment,2024-03-01,3,Spring,3565,200,361,2,0.34,11,4,39215,121,4.7,India,0
234,73199,Koramangala,12.85485,77.563168,Entire home/apt,Serviced Apartment,2024-04-01,4,Spring,3904,200,361,2,0.63,19,3,74176,116,4.2,India,0
234,73199,Koramangala,12.85485,77.563168,Entire home/apt,Serviced Apartment,2024-05-01,5,Spring,3327,200,361,2,0.38,12,3,39924,274,4.9,India,0
234,73199,Koramangala,12.85485,77.563168,Entire home/apt,Serviced Apartment,2024-06-01,6,Summer,3335,200,361,2,0.32,10,5,33350,7,4.4,Singapore,0
234,73199,Koramangala,12.85485,77.563168,Entire home/apt,Serviced Apartment,2024-07-01,7,Monsoon,3079,200,361,2,0.54,17,2,52343,29,4.4,India,0
234,73199,Koramangala,12.85485,77.563168,Entire home/apt,Serviced Apartment,2024-08-01,8,Monsoon,2743,200,361,2,0.67,21,2,57603,92,4.2,India,0
234,73199,Koramangala,12.85485,77.563168,Entire home/apt,Serviced Apartment,2024-09-01,9,Autumn,2888,200,361,2,0.53,16,2,46208,308,4.9,India,0
234,73199,Koramangala,12.85485,77.563168,Entire home/apt,Serviced Apartment,2024-10-01,10,Autumn,3242,200,361,2,0.85,26,2,84292,149,4.7,India,0
234,73199,Koramangala,12.85485,77.563168,Entire home/apt,Serviced Apartment,2024-11-01,11,Winter,3386,200,361,2,0.57,17,3,57562,336,4.5,India,0
234,73199,Koramangala,12.85485,77.563168,Entire home/apt,Serviced Apartment,2024-12-01,12,Winter,4096,200,361,2,0.54,17,2,69632,278,4.7,India,0
235,56787,Frazer Town,12.877417,77.540816,Entire home/apt,Studio,2024-01-01,1,Winter,2747,138,229,2,0.91,28,3,76916,136,4.7,India,0
235,56787,Frazer Town,12.877417,77.540816,Entire home/apt,Studio,2024-02-01,2,Winter,2437,138,229,2,0.44,13,2,31681,177,4.7,UAE,0
235,56787,Frazer Town,12.877417,77.540816,Entire home/apt,Studio,2024-03-01,3,Spring,2591,138,229,2,0.63,20,3,51820,318,4.1,India,0
235,56787,Frazer Town,12.877417,77.540816,Entire home/apt,Studio,2024-04-01,4,Spring,2646,138,229,2,0.54,16,1,42336,70,4.2,Australia,0
235,56787,Frazer Town,12.877417,77.540816,Entire home/apt,Studio,2024-05-01,5,Spring,2523,138,229,2,0.37,11,3,27753,156,4.7,USA,0
235,56787,Frazer Town,12.877417,77.540816,Entire home/apt,Studio,2024-06-01,6,Summer,2513,138,229,2,0.47,14,2,35182,190,4.2,USA,0
235,56787,Frazer Town,12.877417,77.540816,Entire home/apt,Studio,2024-07-01,7,Monsoon,2095,138,229,2,0.64,20,3,41900,18,4.4,Netherlands,0
235,56787,Frazer Town,12.877417,77.540816,Entire home/apt,Studio,2024-08-01,8,Monsoon,2225,138,229,2,0.86,27,3,60075,332,4.3,UK,0
235,56787,Frazer Town,12.877417,77.540816,Entire home/apt,Studio,2024-09-01,9,Autumn,2034,138,229,2,0.72,22,5,44748,10,5.0,India,0
235,56787,Frazer Town,12.877417,77.540816,Entire home/apt,Studio,2024-10-01,10,Autumn,2455,138,229,2,0.44,14,1,34370,142,4.5,India,0
235,56787,Frazer Town,12.877417,77.540816,Entire home/apt,Studio,2024-11-01,11,Winter,2154,138,229,2,0.7,21,5,45234,30,4.0,India,0
235,56787,Frazer Town,12.877417,77.540816,Entire home/apt,Studio,2024-12-01,12,Winter,2911,138,229,2,0.45,14,3,40754,253,4.6,India,0
236,68198,Koramangala,12.789779,77.563798,Entire home/apt,Studio,2024-01-01,1,Winter,3829,326,106,3,0.44,14,1,53606,178,4.8,UAE,0
236,68198,Koramangala,12.789779,77.563798,Entire home/apt,Studio,2024-02-01,2,Winter,3051,326,106,3,0.44,13,3,39663,172,5.0,UAE,0
236,68198,Koramangala,12.789779,77.563798,Entire home/apt,Studio,2024-03-01,3,Spring,3461,326,106,3,0.56,17,4,58837,302,5.0,India,0
236,68198,Koramangala,12.789779,77.563798,Entire home/apt,Studio,2024-04-01,4,Spring,3734,326,106,3,0.56,17,1,63478,318,4.6,India,0
236,68198,Koramangala,12.789779,77.563798,Entire home/apt,Studio,2024-05-01,5,Spring,2863,326,106,3,0.56,17,2,48671,29,4.4,Germany,0
236,68198,Koramangala,12.789779,77.563798,Entire home/apt,Studio,2024-06-01,6,Summer,3096,326,106,3,0.64,19,3,58824,347,4.7,India,0
236,68198,Koramangala,12.789779,77.563798,Entire home/apt,Studio,2024-07-01,7,Monsoon,2801,326,106,3,0.4,12,5,33612,273,4.1,India,0
236,68198,Koramangala,12.789779,77.563798,Entire home/apt,Studio,2024-08-01,8,Monsoon,2645,326,106,3,0.54,17,3,44965,290,4.9,UK,0
236,68198,Koramangala,12.789779,77.563798,Entire home/apt,Studio,2024-09-01,9,Autumn,2828,326,106,3,0.53,16,2,45248,195,4.9,India,0
236,68198,Koramangala,12.789779,77.563798,Entire home/apt,Studio,2024-10-01,10,Autumn,3001,326,106,3,0.65,20,5,60020,121,4.4,India,1
236,68198,Koramangala,12.789779,77.563798,Entire home/apt,Studio,2024-11-01,11,Winter,3111,326,106,3,0.55,16,3,49776,140,4.8,India,0
236,68198,Koramangala,12.789779,77.563798,Entire home/apt,Studio,2024-12-01,12,Winter,3516,326,106,3,0.53,16,2,56256,277,4.6,India,0
237,15060,Richmond Town,12.809708,77.530624,Entire home/apt,Studio,2024-01-01,1,Winter,5097,523,86,1,0.75,23,2,117231,338,4.2,India,0
237,15060,Richmond Town,12.809708,77.530624,Entire home/apt,Studio,2024-02-01,2,Winter,4405,523,86,1,0.65,19,2,83695,236,4.1,India,0
237,15060,Richmond Town,12.809708,77.530624,Entire home/apt,Studio,2024-03-01,3,Spring,4615,523,86,1,0.52,16,1,73840,18,4.8,Canada,0
237,15060,Richmond Town,12.809708,77.530624,Entire home/apt,Studio,2024-04-01,4,Spring,4510,523,86,1,0.48,14,2,63140,284,5.0,India,0
237,15060,Richmond Town,12.809708,77.530624,Entire home/apt,Studio,2024-05-01,5,Spring,4121,523,86,1,0.65,20,1,82420,40,4.4,India,0
237,15060,Richmond Town,12.809708,77.530624,Entire home/apt,Studio,2024-06-01,6,Summer,4473,523,86,1,0.43,13,3,58149,160,4.3,Canada,0
237,15060,Richmond Town,12.809708,77.530624,Entire home/apt,Studio,2024-07-01,7,Monsoon,4030,523,86,1,0.46,14,2,56420,132,5.0,UK,0
237,15060,Richmond Town,12.809708,77.530624,Entire home/apt,Studio,2024-08-01,8,Monsoon,3904,523,86,1,0.51,16,2,62464,253,3.8,India,0
237,15060,Richmond Town,12.809708,77.530624,Entire home/apt,Studio,2024-09-01,9,Autumn,4137,523,86,1,0.54,16,3,66192,75,5.0,Singapore,0
237,15060,Richmond Town,12.809708,77.530624,Entire home/apt,Studio,2024-10-01,10,Autumn,4457,523,86,1,0.43,13,3,57941,119,4.8,India,1
237,15060,Richmond Town,12.809708,77.530624,Entire home/apt,Studio,2024-11-01,11,Winter,4293,523,86,1,0.69,21,3,90153,225,4.7,India,0
237,15060,Richmond Town,12.809708,77.530624,Entire home/apt,Studio,2024-12-01,12,Winter,4787,523,86,1,0.51,16,1,76592,116,4.0,India,0
238,43954,Bellandur,12.706447,77.703479,Private room,Studio,2024-01-01,1,Winter,4131,447,102,2,0.76,24,2,99144,39,4.6,India,0
238,43954,Bellandur,12.706447,77.703479,Private room,Studio,2024-02-01,2,Winter,2997,447,102,2,0.21,6,1,17982,104,4.6,India,0
238,43954,Bellandur,12.706447,77.703479,Private room,Studio,2024-03-01,3,Spring,3539,447,102,2,0.44,14,2,49546,348,3.8,India,0
238,43954,Bellandur,12.706447,77.703479,Private room,Studio,2024-04-01,4,Spring,3435,447,102,2,0.56,17,3,58395,144,4.8,India,0
238,43954,Bellandur,12.706447,77.703479,Private room,Studio,2024-05-01,5,Spring,3293,447,102,2,0.83,26,2,85618,184,4.1,India,0
238,43954,Bellandur,12.706447,77.703479,Private room,Studio,2024-06-01,6,Summer,3432,447,102,2,0.59,18,2,61776,333,4.8,India,0
238,43954,Bellandur,12.706447,77.703479,Private room,Studio,2024-07-01,7,Monsoon,2843,447,102,2,0.75,23,4,65389,150,4.6,India,0
238,43954,Bellandur,12.706447,77.703479,Private room,Studio,2024-08-01,8,Monsoon,2795,447,102,2,0.58,18,2,50310,22,4.4,India,0
238,43954,Bellandur,12.706447,77.703479,Private room,Studio,2024-09-01,9,Autumn,3353,447,102,2,0.41,12,2,40236,302,4.5,India,0
238,43954,Bellandur,12.706447,77.703479,Private room,Studio,2024-10-01,10,Autumn,3335,447,102,2,0.59,18,3,60030,160,5.0,India,0
238,43954,Bellandur,12.706447,77.703479,Private room,Studio,2024-11-01,11,Winter,3410,447,102,2,0.58,17,3,57970,297,4.6,USA,0
238,43954,Bellandur,12.706447,77.703479,Private room,Studio,2024-12-01,12,Winter,4129,447,102,2,0.65,20,4,82580,193,3.8,France,1
239,29670,Malleshwaram,13.005045,77.644764,Shared room,Independent House,2024-01-01,1,Winter,4177,77,337,5,0.52,16,3,66832,62,4.4,Australia,0
239,29670,Malleshwaram,13.005045,77.644764,Shared room,Independent House,2024-02-01,2,Winter,3317,77,337,5,0.59,17,1,56389,241,4.0,India,0
239,29670,Malleshwaram,13.005045,77.644764,Shared room,Independent House,2024-03-01,3,Spring,3437,77,337,5,0.48,15,3,51555,162,3.8,India,0
239,29670,Malleshwaram,13.005045,77.644764,Shared room,Independent House,2024-04-01,4,Spring,3313,77,337,5,0.5,15,4,49695,150,4.5,UAE,0
239,29670,Malleshwaram,13.005045,77.644764,Shared room,Independent House,2024-05-01,5,Spring,2842,77,337,5,0.7,22,2,62524,185,4.5,India,0
239,29670,Malleshwaram,13.005045,77.644764,Shared room,Independent House,2024-06-01,6,Summer,3145,77,337,5,0.59,18,2,56610,59,4.2,India,0
239,29670,Malleshwaram,13.005045,77.644764,Shared room,Independent House,2024-07-01,7,Monsoon,2915,77,337,5,0.47,15,2,43725,209,4.1,India,0
239,29670,Malleshwaram,13.005045,77.644764,Shared room,Independent House,2024-08-01,8,Monsoon,2938,77,337,5,0.75,23,2,67574,258,4.8,India,0
239,29670,Malleshwaram,13.005045,77.644764,Shared room,Independent House,2024-09-01,9,Autumn,3322,77,337,5,0.45,14,2,46508,247,3.9,India,0
239,29670,Malleshwaram,13.005045,77.644764,Shared room,Independent House,2024-10-01,10,Autumn,3436,77,337,5,0.84,26,2,89336,214,5.0,India,0
239,29670,Malleshwaram,13.005045,77.644764,Shared room,Independent House,2024-11-01,11,Winter,3071,77,337,5,0.36,11,5,33781,275,4.1,India,0
239,29670,Malleshwaram,13.005045,77.644764,Shared room,Independent House,2024-12-01,12,Winter,3586,77,337,5,0.51,16,4,57376,345,5.0,India,0
240,44115,Basavanagudi,12.836629,77.485389,Entire home/apt,Studio,2024-01-01,1,Winter,4437,345,155,5,0.51,16,3,70992,101,5.0,UAE,0
240,44115,Basavanagudi,12.836629,77.485389,Entire home/apt,Studio,2024-02-01,2,Winter,3728,345,155,5,0.55,16,1,59648,61,4.3,India,0
240,44115,Basavanagudi,12.836629,77.485389,Entire home/apt,Studio,2024-03-01,3,Spring,3802,345,155,5,0.52,16,3,60832,240,4.0,USA,0
240,44115,Basavanagudi,12.836629,77.485389,Entire home/apt,Studio,2024-04-01,4,Spring,3919,345,155,5,0.75,22,2,86218,17,4.6,France,0
240,44115,Basavanagudi,12.836629,77.485389,Entire home/apt,Studio,2024-05-01,5,Spring,3078,345,155,5,0.39,12,1,36936,85,4.5,Netherlands,0
240,44115,Basavanagudi,12.836629,77.485389,Entire home/apt,Studio,2024-06-01,6,Summer,3231,345,155,5,0.52,16,2,51696,271,4.9,UAE,0
240,44115,Basavanagudi,12.836629,77.485389,Entire home/apt,Studio,2024-07-01,7,Monsoon,3143,345,155,5,0.78,24,4,75432,181,4.1,India,0
240,44115,Basavanagudi,12.836629,77.485389,Entire home/apt,Studio,2024-08-01,8,Monsoon,2929,345,155,5,0.69,21,3,61509,123,4.7,USA,0
240,44115,Basavanagudi,12.836629,77.485389,Entire home/apt,Studio,2024-09-01,9,Autumn,3636,345,155,5,0.63,19,2,69084,172,5.0,India,0
240,44115,Basavanagudi,12.836629,77.485389,Entire home/apt,Studio,2024-10-01,10,Autumn,3438,345,155,5,0.73,23,3,79074,23,4.4,India,0
240,44115,Basavanagudi,12.836629,77.485389,Entire home/apt,Studio,2024-11-01,11,Winter,3332,345,155,5,0.71,21,4,69972,209,5.0,India,0
240,44115,Basavanagudi,12.836629,77.485389,Entire home/apt,Studio,2024-12-01,12,Winter,4307,345,155,5,0.56,17,3,73219,223,5.0,India,0
241,27643,HSR Layout,12.989483,77.626867,Private room,Studio,2024-01-01,1,Winter,1222,86,122,2,0.53,16,4,19552,303,4.7,India,0
241,27643,HSR Layout,12.989483,77.626867,Private room,Studio,2024-02-01,2,Winter,881,86,122,2,0.61,18,2,15858,164,4.2,India,0
241,27643,HSR Layout,12.989483,77.626867,Private room,Studio,2024-03-01,3,Spring,1069,86,122,2,0.68,21,3,22449,301,5.0,India,0
241,27643,HSR Layout,12.989483,77.626867,Private room,Studio,2024-04-01,4,Spring,1357,86,122,2,0.57,17,3,23069,118,4.6,India,0
241,27643,HSR Layout,12.989483,77.626867,Private room,Studio,2024-05-01,5,Spring,565,86,122,2,0.45,14,2,7910,288,4.4,India,0
241,27643,HSR Layout,12.989483,77.626867,Private room,Studio,2024-06-01,6,Summer,1079,86,122,2,0.44,13,3,14027,260,4.8,Australia,0
241,27643,HSR Layout,12.989483,77.626867,Private room,Studio,2024-07-01,7,Monsoon,782,86,122,2,0.5,16,2,12512,165,4.6,India,0
241,27643,HSR Layout,12.989483,77.626867,Private room,Studio,2024-08-01,8,Monsoon,704,86,122,2,0.46,14,3,9856,73,3.8,India,0
241,27643,HSR Layout,12.989483,77.626867,Private room,Studio,2024-09-01,9,Autumn,820,86,122,2,0.46,14,4,11480,107,4.3,India,0
241,27643,HSR Layout,12.989483,77.626867,Private room,Studio,2024-10-01,10,Autumn,952,86,122,2,0.63,20,2,19040,315,4.6,India,0
241,27643,HSR Layout,12.989483,77.626867,Private room,Studio,2024-11-01,11,Winter,1068,86,122,2,0.61,18,2,19224,147,4.4,India,0
241,27643,HSR Layout,12.989483,77.626867,Private room,Studio,2024-12-01,12,Winter,994,86,122,2,0.58,18,2,17892,86,4.7,India,0
242,89451,Whitefield,13.069806,77.64993,Entire home/apt,Independent House,2024-01-01,1,Winter,6363,478,362,2,0.54,17,1,108171,20,4.8,Canada,0
242,89451,Whitefield,13.069806,77.64993,Entire home/apt,Independent House,2024-02-01,2,Winter,5390,478,362,2,0.7,20,3,107800,3,4.5,India,0
242,89451,Whitefield,13.069806,77.64993,Entire home/apt,Independent House,2024-03-01,3,Spring,5444,478,362,2,0.41,13,4,70772,189,4.6,India,0
242,89451,Whitefield,13.069806,77.64993,Entire home/apt,Independent House,2024-04-01,4,Spring,5762,478,362,2,0.39,12,4,69144,292,4.5,India,0
242,89451,Whitefield,13.069806,77.64993,Entire home/apt,Independent House,2024-05-01,5,Spring,5303,478,362,2,0.38,12,2,63636,64,4.9,France,0
242,89451,Whitefield,13.069806,77.64993,Entire home/apt,Independent House,2024-06-01,6,Summer,5102,478,362,2,0.75,22,2,112244,56,4.3,USA,0
242,89451,Whitefield,13.069806,77.64993,Entire home/apt,Independent House,2024-07-01,7,Monsoon,4454,478,362,2,0.49,15,4,66810,61,4.5,India,0
242,89451,Whitefield,13.069806,77.64993,Entire home/apt,Independent House,2024-08-01,8,Monsoon,4582,478,362,2,0.52,16,2,73312,134,4.6,India,0
242,89451,Whitefield,13.069806,77.64993,Entire home/apt,Independent House,2024-09-01,9,Autumn,5143,478,362,2,0.55,16,2,82288,142,3.8,USA,0
242,89451,Whitefield,13.069806,77.64993,Entire home/apt,Independent House,2024-10-01,10,Autumn,5255,478,362,2,0.54,17,2,89335,181,5.0,Germany,0
242,89451,Whitefield,13.069806,77.64993,Entire home/apt,Independent House,2024-11-01,11,Winter,4990,478,362,2,0.29,9,2,44910,38,4.7,India,0
242,89451,Whitefield,13.069806,77.64993,Entire home/apt,Independent House,2024-12-01,12,Winter,6540,478,362,2,0.41,13,3,85020,141,3.9,India,0
243,98091,MG Road,12.982724,77.544443,Private room,Serviced Apartment,2024-01-01,1,Winter,6183,512,131,3,0.5,16,2,98928,285,5.0,India,0
243,98091,MG Road,12.982724,77.544443,Private room,Serviced Apartment,2024-02-01,2,Winter,5249,512,131,3,0.5,14,1,73486,324,4.4,India,0
243,98091,MG Road,12.982724,77.544443,Private room,Serviced Apartment,2024-03-01,3,Spring,5654,512,131,3,0.32,10,2,56540,300,4.9,India,0
243,98091,MG Road,12.982724,77.544443,Private room,Serviced Apartment,2024-04-01,4,Spring,5510,512,131,3,0.61,18,4,99180,344,4.9,India,0
243,98091,MG Road,12.982724,77.544443,Private room,Serviced Apartment,2024-05-01,5,Spring,5054,512,131,3,0.43,13,2,65702,248,5.0,Germany,0
243,98091,MG Road,12.982724,77.544443,Private room,Serviced Apartment,2024-06-01,6,Summer,5450,512,131,3,0.48,14,3,76300,144,5.0,India,0
243,98091,MG Road,12.982724,77.544443,Private room,Serviced Apartment,2024-07-01,7,Monsoon,5050,512,131,3,0.61,19,3,95950,45,4.1,Canada,0
243,98091,MG Road,12.982724,77.544443,Private room,Serviced Apartment,2024-08-01,8,Monsoon,4727,512,131,3,0.61,19,4,89813,109,4.4,India,0
243,98091,MG Road,12.982724,77.544443,Private room,Serviced Apartment,2024-09-01,9,Autumn,5531,512,131,3,0.34,10,1,55310,285,3.9,India,0
243,98091,MG Road,12.982724,77.544443,Private room,Serviced Apartment,2024-10-01,10,Autumn,5380,512,131,3,0.5,16,3,86080,19,4.2,India,0
243,98091,MG Road,12.982724,77.544443,Private room,Serviced Apartment,2024-11-01,11,Winter,4991,512,131,3,0.57,17,2,84847,298,4.5,India,0
243,98091,MG Road,12.982724,77.544443,Private room,Serviced Apartment,2024-12-01,12,Winter,6810,512,131,3,0.58,18,2,122580,271,4.4,India,0
244,49334,Frazer Town,13.050016,77.650393,Entire home/apt,Serviced Apartment,2024-01-01,1,Winter,6247,103,262,5,0.35,11,2,68717,112,4.2,India,0
244,49334,Frazer Town,13.050016,77.650393,Entire home/apt,Serviced Apartment,2024-02-01,2,Winter,4670,103,262,5,0.72,21,3,98070,147,4.5,India,0
244,49334,Frazer Town,13.050016,77.650393,Entire home/apt,Serviced Apartment,2024-03-01,3,Spring,5401,103,262,5,0.43,13,2,70213,126,4.4,India,0
244,49334,Frazer Town,13.050016,77.650393,Entire home/apt,Serviced Apartment,2024-04-01,4,Spring,5251,103,262,5,0.66,20,2,105020,237,4.1,Canada,0
244,49334,Frazer Town,13.050016,77.650393,Entire home/apt,Serviced Apartment,2024-05-01,5,Spring,5177,103,262,5,0.35,11,3,56947,177,4.2,India,0
244,49334,Frazer Town,13.050016,77.650393,Entire home/apt,Serviced Apartment,2024-06-01,6,Summer,5247,103,262,5,0.53,16,3,83952,247,4.0,Australia,0
244,49334,Frazer Town,13.050016,77.650393,Entire home/apt,Serviced Apartment,2024-07-01,7,Monsoon,4463,103,262,5,0.53,16,4,71408,307,4.2,India,0
244,49334,Frazer Town,13.050016,77.650393,Entire home/apt,Serviced Apartment,2024-08-01,8,Monsoon,4201,103,262,5,0.99,31,2,130231,148,4.4,India,0
244,49334,Frazer Town,13.050016,77.650393,Entire home/apt,Serviced Apartment,2024-09-01,9,Autumn,4527,103,262,5,0.82,25,2,113175,209,4.7,India,0
244,49334,Frazer Town,13.050016,77.650393,Entire home/apt,Serviced Apartment,2024-10-01,10,Autumn,4759,103,262,5,0.46,14,3,66626,133,4.8,India,0
244,49334,Frazer Town,13.050016,77.650393,Entire home/apt,Serviced Apartment,2024-11-01,11,Winter,4863,103,262,5,0.31,9,4,43767,217,5.0,India,0
244,49334,Frazer Town,13.050016,77.650393,Entire home/apt,Serviced Apartment,2024-12-01,12,Winter,6054,103,262,5,0.82,25,4,151350,137,5.0,India,0
245,93396,Koramangala,12.823404,77.572943,Entire home/apt,Independent House,2024-01-01,1,Winter,2742,454,354,2,0.31,10,3,27420,56,4.3,Canada,0
245,93396,Koramangala,12.823404,77.572943,Entire home/apt,Independent House,2024-02-01,2,Winter,2377,454,354,2,0.52,15,2,35655,309,4.4,India,0
245,93396,Koramangala,12.823404,77.572943,Entire home/apt,Independent House,2024-03-01,3,Spring,2755,454,354,2,0.6,19,5,52345,10,4.2,Germany,0
245,93396,Koramangala,12.823404,77.572943,Entire home/apt,Independent House,2024-04-01,4,Spring,2667,454,354,2,0.62,19,1,50673,170,3.5,UAE,0
245,93396,Koramangala,12.823404,77.572943,Entire home/apt,Independent House,2024-05-01,5,Spring,2383,454,354,2,0.64,20,3,47660,283,4.5,India,0
245,93396,Koramangala,12.823404,77.572943,Entire home/apt,Independent House,2024-06-01,6,Summer,2476,454,354,2,0.48,14,1,34664,107,4.6,India,0
245,93396,Koramangala,12.823404,77.572943,Entire home/apt,Independent House,2024-07-01,7,Monsoon,1755,454,354,2,0.65,20,2,35100,80,5.0,France,0
245,93396,Koramangala,12.823404,77.572943,Entire home/apt,Independent House,2024-08-01,8,Monsoon,1870,454,354,2,0.47,15,2,28050,117,4.2,India,0
245,93396,Koramangala,12.823404,77.572943,Entire home/apt,Independent House,2024-09-01,9,Autumn,2323,454,354,2,0.43,13,2,30199,191,4.7,India,0
245,93396,Koramangala,12.823404,77.572943,Entire home/apt,Independent House,2024-10-01,10,Autumn,2467,454,354,2,0.67,21,2,51807,127,3.8,Canada,1
245,93396,Koramangala,12.823404,77.572943,Entire home/apt,Independent House,2024-11-01,11,Winter,2497,454,354,2,0.73,22,1,54934,269,4.8,India,0
245,93396,Koramangala,12.823404,77.572943,Entire home/apt,Independent House,2024-12-01,12,Winter,2946,454,354,2,0.62,19,2,55974,248,4.9,India,0
246,13177,Frazer Town,12.952622,77.656421,Entire home/apt,Apartment,2024-01-01,1,Winter,7475,157,273,5,0.59,18,2,134550,138,4.4,Singapore,1
246,13177,Frazer Town,12.952622,77.656421,Entire home/apt,Apartment,2024-02-01,2,Winter,5501,157,273,5,0.56,16,3,88016,212,4.1,India,0
246,13177,Frazer Town,12.952622,77.656421,Entire home/apt,Apartment,2024-03-01,3,Spring,6296,157,273,5,0.44,14,3,88144,277,4.3,India,0
246,13177,Frazer Town,12.952622,77.656421,Entire home/apt,Apartment,2024-04-01,4,Spring,6307,157,273,5,0.61,18,2,113526,301,3.9,Germany,0
246,13177,Frazer Town,12.952622,77.656421,Entire home/apt,Apartment,2024-05-01,5,Spring,5519,157,273,5,0.65,20,2,110380,310,4.2,Australia,0
246,13177,Frazer Town,12.952622,77.656421,Entire home/apt,Apartment,2024-06-01,6,Summer,6022,157,273,5,0.63,19,3,114418,217,4.7,India,0
246,13177,Frazer Town,12.952622,77.656421,Entire home/apt,Apartment,2024-07-01,7,Monsoon,5509,157,273,5,0.55,17,1,93653,140,4.3,India,0
246,13177,Frazer Town,12.952622,77.656421,Entire home/apt,Apartment,2024-08-01,8,Monsoon,5401,157,273,5,0.68,21,1,113421,335,4.4,India,0
246,13177,Frazer Town,12.952622,77.656421,Entire home/apt,Apartment,2024-09-01,9,Autumn,6086,157,273,5,0.57,17,2,103462,219,4.5,India,0
246,13177,Frazer Town,12.952622,77.656421,Entire home/apt,Apartment,2024-10-01,10,Autumn,5812,157,273,5,0.46,14,5,81368,287,4.5,India,0
246,13177,Frazer Town,12.952622,77.656421,Entire home/apt,Apartment,2024-11-01,11,Winter,6087,157,273,5,0.67,20,3,121740,259,4.5,India,0
246,13177,Frazer Town,12.952622,77.656421,Entire home/apt,Apartment,2024-12-01,12,Winter,7228,157,273,5,0.65,20,1,144560,254,4.8,USA,0
247,81641,Whitefield,12.880908,77.623364,Entire home/apt,Independent House,2024-01-01,1,Winter,5352,250,308,3,0.63,20,2,107040,55,4.1,India,0
247,81641,Whitefield,12.880908,77.623364,Entire home/apt,Independent House,2024-02-01,2,Winter,4264,250,308,3,0.23,7,4,29848,42,4.7,India,0
247,81641,Whitefield,12.880908,77.623364,Entire home/apt,Independent House,2024-03-01,3,Spring,4786,250,308,3,0.67,21,2,100506,250,4.3,India,0
247,81641,Whitefield,12.880908,77.623364,Entire home/apt,Independent House,2024-04-01,4,Spring,4715,250,308,3,0.77,23,1,108445,206,5.0,India,0
247,81641,Whitefield,12.880908,77.623364,Entire home/apt,Independent House,2024-05-01,5,Spring,4226,250,308,3,0.58,18,2,76068,290,4.9,UK,0
247,81641,Whitefield,12.880908,77.623364,Entire home/apt,Independent House,2024-06-01,6,Summer,3931,250,308,3,0.51,15,1,58965,252,5.0,India,0
247,81641,Whitefield,12.880908,77.623364,Entire home/apt,Independent House,2024-07-01,7,Monsoon,4002,250,308,3,0.61,19,2,76038,172,3.9,France,0
247,81641,Whitefield,12.880908,77.623364,Entire home/apt,Independent House,2024-08-01,8,Monsoon,3798,250,308,3,0.47,15,1,56970,289,4.6,India,0
247,81641,Whitefield,12.880908,77.623364,Entire home/apt,Independent House,2024-09-01,9,Autumn,4070,250,308,3,0.4,12,4,48840,137,3.7,India,0
247,81641,Whitefield,12.880908,77.623364,Entire home/apt,Independent House,2024-10-01,10,Autumn,4475,250,308,3,0.5,16,3,71600,250,4.6,India,0
247,81641,Whitefield,12.880908,77.623364,Entire home/apt,Independent House,2024-11-01,11,Winter,4231,250,308,3,0.4,12,3,50772,164,4.0,India,0
247,81641,Whitefield,12.880908,77.623364,Entire home/apt,Independent House,2024-12-01,12,Winter,5087,250,308,3,0.45,14,2,71218,284,4.6,Australia,0
248,20673,Whitefield,12.870281,77.473251,Entire home/apt,Apartment,2024-01-01,1,Winter,3386,561,162,1,0.68,21,2,71106,224,4.5,Singapore,0
248,20673,Whitefield,12.870281,77.473251,Entire home/apt,Apartment,2024-02-01,2,Winter,2847,561,162,1,0.52,15,4,42705,253,4.5,India,0
248,20673,Whitefield,12.870281,77.473251,Entire home/apt,Apartment,2024-03-01,3,Spring,2832,561,162,1,0.66,20,4,56640,249,4.8,India,0
248,20673,Whitefield,12.870281,77.473251,Entire home/apt,Apartment,2024-04-01,4,Spring,2704,561,162,1,0.48,14,4,37856,214,4.8,India,0
248,20673,Whitefield,12.870281,77.473251,Entire home/apt,Apartment,2024-05-01,5,Spring,2688,561,162,1,0.5,16,2,43008,222,3.9,Netherlands,0
248,20673,Whitefield,12.870281,77.473251,Entire home/apt,Apartment,2024-06-01,6,Summer,2504,561,162,1,0.65,20,3,50080,346,5.0,India,0
248,20673,Whitefield,12.870281,77.473251,Entire home/apt,Apartment,2024-07-01,7,Monsoon,2051,561,162,1,0.49,15,2,30765,190,4.3,India,0
248,20673,Whitefield,12.870281,77.473251,Entire home/apt,Apartment,2024-08-01,8,Monsoon,2561,561,162,1,0.55,17,2,43537,148,4.1,India,0
248,20673,Whitefield,12.870281,77.473251,Entire home/apt,Apartment,2024-09-01,9,Autumn,2656,561,162,1,0.5,15,2,39840,314,4.0,Canada,0
248,20673,Whitefield,12.870281,77.473251,Entire home/apt,Apartment,2024-10-01,10,Autumn,2367,561,162,1,0.82,25,2,59175,309,4.7,India,0
248,20673,Whitefield,12.870281,77.473251,Entire home/apt,Apartment,2024-11-01,11,Winter,2566,561,162,1,0.52,16,4,41056,69,4.6,India,0
248,20673,Whitefield,12.870281,77.473251,Entire home/apt,Apartment,2024-12-01,12,Winter,3237,561,162,1,0.6,19,3,61503,242,4.5,India,0
249,29706,Marathahalli,12.726819,77.743093,Entire home/apt,Independent House,2024-01-01,1,Winter,5482,303,182,1,0.49,15,3,82230,169,3.7,India,0
249,29706,Marathahalli,12.726819,77.743093,Entire home/apt,Independent House,2024-02-01,2,Winter,4947,303,182,1,0.72,21,3,103887,34,4.2,India,0
249,29706,Marathahalli,12.726819,77.743093,Entire home/apt,Independent House,2024-03-01,3,Spring,4940,303,182,1,0.49,15,3,74100,115,5.0,India,0
249,29706,Marathahalli,12.726819,77.743093,Entire home/apt,Independent House,2024-04-01,4,Spring,4713,303,182,1,0.6,18,1,84834,98,4.5,India,0
249,29706,Marathahalli,12.726819,77.743093,Entire home/apt,Independent House,2024-05-01,5,Spring,4707,303,182,1,0.57,18,4,84726,218,3.8,India,0
249,29706,Marathahalli,12.726819,77.743093,Entire home/apt,Independent House,2024-06-01,6,Summer,4492,303,182,1,0.44,13,2,58396,319,4.5,UK,0
249,29706,Marathahalli,12.726819,77.743093,Entire home/apt,Independent House,2024-07-01,7,Monsoon,4373,303,182,1,0.32,10,4,43730,287,4.2,India,0
249,29706,Marathahalli,12.726819,77.743093,Entire home/apt,Independent House,2024-08-01,8,Monsoon,3977,303,182,1,0.53,16,3,63632,39,4.8,India,0
249,29706,Marathahalli,12.726819,77.743093,Entire home/apt,Independent House,2024-09-01,9,Autumn,4508,303,182,1,0.65,20,2,90160,110,4.2,India,0
249,29706,Marathahalli,12.726819,77.743093,Entire home/apt,Independent House,2024-10-01,10,Autumn,4587,303,182,1,0.7,22,2,100914,52,4.2,India,0
249,29706,Marathahalli,12.726819,77.743093,Entire home/apt,Independent House,2024-11-01,11,Winter,4698,303,182,1,0.59,18,3,84564,196,4.9,India,0
249,29706,Marathahalli,12.726819,77.743093,Entire home/apt,Independent House,2024-12-01,12,Winter,5637,303,182,1,0.64,20,3,112740,303,4.5,India,0
250,90725,Marathahalli,12.783723,77.450801,Entire home/apt,Independent House,2024-01-01,1,Winter,4337,338,126,2,0.4,12,2,52044,243,5.0,Singapore,0
250,90725,Marathahalli,12.783723,77.450801,Entire home/apt,Independent House,2024-02-01,2,Winter,3013,338,126,2,0.48,14,4,42182,26,4.5,India,0
250,90725,Marathahalli,12.783723,77.450801,Entire home/apt,Independent House,2024-03-01,3,Spring,3804,338,126,2,0.82,25,4,95100,217,3.8,India,0
250,90725,Marathahalli,12.783723,77.450801,Entire home/apt,Independent House,2024-04-01,4,Spring,3621,338,126,2,0.27,8,2,28968,256,4.5,UK,0
250,90725,Marathahalli,12.783723,77.450801,Entire home/apt,Independent House,2024-05-01,5,Spring,3438,338,126,2,0.82,25,2,85950,201,4.5,India,0
250,90725,Marathahalli,12.783723,77.450801,Entire home/apt,Independent House,2024-06-01,6,Summer,3592,338,126,2,0.67,20,2,71840,242,4.3,India,0
250,90725,Marathahalli,12.783723,77.450801,Entire home/apt,Independent House,2024-07-01,7,Monsoon,2764,338,126,2,0.63,20,4,55280,162,3.9,India,0
250,90725,Marathahalli,12.783723,77.450801,Entire home/apt,Independent House,2024-08-01,8,Monsoon,3304,338,126,2,0.56,17,4,56168,109,5.0,Canada,0
250,90725,Marathahalli,12.783723,77.450801,Entire home/apt,Independent House,2024-09-01,9,Autumn,3288,338,126,2,0.63,19,4,62472,142,4.6,USA,0
250,90725,Marathahalli,12.783723,77.450801,Entire home/apt,Independent House,2024-10-01,10,Autumn,3375,338,126,2,0.52,16,4,54000,286,4.7,India,0
250,90725,Marathahalli,12.783723,77.450801,Entire home/apt,Independent House,2024-11-01,11,Winter,3199,338,126,2,0.4,12,2,38388,61,5.0,India,0
250,90725,Marathahalli,12.783723,77.450801,Entire home/apt,Independent House,2024-12-01,12,Winter,4375,338,126,2,0.6,19,2,83125,178,5.0,India,0
251,71089,Rajajinagar,12.991397,77.514134,Entire home/apt,Independent House,2024-01-01,1,Winter,4007,498,275,3,0.39,12,2,48084,5,5.0,India,0
251,71089,Rajajinagar,12.991397,77.514134,Entire home/apt,Independent House,2024-02-01,2,Winter,3376,498,275,3,0.52,15,2,50640,300,4.8,India,0
251,71089,Rajajinagar,12.991397,77.514134,Entire home/apt,Independent House,2024-03-01,3,Spring,3415,498,275,3,0.67,21,1,71715,188,3.5,UAE,0
251,71089,Rajajinagar,12.991397,77.514134,Entire home/apt,Independent House,2024-04-01,4,Spring,3292,498,275,3,0.69,21,3,69132,6,4.4,India,0
251,71089,Rajajinagar,12.991397,77.514134,Entire home/apt,Independent House,2024-05-01,5,Spring,3219,498,275,3,0.34,11,1,35409,140,5.0,India,0
251,71089,Rajajinagar,12.991397,77.514134,Entire home/apt,Independent House,2024-06-01,6,Summer,3416,498,275,3,0.51,15,2,51240,129,4.3,India,0
251,71089,Rajajinagar,12.991397,77.514134,Entire home/apt,Independent House,2024-07-01,7,Monsoon,3065,498,275,3,0.84,26,1,79690,292,4.9,France,0
251,71089,Rajajinagar,12.991397,77.514134,Entire home/apt,Independent House,2024-08-01,8,Monsoon,3294,498,275,3,0.4,12,4,39528,241,4.2,Netherlands,0
251,71089,Rajajinagar,12.991397,77.514134,Entire home/apt,Independent House,2024-09-01,9,Autumn,2941,498,275,3,0.61,18,3,52938,251,4.6,India,0
251,71089,Rajajinagar,12.991397,77.514134,Entire home/apt,Independent House,2024-10-01,10,Autumn,3148,498,275,3,0.66,20,3,62960,331,5.0,UK,0
251,71089,Rajajinagar,12.991397,77.514134,Entire home/apt,Independent House,2024-11-01,11,Winter,2873,498,275,3,0.45,14,1,40222,14,4.8,India,0
251,71089,Rajajinagar,12.991397,77.514134,Entire home/apt,Independent House,2024-12-01,12,Winter,3879,498,275,3,0.42,13,3,50427,90,4.9,Singapore,0
252,64994,Whitefield,12.722419,77.641243,Entire home/apt,Apartment,2024-01-01,1,Winter,2505,254,358,3,0.47,15,5,37575,99,4.8,India,0
252,64994,Whitefield,12.722419,77.641243,Entire home/apt,Apartment,2024-02-01,2,Winter,1839,254,358,3,0.77,22,2,40458,344,4.4,Australia,0
252,64994,Whitefield,12.722419,77.641243,Entire home/apt,Apartment,2024-03-01,3,Spring,2281,254,358,3,0.67,21,2,47901,86,4.2,UAE,0
252,64994,Whitefield,12.722419,77.641243,Entire home/apt,Apartment,2024-04-01,4,Spring,1737,254,358,3,0.61,18,3,31266,187,4.5,India,0
252,64994,Whitefield,12.722419,77.641243,Entire home/apt,Apartment,2024-05-01,5,Spring,2063,254,358,3,0.52,16,4,33008,206,4.3,India,0
252,64994,Whitefield,12.722419,77.641243,Entire home/apt,Apartment,2024-06-01,6,Summer,2353,254,358,3,0.34,10,3,23530,31,4.8,India,0
252,64994,Whitefield,12.722419,77.641243,Entire home/apt,Apartment,2024-07-01,7,Monsoon,1642,254,358,3,0.51,16,4,26272,256,4.4,India,0
252,64994,Whitefield,12.722419,77.641243,Entire home/apt,Apartment,2024-08-01,8,Monsoon,1596,254,358,3,0.64,20,2,31920,88,5.0,India,0
252,64994,Whitefield,12.722419,77.641243,Entire home/apt,Apartment,2024-09-01,9,Autumn,2046,254,358,3,0.57,17,2,34782,101,4.1,India,0
252,64994,Whitefield,12.722419,77.641243,Entire home/apt,Apartment,2024-10-01,10,Autumn,2055,254,358,3,0.88,27,2,55485,325,4.3,USA,0
252,64994,Whitefield,12.722419,77.641243,Entire home/apt,Apartment,2024-11-01,11,Winter,1877,254,358,3,0.47,14,1,26278,140,4.3,India,0
252,64994,Whitefield,12.722419,77.641243,Entire home/apt,Apartment,2024-12-01,12,Winter,1891,254,358,3,0.62,19,2,35929,238,4.2,India,0
253,84211,Electronic City,12.735265,77.725403,Entire home/apt,Apartment,2024-01-01,1,Winter,1742,412,175,3,0.55,17,3,29614,10,5.0,UK,0
253,84211,Electronic City,12.735265,77.725403,Entire home/apt,Apartment,2024-02-01,2,Winter,1286,412,175,3,0.37,11,2,14146,191,4.6,India,0
253,84211,Electronic City,12.735265,77.725403,Entire home/apt,Apartment,2024-03-01,3,Spring,1952,412,175,3,0.36,11,4,21472,126,4.7,India,0
253,84211,Electronic City,12.735265,77.725403,Entire home/apt,Apartment,2024-04-01,4,Spring,1839,412,175,3,0.29,9,3,16551,97,4.8,USA,0
253,84211,Electronic City,12.735265,77.725403,Entire home/apt,Apartment,2024-05-01,5,Spring,1742,412,175,3,0.55,17,3,29614,158,5.0,India,0
253,84211,Electronic City,12.735265,77.725403,Entire home/apt,Apartment,2024-06-01,6,Summer,1794,412,175,3,0.62,19,3,34086,91,4.3,India,0
253,84211,Electronic City,12.735265,77.725403,Entire home/apt,Apartment,2024-07-01,7,Monsoon,1216,412,175,3,0.59,18,3,21888,211,4.7,India,0
253,84211,Electronic City,12.735265,77.725403,Entire home/apt,Apartment,2024-08-01,8,Monsoon,1346,412,175,3,0.27,8,2,10768,102,5.0,India,0
253,84211,Electronic City,12.735265,77.725403,Entire home/apt,Apartment,2024-09-01,9,Autumn,1605,412,175,3,0.54,16,2,25680,225,4.8,India,0
253,84211,Electronic City,12.735265,77.725403,Entire home/apt,Apartment,2024-10-01,10,Autumn,1871,412,175,3,0.18,6,2,11226,296,4.7,India,0
253,84211,Electronic City,12.735265,77.725403,Entire home/apt,Apartment,2024-11-01,11,Winter,1282,412,175,3,0.67,20,3,25640,323,4.6,India,0
253,84211,Electronic City,12.735265,77.725403,Entire home/apt,Apartment,2024-12-01,12,Winter,2085,412,175,3,0.53,16,2,33360,299,3.8,India,0
254,37611,Kalyan Nagar,12.838769,77.693272,Private room,Independent House,2024-01-01,1,Winter,3901,361,255,3,0.34,11,1,42911,107,4.9,India,0
254,37611,Kalyan Nagar,12.838769,77.693272,Private room,Independent House,2024-02-01,2,Winter,2830,361,255,3,0.57,17,1,48110,59,4.3,India,0
254,37611,Kalyan Nagar,12.838769,77.693272,Private room,Independent House,2024-03-01,3,Spring,3290,361,255,3,0.65,20,3,65800,243,4.0,India,0
254,37611,Kalyan Nagar,12.838769,77.693272,Private room,Independent House,2024-04-01,4,Spring,3119,361,255,3,0.54,16,3,49904,190,5.0,India,0
254,37611,Kalyan Nagar,12.838769,77.693272,Private room,Independent House,2024-05-01,5,Spring,2787,361,255,3,0.82,25,3,69675,17,5.0,India,0
254,37611,Kalyan Nagar,12.838769,77.693272,Private room,Independent House,2024-06-01,6,Summer,2940,361,255,3,0.47,14,2,41160,183,4.2,Singapore,0
254,37611,Kalyan Nagar,12.838769,77.693272,Private room,Independent House,2024-07-01,7,Monsoon,2650,361,255,3,0.3,9,1,23850,215,4.5,India,0
254,37611,Kalyan Nagar,12.838769,77.693272,Private room,Independent House,2024-08-01,8,Monsoon,2962,361,255,3,0.42,13,2,38506,51,4.4,India,0
254,37611,Kalyan Nagar,12.838769,77.693272,Private room,Independent House,2024-09-01,9,Autumn,2619,361,255,3,0.57,17,2,44523,83,4.6,India,0
254,37611,Kalyan Nagar,12.838769,77.693272,Private room,Independent House,2024-10-01,10,Autumn,2971,361,255,3,0.48,15,2,44565,11,4.4,India,0
254,37611,Kalyan Nagar,12.838769,77.693272,Private room,Independent House,2024-11-01,11,Winter,3059,361,255,3,0.51,15,3,45885,222,4.6,USA,0
254,37611,Kalyan Nagar,12.838769,77.693272,Private room,Independent House,2024-12-01,12,Winter,3740,361,255,3,0.68,21,2,78540,124,4.8,India,0
255,54286,Marathahalli,12.971422,77.540052,Shared room,Independent House,2024-01-01,1,Winter,4747,527,339,1,0.78,24,2,113928,137,4.7,Canada,0
255,54286,Marathahalli,12.971422,77.540052,Shared room,Independent House,2024-02-01,2,Winter,3363,527,339,1,0.78,23,1,77349,262,4.6,India,0
255,54286,Marathahalli,12.971422,77.540052,Shared room,Independent House,2024-03-01,3,Spring,4094,527,339,1,0.63,20,2,81880,305,4.4,Canada,0
255,54286,Marathahalli,12.971422,77.540052,Shared room,Independent House,2024-04-01,4,Spring,4149,527,339,1,0.5,15,4,62235,101,5.0,Canada,0
255,54286,Marathahalli,12.971422,77.540052,Shared room,Independent House,2024-05-01,5,Spring,3709,527,339,1,0.53,16,3,59344,71,4.1,India,0
255,54286,Marathahalli,12.971422,77.540052,Shared room,Independent House,2024-06-01,6,Summer,3784,527,339,1,0.61,18,2,68112,27,4.7,Netherlands,0
255,54286,Marathahalli,12.971422,77.540052,Shared room,Independent House,2024-07-01,7,Monsoon,3152,527,339,1,0.35,11,2,34672,72,4.8,Germany,0
255,54286,Marathahalli,12.971422,77.540052,Shared room,Independent House,2024-08-01,8,Monsoon,3653,527,339,1,0.43,13,2,47489,84,5.0,India,0
255,54286,Marathahalli,12.971422,77.540052,Shared room,Independent House,2024-09-01,9,Autumn,3787,527,339,1,0.58,17,3,64379,102,4.3,Singapore,0
255,54286,Marathahalli,12.971422,77.540052,Shared room,Independent House,2024-10-01,10,Autumn,3455,527,339,1,0.73,23,2,79465,41,4.2,India,0
255,54286,Marathahalli,12.971422,77.540052,Shared room,Independent House,2024-11-01,11,Winter,3576,527,339,1,0.73,22,2,78672,125,3.7,India,0
255,54286,Marathahalli,12.971422,77.540052,Shared room,Independent House,2024-12-01,12,Winter,4359,527,339,1,0.58,18,3,78462,191,4.6,India,0
256,23095,Marathahalli,12.919932,77.568214,Entire home/apt,Serviced Apartment,2024-01-01,1,Winter,5607,254,272,5,0.55,17,3,95319,49,4.4,India,0
256,23095,Marathahalli,12.919932,77.568214,Entire home/apt,Serviced Apartment,2024-02-01,2,Winter,3922,254,272,5,0.6,17,4,66674,204,4.7,UK,0
256,23095,Marathahalli,12.919932,77.568214,Entire home/apt,Serviced Apartment,2024-03-01,3,Spring,4729,254,272,5,0.36,11,4,52019,345,4.4,USA,0
256,23095,Marathahalli,12.919932,77.568214,Entire home/apt,Serviced Apartment,2024-04-01,4,Spring,4578,254,272,5,0.67,20,2,91560,201,4.5,India,0
256,23095,Marathahalli,12.919932,77.568214,Entire home/apt,Serviced Apartment,2024-05-01,5,Spring,4189,254,272,5,0.46,14,2,58646,342,5.0,USA,0
256,23095,Marathahalli,12.919932,77.568214,Entire home/apt,Serviced Apartment,2024-06-01,6,Summer,4279,254,272,5,0.38,11,3,47069,113,4.1,Singapore,0
256,23095,Marathahalli,12.919932,77.568214,Entire home/apt,Serviced Apartment,2024-07-01,7,Monsoon,3463,254,272,5,0.69,21,2,72723,120,4.0,India,0
256,23095,Marathahalli,12.919932,77.568214,Entire home/apt,Serviced Apartment,2024-08-01,8,Monsoon,3606,254,272,5,0.65,20,2,72120,0,4.5,India,0
256,23095,Marathahalli,12.919932,77.568214,Entire home/apt,Serviced Apartment,2024-09-01,9,Autumn,4132,254,272,5,0.43,13,3,53716,39,4.7,India,0
256,23095,Marathahalli,12.919932,77.568214,Entire home/apt,Serviced Apartment,2024-10-01,10,Autumn,3959,254,272,5,0.54,17,2,67303,96,4.6,India,0
256,23095,Marathahalli,12.919932,77.568214,Entire home/apt,Serviced Apartment,2024-11-01,11,Winter,4101,254,272,5,0.59,18,1,73818,196,4.2,India,0
256,23095,Marathahalli,12.919932,77.568214,Entire home/apt,Serviced Apartment,2024-12-01,12,Winter,5042,254,272,5,0.59,18,2,90756,145,3.9,India,0
257,73000,Koramangala,12.804408,77.736505,Entire home/apt,Serviced Apartment,2024-01-01,1,Winter,3425,358,344,1,0.76,24,2,82200,42,5.0,India,0
257,73000,Koramangala,12.804408,77.736505,Entire home/apt,Serviced Apartment,2024-02-01,2,Winter,2695,358,344,1,0.79,23,3,61985,207,4.4,Germany,0
257,73000,Koramangala,12.804408,77.736505,Entire home/apt,Serviced Apartment,2024-03-01,3,Spring,3321,358,344,1,0.51,16,1,53136,163,4.9,India,0
257,73000,Koramangala,12.804408,77.736505,Entire home/apt,Serviced Apartment,2024-04-01,4,Spring,3319,358,344,1,0.46,14,3,46466,232,4.0,India,0
257,73000,Koramangala,12.804408,77.736505,Entire home/apt,Serviced Apartment,2024-05-01,5,Spring,2652,358,344,1,0.61,19,3,50388,343,4.7,India,0
257,73000,Koramangala,12.804408,77.736505,Entire home/apt,Serviced Apartment,2024-06-01,6,Summer,3074,358,344,1,0.57,17,3,52258,155,4.0,India,0
257,73000,Koramangala,12.804408,77.736505,Entire home/apt,Serviced Apartment,2024-07-01,7,Monsoon,2513,358,344,1,0.76,24,3,60312,59,4.3,India,0
257,73000,Koramangala,12.804408,77.736505,Entire home/apt,Serviced Apartment,2024-08-01,8,Monsoon,2677,358,344,1,0.42,13,4,34801,230,4.6,India,0
257,73000,Koramangala,12.804408,77.736505,Entire home/apt,Serviced Apartment,2024-09-01,9,Autumn,2853,358,344,1,0.74,22,3,62766,171,4.8,Australia,0
257,73000,Koramangala,12.804408,77.736505,Entire home/apt,Serviced Apartment,2024-10-01,10,Autumn,2845,358,344,1,0.57,18,5,51210,57,4.3,UK,0
257,73000,Koramangala,12.804408,77.736505,Entire home/apt,Serviced Apartment,2024-11-01,11,Winter,2661,358,344,1,0.46,14,3,37254,196,4.6,Singapore,0
257,73000,Koramangala,12.804408,77.736505,Entire home/apt,Serviced Apartment,2024-12-01,12,Winter,3745,358,344,1,0.61,19,1,71155,3,4.4,India,0
258,87352,Bellandur,12.779045,77.693851,Private room,Serviced Apartment,2024-01-01,1,Winter,5913,309,302,1,0.32,10,2,59130,20,2.9,India,0
258,87352,Bellandur,12.779045,77.693851,Private room,Serviced Apartment,2024-02-01,2,Winter,4675,309,302,1,0.37,11,2,51425,306,4.4,India,0
258,87352,Bellandur,12.779045,77.693851,Private room,Serviced Apartment,2024-03-01,3,Spring,5020,309,302,1,0.82,25,2,125500,172,4.7,India,0
258,87352,Bellandur,12.779045,77.693851,Private room,Serviced Apartment,2024-04-01,4,Spring,5113,309,302,1,0.71,21,3,107373,12,4.6,India,0
258,87352,Bellandur,12.779045,77.693851,Private room,Serviced Apartment,2024-05-01,5,Spring,4528,309,302,1,0.75,23,2,104144,182,4.1,India,0
258,87352,Bellandur,12.779045,77.693851,Private room,Serviced Apartment,2024-06-01,6,Summer,4683,309,302,1,0.35,10,2,46830,152,4.6,India,0
258,87352,Bellandur,12.779045,77.693851,Private room,Serviced Apartment,2024-07-01,7,Monsoon,4195,309,302,1,0.84,26,3,109070,182,3.9,USA,0
258,87352,Bellandur,12.779045,77.693851,Private room,Serviced Apartment,2024-08-01,8,Monsoon,4037,309,302,1,0.71,22,3,88814,202,4.6,India,0
258,87352,Bellandur,12.779045,77.693851,Private room,Serviced Apartment,2024-09-01,9,Autumn,4655,309,302,1,0.44,13,1,60515,48,4.3,India,0
258,87352,Bellandur,12.779045,77.693851,Private room,Serviced Apartment,2024-10-01,10,Autumn,4868,309,302,1,0.58,18,2,87624,252,4.7,India,0
258,87352,Bellandur,12.779045,77.693851,Private room,Serviced Apartment,2024-11-01,11,Winter,4596,309,302,1,0.41,12,5,55152,316,4.9,India,0
258,87352,Bellandur,12.779045,77.693851,Private room,Serviced Apartment,2024-12-01,12,Winter,5873,309,302,1,0.93,29,4,170317,268,4.1,India,1
259,52806,Rajajinagar,12.715315,77.632806,Private room,Apartment,2024-01-01,1,Winter,5639,103,275,1,0.69,21,2,118419,326,3.7,USA,0
259,52806,Rajajinagar,12.715315,77.632806,Private room,Apartment,2024-02-01,2,Winter,4447,103,275,1,0.46,13,1,57811,131,4.2,USA,0
259,52806,Rajajinagar,12.715315,77.632806,Private room,Apartment,2024-03-01,3,Spring,5012,103,275,1,0.71,22,3,110264,40,4.4,France,0
259,52806,Rajajinagar,12.715315,77.632806,Private room,Apartment,2024-04-01,4,Spring,4976,103,275,1,0.56,17,2,84592,59,4.5,Germany,0
259,52806,Rajajinagar,12.715315,77.632806,Private room,Apartment,2024-05-01,5,Spring,4270,103,275,1,0.71,22,3,93940,155,4.6,India,0
259,52806,Rajajinagar,12.715315,77.632806,Private room,Apartment,2024-06-01,6,Summer,4565,103,275,1,0.42,13,3,59345,124,4.3,India,0
259,52806,Rajajinagar,12.715315,77.632806,Private room,Apartment,2024-07-01,7,Monsoon,4003,103,275,1,0.31,10,1,40030,293,3.8,India,0
259,52806,Rajajinagar,12.715315,77.632806,Private room,Apartment,2024-08-01,8,Monsoon,3918,103,275,1,0.62,19,3,74442,223,4.2,India,0
259,52806,Rajajinagar,12.715315,77.632806,Private room,Apartment,2024-09-01,9,Autumn,4284,103,275,1,0.42,13,3,55692,95,4.3,India,0
259,52806,Rajajinagar,12.715315,77.632806,Private room,Apartment,2024-10-01,10,Autumn,4417,103,275,1,0.87,27,3,119259,309,4.9,India,0
259,52806,Rajajinagar,12.715315,77.632806,Private room,Apartment,2024-11-01,11,Winter,4691,103,275,1,0.72,22,2,103202,2,4.1,India,0
259,52806,Rajajinagar,12.715315,77.632806,Private room,Apartment,2024-12-01,12,Winter,5364,103,275,1,0.38,12,1,64368,212,5.0,India,0
260,70613,Richmond Town,13.016103,77.640457,Entire home/apt,Independent House,2024-01-01,1,Winter,3467,112,89,3,0.49,15,2,52005,313,4.6,India,0
260,70613,Richmond Town,13.016103,77.640457,Entire home/apt,Independent House,2024-02-01,2,Winter,2893,112,89,3,0.4,12,4,34716,301,4.8,India,0
260,70613,Richmond Town,13.016103,77.640457,Entire home/apt,Independent House,2024-03-01,3,Spring,3000,112,89,3,0.51,16,3,48000,277,4.8,India,0
260,70613,Richmond Town,13.016103,77.640457,Entire home/apt,Independent House,2024-04-01,4,Spring,2999,112,89,3,0.44,13,4,38987,6,4.7,India,0
260,70613,Richmond Town,13.016103,77.640457,Entire home/apt,Independent House,2024-05-01,5,Spring,2672,112,89,3,0.47,15,2,40080,227,4.7,India,0
260,70613,Richmond Town,13.016103,77.640457,Entire home/apt,Independent House,2024-06-01,6,Summer,3253,112,89,3,0.62,19,4,61807,255,4.7,India,0
260,70613,Richmond Town,13.016103,77.640457,Entire home/apt,Independent House,2024-07-01,7,Monsoon,2664,112,89,3,0.37,11,3,29304,344,4.5,India,0
260,70613,Richmond Town,13.016103,77.640457,Entire home/apt,Independent House,2024-08-01,8,Monsoon,2553,112,89,3,0.58,18,2,45954,338,4.5,Australia,0
260,70613,Richmond Town,13.016103,77.640457,Entire home/apt,Independent House,2024-09-01,9,Autumn,2918,112,89,3,0.48,14,5,40852,323,4.5,India,0
260,70613,Richmond Town,13.016103,77.640457,Entire home/apt,Independent House,2024-10-01,10,Autumn,2598,112,89,3,0.48,15,5,38970,42,5.0,India,0
260,70613,Richmond Town,13.016103,77.640457,Entire home/apt,Independent House,2024-11-01,11,Winter,2906,112,89,3,0.53,16,2,46496,149,5.0,UK,0
260,70613,Richmond Town,13.016103,77.640457,Entire home/apt,Independent House,2024-12-01,12,Winter,3281,112,89,3,0.36,11,2,36091,239,5.0,India,0
261,31854,Richmond Town,12.840651,77.579459,Shared room,Apartment,2024-01-01,1,Winter,4204,263,225,5,0.6,19,5,79876,192,4.7,UAE,0
261,31854,Richmond Town,12.840651,77.579459,Shared room,Apartment,2024-02-01,2,Winter,3337,263,225,5,0.51,15,3,50055,63,4.4,India,0
261,31854,Richmond Town,12.840651,77.579459,Shared room,Apartment,2024-03-01,3,Spring,3961,263,225,5,0.36,11,2,43571,56,5.0,India,0
261,31854,Richmond Town,12.840651,77.579459,Shared room,Apartment,2024-04-01,4,Spring,4093,263,225,5,0.47,14,2,57302,81,4.4,UK,0
261,31854,Richmond Town,12.840651,77.579459,Shared room,Apartment,2024-05-01,5,Spring,3528,263,225,5,0.41,13,5,45864,205,4.3,India,0
261,31854,Richmond Town,12.840651,77.579459,Shared room,Apartment,2024-06-01,6,Summer,3501,263,225,5,0.77,23,2,80523,111,4.9,India,0
261,31854,Richmond Town,12.840651,77.579459,Shared room,Apartment,2024-07-01,7,Monsoon,3385,263,225,5,0.58,18,3,60930,163,4.1,UK,0
261,31854,Richmond Town,12.840651,77.579459,Shared room,Apartment,2024-08-01,8,Monsoon,3191,263,225,5,0.67,21,3,67011,340,4.0,Singapore,0
261,31854,Richmond Town,12.840651,77.579459,Shared room,Apartment,2024-09-01,9,Autumn,3682,263,225,5,0.88,26,5,95732,325,4.9,India,0
261,31854,Richmond Town,12.840651,77.579459,Shared room,Apartment,2024-10-01,10,Autumn,3837,263,225,5,0.56,17,3,65229,200,4.9,India,0
261,31854,Richmond Town,12.840651,77.579459,Shared room,Apartment,2024-11-01,11,Winter,3412,263,225,5,0.65,20,3,68240,146,4.8,France,0
261,31854,Richmond Town,12.840651,77.579459,Shared room,Apartment,2024-12-01,12,Winter,4500,263,225,5,0.73,23,2,103500,90,4.3,India,1
262,53785,Electronic City,12.962476,77.655006,Entire home/apt,Studio,2024-01-01,1,Winter,3888,314,294,5,0.63,20,2,77760,325,3.8,India,0
262,53785,Electronic City,12.962476,77.655006,Entire home/apt,Studio,2024-02-01,2,Winter,3484,314,294,5,0.61,18,3,62712,257,4.3,Netherlands,0
262,53785,Electronic City,12.962476,77.655006,Entire home/apt,Studio,2024-03-01,3,Spring,3436,314,294,5,0.56,17,3,58412,209,4.8,Canada,0
262,53785,Electronic City,12.962476,77.655006,Entire home/apt,Studio,2024-04-01,4,Spring,3711,314,294,5,0.49,15,2,55665,127,4.2,India,0
262,53785,Electronic City,12.962476,77.655006,Entire home/apt,Studio,2024-05-01,5,Spring,3406,314,294,5,0.49,15,3,51090,350,4.5,India,0
262,53785,Electronic City,12.962476,77.655006,Entire home/apt,Studio,2024-06-01,6,Summer,3299,314,294,5,0.65,20,2,65980,307,4.8,Singapore,0
262,53785,Electronic City,12.962476,77.655006,Entire home/apt,Studio,2024-07-01,7,Monsoon,2695,314,294,5,0.31,10,3,26950,282,4.3,India,0
262,53785,Electronic City,12.962476,77.655006,Entire home/apt,Studio,2024-08-01,8,Monsoon,3307,314,294,5,0.9,28,2,92596,82,5.0,India,0
262,53785,Electronic City,12.962476,77.655006,Entire home/apt,Studio,2024-09-01,9,Autumn,3237,314,294,5,0.33,10,3,32370,122,3.6,India,0
262,53785,Electronic City,12.962476,77.655006,Entire home/apt,Studio,2024-10-01,10,Autumn,3153,314,294,5,0.57,18,4,56754,102,5.0,India,0
262,53785,Electronic City,12.962476,77.655006,Entire home/apt,Studio,2024-11-01,11,Winter,3448,314,294,5,0.63,19,4,65512,105,4.1,India,0
262,53785,Electronic City,12.962476,77.655006,Entire home/apt,Studio,2024-12-01,12,Winter,3901,314,294,5,0.64,20,2,78020,350,4.8,India,0
263,33183,Electronic City,12.900086,77.483347,Entire home/apt,Villa,2024-01-01,1,Winter,5092,144,161,2,0.66,20,2,101840,35,4.1,India,1
263,33183,Electronic City,12.900086,77.483347,Entire home/apt,Villa,2024-02-01,2,Winter,3814,144,161,2,0.7,20,3,76280,266,4.4,Netherlands,0
263,33183,Electronic City,12.900086,77.483347,Entire home/apt,Villa,2024-03-01,3,Spring,4684,144,161,2,0.68,21,4,98364,36,4.3,UK,0
263,33183,Electronic City,12.900086,77.483347,Entire home/apt,Villa,2024-04-01,4,Spring,4365,144,161,2,0.61,18,5,78570,275,4.2,India,0
263,33183,Electronic City,12.900086,77.483347,Entire home/apt,Villa,2024-05-01,5,Spring,3788,144,161,2,0.71,22,3,83336,331,4.8,Netherlands,0
263,33183,Electronic City,12.900086,77.483347,Entire home/apt,Villa,2024-06-01,6,Summer,4090,144,161,2,0.83,25,3,102250,224,4.3,India,0
263,33183,Electronic City,12.900086,77.483347,Entire home/apt,Villa,2024-07-01,7,Monsoon,3907,144,161,2,0.46,14,3,54698,149,4.1,Germany,0
263,33183,Electronic City,12.900086,77.483347,Entire home/apt,Villa,2024-08-01,8,Monsoon,3222,144,161,2,0.53,16,4,51552,20,4.3,India,0
263,33183,Electronic City,12.900086,77.483347,Entire home/apt,Villa,2024-09-01,9,Autumn,4075,144,161,2,0.64,19,3,77425,261,4.0,India,0
263,33183,Electronic City,12.900086,77.483347,Entire home/apt,Villa,2024-10-01,10,Autumn,3892,144,161,2,0.54,17,2,66164,63,3.8,India,0
263,33183,Electronic City,12.900086,77.483347,Entire home/apt,Villa,2024-11-01,11,Winter,3774,144,161,2,0.48,14,3,52836,296,5.0,UK,0
263,33183,Electronic City,12.900086,77.483347,Entire home/apt,Villa,2024-12-01,12,Winter,5000,144,161,2,0.7,22,2,110000,86,3.9,India,0
264,28605,Frazer Town,13.018221,77.513025,Entire home/apt,Apartment,2024-01-01,1,Winter,5767,495,314,5,0.49,15,3,86505,133,4.7,India,0
264,28605,Frazer Town,13.018221,77.513025,Entire home/apt,Apartment,2024-02-01,2,Winter,5061,495,314,5,0.5,14,2,70854,230,4.4,India,0
264,28605,Frazer Town,13.018221,77.513025,Entire home/apt,Apartment,2024-03-01,3,Spring,5307,495,314,5,0.62,19,3,100833,304,5.0,India,0
264,28605,Frazer Town,13.018221,77.513025,Entire home/apt,Apartment,2024-04-01,4,Spring,5272,495,314,5,0.75,22,2,115984,267,4.2,India,0
264,28605,Frazer Town,13.018221,77.513025,Entire home/apt,Apartment,2024-05-01,5,Spring,4764,495,314,5,0.72,22,2,104808,189,4.9,India,0
264,28605,Frazer Town,13.018221,77.513025,Entire home/apt,Apartment,2024-06-01,6,Summer,5103,495,314,5,0.4,12,3,61236,157,4.3,Canada,0
264,28605,Frazer Town,13.018221,77.513025,Entire home/apt,Apartment,2024-07-01,7,Monsoon,4603,495,314,5,0.61,19,2,87457,324,4.1,India,0
264,28605,Frazer Town,13.018221,77.513025,Entire home/apt,Apartment,2024-08-01,8,Monsoon,4530,495,314,5,0.49,15,3,67950,344,5.0,India,0
264,28605,Frazer Town,13.018221,77.513025,Entire home/apt,Apartment,2024-09-01,9,Autumn,5241,495,314,5,0.69,21,3,110061,65,5.0,India,0
264,28605,Frazer Town,13.018221,77.513025,Entire home/apt,Apartment,2024-10-01,10,Autumn,4945,495,314,5,0.71,22,2,108790,196,5.0,India,0
264,28605,Frazer Town,13.018221,77.513025,Entire home/apt,Apartment,2024-11-01,11,Winter,4982,495,314,5,0.56,17,4,84694,298,3.8,India,0
264,28605,Frazer Town,13.018221,77.513025,Entire home/apt,Apartment,2024-12-01,12,Winter,6150,495,314,5,0.72,22,3,135300,132,4.9,India,0
265,77740,Malleshwaram,12.89079,77.720001,Shared room,Independent House,2024-01-01,1,Winter,4736,218,336,3,0.45,14,3,66304,193,4.4,Singapore,0
265,77740,Malleshwaram,12.89079,77.720001,Shared room,Independent House,2024-02-01,2,Winter,4043,218,336,3,0.62,18,2,72774,268,5.0,India,0
265,77740,Malleshwaram,12.89079,77.720001,Shared room,Independent House,2024-03-01,3,Spring,4539,218,336,3,0.5,16,2,72624,194,4.4,India,0
265,77740,Malleshwaram,12.89079,77.720001,Shared room,Independent House,2024-04-01,4,Spring,4539,218,336,3,0.4,12,4,54468,175,4.5,India,0
265,77740,Malleshwaram,12.89079,77.720001,Shared room,Independent House,2024-05-01,5,Spring,4195,218,336,3,0.56,17,2,71315,76,4.7,India,0
265,77740,Malleshwaram,12.89079,77.720001,Shared room,Independent House,2024-06-01,6,Summer,4191,218,336,3,0.26,8,3,33528,61,4.8,India,0
265,77740,Malleshwaram,12.89079,77.720001,Shared room,Independent House,2024-07-01,7,Monsoon,3560,218,336,3,0.36,11,2,39160,235,4.1,India,0
265,77740,Malleshwaram,12.89079,77.720001,Shared room,Independent House,2024-08-01,8,Monsoon,3780,218,336,3,0.5,16,3,60480,6,3.8,France,0
265,77740,Malleshwaram,12.89079,77.720001,Shared room,Independent House,2024-09-01,9,Autumn,4200,218,336,3,0.31,9,4,37800,268,4.6,UAE,0
265,77740,Malleshwaram,12.89079,77.720001,Shared room,Independent House,2024-10-01,10,Autumn,4152,218,336,3,0.66,20,3,83040,186,5.0,India,0
265,77740,Malleshwaram,12.89079,77.720001,Shared room,Independent House,2024-11-01,11,Winter,3833,218,336,3,0.52,16,1,61328,168,4.4,India,0
265,77740,Malleshwaram,12.89079,77.720001,Shared room,Independent House,2024-12-01,12,Winter,5217,218,336,3,0.56,17,2,88689,273,4.4,Australia,0
266,20413,Koramangala,12.878653,77.606885,Entire home/apt,Independent House,2024-01-01,1,Winter,3909,132,205,2,0.65,20,3,78180,233,4.9,India,0
266,20413,Koramangala,12.878653,77.606885,Entire home/apt,Independent House,2024-02-01,2,Winter,2908,132,205,2,0.49,14,2,40712,142,4.1,India,0
266,20413,Koramangala,12.878653,77.606885,Entire home/apt,Independent House,2024-03-01,3,Spring,3338,132,205,2,0.43,13,2,43394,32,5.0,UAE,0
266,20413,Koramangala,12.878653,77.606885,Entire home/apt,Independent House,2024-04-01,4,Spring,3006,132,205,2,0.63,19,2,57114,155,5.0,India,0
266,20413,Koramangala,12.878653,77.606885,Entire home/apt,Independent House,2024-05-01,5,Spring,3089,132,205,2,0.61,19,2,58691,299,4.1,UK,0
266,20413,Koramangala,12.878653,77.606885,Entire home/apt,Independent House,2024-06-01,6,Summer,2694,132,205,2,0.7,21,2,56574,50,5.0,India,0
266,20413,Koramangala,12.878653,77.606885,Entire home/apt,Independent House,2024-07-01,7,Monsoon,2586,132,205,2,0.41,13,3,33618,163,3.5,Germany,0
266,20413,Koramangala,12.878653,77.606885,Entire home/apt,Independent House,2024-08-01,8,Monsoon,2477,132,205,2,0.57,18,1,44586,244,5.0,India,0
266,20413,Koramangala,12.878653,77.606885,Entire home/apt,Independent House,2024-09-01,9,Autumn,3104,132,205,2,0.63,19,1,58976,101,4.3,India,0
266,20413,Koramangala,12.878653,77.606885,Entire home/apt,Independent House,2024-10-01,10,Autumn,2854,132,205,2,0.8,25,3,71350,306,4.6,India,0
266,20413,Koramangala,12.878653,77.606885,Entire home/apt,Independent House,2024-11-01,11,Winter,2550,132,205,2,0.48,14,3,35700,57,4.2,USA,0
266,20413,Koramangala,12.878653,77.606885,Entire home/apt,Independent House,2024-12-01,12,Winter,3603,132,205,2,0.67,21,2,75663,329,4.5,India,0
267,90532,Electronic City,13.096895,77.525524,Entire home/apt,Villa,2024-01-01,1,Winter,4119,497,332,2,0.88,27,2,111213,247,4.2,India,0
267,90532,Electronic City,13.096895,77.525524,Entire home/apt,Villa,2024-02-01,2,Winter,3424,497,332,2,0.56,16,2,54784,272,4.5,India,0
267,90532,Electronic City,13.096895,77.525524,Entire home/apt,Villa,2024-03-01,3,Spring,3835,497,332,2,0.67,21,2,80535,287,4.2,India,0
267,90532,Electronic City,13.096895,77.525524,Entire home/apt,Villa,2024-04-01,4,Spring,3523,497,332,2,0.98,29,3,102167,57,4.3,Netherlands,0
267,90532,Electronic City,13.096895,77.525524,Entire home/apt,Villa,2024-05-01,5,Spring,3546,497,332,2,0.36,11,4,39006,249,4.4,India,0
267,90532,Electronic City,13.096895,77.525524,Entire home/apt,Villa,2024-06-01,6,Summer,3382,497,332,2,0.67,20,4,67640,260,3.4,India,0
267,90532,Electronic City,13.096895,77.525524,Entire home/apt,Villa,2024-07-01,7,Monsoon,3099,497,332,2,0.43,13,2,40287,33,4.6,UK,0
267,90532,Electronic City,13.096895,77.525524,Entire home/apt,Villa,2024-08-01,8,Monsoon,2859,497,332,2,0.47,15,3,42885,48,4.4,UAE,0
267,90532,Electronic City,13.096895,77.525524,Entire home/apt,Villa,2024-09-01,9,Autumn,3197,497,332,2,0.53,16,2,51152,326,4.0,India,0
267,90532,Electronic City,13.096895,77.525524,Entire home/apt,Villa,2024-10-01,10,Autumn,3041,497,332,2,0.75,23,4,69943,99,4.0,UK,0
267,90532,Electronic City,13.096895,77.525524,Entire home/apt,Villa,2024-11-01,11,Winter,3372,497,332,2,0.71,21,2,70812,256,4.3,India,0
267,90532,Electronic City,13.096895,77.525524,Entire home/apt,Villa,2024-12-01,12,Winter,4093,497,332,2,0.63,20,3,81860,241,4.9,India,0
268,89891,Hebbal,12.928403,77.496379,Entire home/apt,Serviced Apartment,2024-01-01,1,Winter,2274,277,167,2,0.46,14,3,31836,80,4.5,India,0
268,89891,Hebbal,12.928403,77.496379,Entire home/apt,Serviced Apartment,2024-02-01,2,Winter,1926,277,167,2,0.45,13,2,25038,304,3.9,UK,0
268,89891,Hebbal,12.928403,77.496379,Entire home/apt,Serviced Apartment,2024-03-01,3,Spring,2320,277,167,2,0.67,21,3,48720,137,4.1,India,0
268,89891,Hebbal,12.928403,77.496379,Entire home/apt,Serviced Apartment,2024-04-01,4,Spring,2181,277,167,2,0.59,18,2,39258,155,5.0,India,0
268,89891,Hebbal,12.928403,77.496379,Entire home/apt,Serviced Apartment,2024-05-01,5,Spring,1798,277,167,2,0.49,15,2,26970,181,4.6,France,0
268,89891,Hebbal,12.928403,77.496379,Entire home/apt,Serviced Apartment,2024-06-01,6,Summer,2076,277,167,2,0.14,4,2,8304,157,4.7,India,0
268,89891,Hebbal,12.928403,77.496379,Entire home/apt,Serviced Apartment,2024-07-01,7,Monsoon,2189,277,167,2,0.53,16,2,35024,213,4.1,India,0
268,89891,Hebbal,12.928403,77.496379,Entire home/apt,Serviced Apartment,2024-08-01,8,Monsoon,1784,277,167,2,0.78,24,4,42816,28,4.9,Canada,0
268,89891,Hebbal,12.928403,77.496379,Entire home/apt,Serviced Apartment,2024-09-01,9,Autumn,2224,277,167,2,0.57,17,2,37808,71,4.2,Netherlands,0
268,89891,Hebbal,12.928403,77.496379,Entire home/apt,Serviced Apartment,2024-10-01,10,Autumn,2056,277,167,2,0.5,16,3,32896,9,4.7,Germany,0
268,89891,Hebbal,12.928403,77.496379,Entire home/apt,Serviced Apartment,2024-11-01,11,Winter,2397,277,167,2,0.68,20,3,47940,131,3.9,India,0
268,89891,Hebbal,12.928403,77.496379,Entire home/apt,Serviced Apartment,2024-12-01,12,Winter,2664,277,167,2,0.62,19,2,50616,164,4.7,India,0
269,83147,Residency Road,12.995607,77.689242,Entire home/apt,Serviced Apartment,2024-01-01,1,Winter,3175,737,220,1,0.39,12,1,38100,82,4.6,India,0
269,83147,Residency Road,12.995607,77.689242,Entire home/apt,Serviced Apartment,2024-02-01,2,Winter,3167,737,220,1,0.43,12,3,38004,240,4.4,Canada,0
269,83147,Residency Road,12.995607,77.689242,Entire home/apt,Serviced Apartment,2024-03-01,3,Spring,3233,737,220,1,0.55,17,4,54961,337,4.4,India,0
269,83147,Residency Road,12.995607,77.689242,Entire home/apt,Serviced Apartment,2024-04-01,4,Spring,3131,737,220,1,0.6,18,5,56358,249,4.9,India,0
269,83147,Residency Road,12.995607,77.689242,Entire home/apt,Serviced Apartment,2024-05-01,5,Spring,3002,737,220,1,0.6,19,5,57038,300,4.6,India,0
269,83147,Residency Road,12.995607,77.689242,Entire home/apt,Serviced Apartment,2024-06-01,6,Summer,2786,737,220,1,0.63,19,2,52934,327,4.5,India,0
269,83147,Residency Road,12.995607,77.689242,Entire home/apt,Serviced Apartment,2024-07-01,7,Monsoon,2469,737,220,1,0.74,23,3,56787,224,5.0,UAE,0
269,83147,Residency Road,12.995607,77.689242,Entire home/apt,Serviced Apartment,2024-08-01,8,Monsoon,2168,737,220,1,0.56,17,2,36856,68,4.2,Singapore,0
269,83147,Residency Road,12.995607,77.689242,Entire home/apt,Serviced Apartment,2024-09-01,9,Autumn,2682,737,220,1,0.62,19,1,50958,211,4.8,France,0
269,83147,Residency Road,12.995607,77.689242,Entire home/apt,Serviced Apartment,2024-10-01,10,Autumn,2722,737,220,1,0.27,8,4,21776,301,4.1,India,0
269,83147,Residency Road,12.995607,77.689242,Entire home/apt,Serviced Apartment,2024-11-01,11,Winter,2923,737,220,1,0.15,4,1,11692,125,5.0,India,0
269,83147,Residency Road,12.995607,77.689242,Entire home/apt,Serviced Apartment,2024-12-01,12,Winter,3534,737,220,1,0.75,23,3,81282,338,4.4,India,0
270,48196,Indiranagar,12.756187,77.680972,Private room,Villa,2024-01-01,1,Winter,1536,364,264,5,0.74,23,3,35328,109,4.2,India,0
270,48196,Indiranagar,12.756187,77.680972,Private room,Villa,2024-02-01,2,Winter,1043,364,264,5,0.52,15,2,15645,170,4.2,India,0
270,48196,Indiranagar,12.756187,77.680972,Private room,Villa,2024-03-01,3,Spring,1319,364,264,5,0.42,13,5,17147,132,4.1,India,0
270,48196,Indiranagar,12.756187,77.680972,Private room,Villa,2024-04-01,4,Spring,908,364,264,5,0.38,11,3,9988,11,4.6,India,0
270,48196,Indiranagar,12.756187,77.680972,Private room,Villa,2024-05-01,5,Spring,1258,364,264,5,0.57,18,3,22644,218,3.9,India,0
270,48196,Indiranagar,12.756187,77.680972,Private room,Villa,2024-06-01,6,Summer,1193,364,264,5,0.85,26,2,31018,24,4.2,France,0
270,48196,Indiranagar,12.756187,77.680972,Private room,Villa,2024-07-01,7,Monsoon,828,364,264,5,0.68,21,1,17388,262,5.0,India,0
270,48196,Indiranagar,12.756187,77.680972,Private room,Villa,2024-08-01,8,Monsoon,820,364,264,5,0.4,12,3,9840,16,4.8,Canada,0
270,48196,Indiranagar,12.756187,77.680972,Private room,Villa,2024-09-01,9,Autumn,1185,364,264,5,0.6,18,4,21330,167,4.3,Germany,0
270,48196,Indiranagar,12.756187,77.680972,Private room,Villa,2024-10-01,10,Autumn,1224,364,264,5,0.68,21,2,25704,294,4.2,India,1
270,48196,Indiranagar,12.756187,77.680972,Private room,Villa,2024-11-01,11,Winter,1035,364,264,5,0.4,12,1,12420,47,4.8,Netherlands,0
270,48196,Indiranagar,12.756187,77.680972,Private room,Villa,2024-12-01,12,Winter,1230,364,264,5,0.53,16,3,19680,272,4.5,India,0
271,21498,Ulsoor,13.068999,77.633009,Shared room,Apartment,2024-01-01,1,Winter,4553,434,300,3,0.52,16,2,72848,77,4.8,India,1
271,21498,Ulsoor,13.068999,77.633009,Shared room,Apartment,2024-02-01,2,Winter,3628,434,300,3,0.48,14,3,50792,173,4.5,India,0
271,21498,Ulsoor,13.068999,77.633009,Shared room,Apartment,2024-03-01,3,Spring,3873,434,300,3,0.62,19,3,73587,221,4.4,Singapore,0
271,21498,Ulsoor,13.068999,77.633009,Shared room,Apartment,2024-04-01,4,Spring,3824,434,300,3,0.84,25,2,95600,150,4.9,India,0
271,21498,Ulsoor,13.068999,77.633009,Shared room,Apartment,2024-05-01,5,Spring,3396,434,300,3,0.63,20,4,67920,9,4.5,India,0
271,21498,Ulsoor,13.068999,77.633009,Shared room,Apartment,2024-06-01,6,Summer,3626,434,300,3,0.56,17,2,61642,77,5.0,India,0
271,21498,Ulsoor,13.068999,77.633009,Shared room,Apartment,2024-07-01,7,Monsoon,3262,434,300,3,0.53,16,2,52192,345,4.9,UK,0
271,21498,Ulsoor,13.068999,77.633009,Shared room,Apartment,2024-08-01,8,Monsoon,3239,434,300,3,0.56,17,3,55063,334,4.6,India,0
271,21498,Ulsoor,13.068999,77.633009,Shared room,Apartment,2024-09-01,9,Autumn,3530,434,300,3,0.54,16,3,56480,294,4.3,UAE,0
271,21498,Ulsoor,13.068999,77.633009,Shared room,Apartment,2024-10-01,10,Autumn,3398,434,300,3,0.39,12,4,40776,295,3.9,India,0
271,21498,Ulsoor,13.068999,77.633009,Shared room,Apartment,2024-11-01,11,Winter,3373,434,300,3,0.52,16,2,53968,92,4.5,India,0
271,21498,Ulsoor,13.068999,77.633009,Shared room,Apartment,2024-12-01,12,Winter,4381,434,300,3,0.19,6,3,26286,20,5.0,UK,0
272,19078,Yeshwanthpur,13.048222,77.72854,Entire home/apt,Independent House,2024-01-01,1,Winter,6384,366,235,2,0.41,13,2,82992,138,5.0,India,0
272,19078,Yeshwanthpur,13.048222,77.72854,Entire home/apt,Independent House,2024-02-01,2,Winter,4610,366,235,2,0.59,17,3,78370,13,4.0,India,0
272,19078,Yeshwanthpur,13.048222,77.72854,Entire home/apt,Independent House,2024-03-01,3,Spring,5285,366,235,2,0.62,19,4,100415,225,4.4,India,0
272,19078,Yeshwanthpur,13.048222,77.72854,Entire home/apt,Independent House,2024-04-01,4,Spring,5425,366,235,2,0.57,17,4,92225,13,4.3,India,0
272,19078,Yeshwanthpur,13.048222,77.72854,Entire home/apt,Independent House,2024-05-01,5,Spring,4690,366,235,2,0.68,21,3,98490,106,4.2,India,0
272,19078,Yeshwanthpur,13.048222,77.72854,Entire home/apt,Independent House,2024-06-01,6,Summer,4986,366,235,2,0.74,22,2,109692,204,3.8,India,0
272,19078,Yeshwanthpur,13.048222,77.72854,Entire home/apt,Independent House,2024-07-01,7,Monsoon,4548,366,235,2,0.87,27,3,122796,302,4.6,Germany,0
272,19078,Yeshwanthpur,13.048222,77.72854,Entire home/apt,Independent House,2024-08-01,8,Monsoon,4441,366,235,2,0.71,22,1,97702,89,4.4,India,0
272,19078,Yeshwanthpur,13.048222,77.72854,Entire home/apt,Independent House,2024-09-01,9,Autumn,4839,366,235,2,0.36,11,3,53229,264,4.6,India,0
272,19078,Yeshwanthpur,13.048222,77.72854,Entire home/apt,Independent House,2024-10-01,10,Autumn,4902,366,235,2,0.63,20,3,98040,61,4.9,Canada,0
272,19078,Yeshwanthpur,13.048222,77.72854,Entire home/apt,Independent House,2024-11-01,11,Winter,4649,366,235,2,0.48,14,2,65086,162,5.0,India,0
272,19078,Yeshwanthpur,13.048222,77.72854,Entire home/apt,Independent House,2024-12-01,12,Winter,5973,366,235,2,0.59,18,2,107514,46,4.5,Germany,0
273,43460,Brigade Road,12.744797,77.587086,Entire home/apt,Serviced Apartment,2024-01-01,1,Winter,3036,543,284,1,0.4,12,2,36432,158,4.3,France,0
273,43460,Brigade Road,12.744797,77.587086,Entire home/apt,Serviced Apartment,2024-02-01,2,Winter,2113,543,284,1,0.47,14,4,29582,153,4.1,India,0
273,43460,Brigade Road,12.744797,77.587086,Entire home/apt,Serviced Apartment,2024-03-01,3,Spring,2887,543,284,1,0.47,15,3,43305,333,4.9,India,0
273,43460,Brigade Road,12.744797,77.587086,Entire home/apt,Serviced Apartment,2024-04-01,4,Spring,3043,543,284,1,0.69,21,2,63903,241,4.4,India,0
273,43460,Brigade Road,12.744797,77.587086,Entire home/apt,Serviced Apartment,2024-05-01,5,Spring,2541,543,284,1,0.34,11,5,27951,331,4.4,UAE,0
273,43460,Brigade Road,12.744797,77.587086,Entire home/apt,Serviced Apartment,2024-06-01,6,Summer,2341,543,284,1,0.68,20,1,46820,127,5.0,India,0
273,43460,Brigade Road,12.744797,77.587086,Entire home/apt,Serviced Apartment,2024-07-01,7,Monsoon,2360,543,284,1,0.27,8,1,18880,265,4.4,India,0
273,43460,Brigade Road,12.744797,77.587086,Entire home/apt,Serviced Apartment,2024-08-01,8,Monsoon,2285,543,284,1,0.58,18,3,41130,19,4.2,India,0
273,43460,Brigade Road,12.744797,77.587086,Entire home/apt,Serviced Apartment,2024-09-01,9,Autumn,2562,543,284,1,0.39,12,4,30744,338,4.1,India,0
273,43460,Brigade Road,12.744797,77.587086,Entire home/apt,Serviced Apartment,2024-10-01,10,Autumn,2642,543,284,1,0.42,13,3,34346,80,4.7,India,0
273,43460,Brigade Road,12.744797,77.587086,Entire home/apt,Serviced Apartment,2024-11-01,11,Winter,2240,543,284,1,0.84,25,3,56000,77,4.2,USA,0
273,43460,Brigade Road,12.744797,77.587086,Entire home/apt,Serviced Apartment,2024-12-01,12,Winter,3097,543,284,1,0.62,19,4,58843,92,4.3,India,0
274,31282,Indiranagar,12.899022,77.541819,Entire home/apt,Villa,2024-01-01,1,Winter,4782,386,244,1,0.72,22,3,105204,169,4.4,India,0
274,31282,Indiranagar,12.899022,77.541819,Entire home/apt,Villa,2024-02-01,2,Winter,3643,386,244,1,0.95,28,3,102004,73,4.9,UAE,0
274,31282,Indiranagar,12.899022,77.541819,Entire home/apt,Villa,2024-03-01,3,Spring,3855,386,244,1,0.61,19,1,73245,193,4.4,UK,0
274,31282,Indiranagar,12.899022,77.541819,Entire home/apt,Villa,2024-04-01,4,Spring,4012,386,244,1,0.42,13,3,52156,86,4.3,India,0
274,31282,Indiranagar,12.899022,77.541819,Entire home/apt,Villa,2024-05-01,5,Spring,4034,386,244,1,0.69,21,1,84714,114,3.5,India,0
274,31282,Indiranagar,12.899022,77.541819,Entire home/apt,Villa,2024-06-01,6,Summer,3915,386,244,1,0.76,23,5,90045,57,4.4,Canada,0
274,31282,Indiranagar,12.899022,77.541819,Entire home/apt,Villa,2024-07-01,7,Monsoon,3447,386,244,1,0.47,15,2,51705,212,4.3,Australia,0
274,31282,Indiranagar,12.899022,77.541819,Entire home/apt,Villa,2024-08-01,8,Monsoon,3603,386,244,1,0.56,17,3,61251,68,3.8,Australia,0
274,31282,Indiranagar,12.899022,77.541819,Entire home/apt,Villa,2024-09-01,9,Autumn,3660,386,244,1,0.59,18,4,65880,0,5.0,India,0
274,31282,Indiranagar,12.899022,77.541819,Entire home/apt,Villa,2024-10-01,10,Autumn,3674,386,244,1,0.54,17,2,62458,131,4.9,India,0
274,31282,Indiranagar,12.899022,77.541819,Entire home/apt,Villa,2024-11-01,11,Winter,3696,386,244,1,0.49,15,2,55440,314,5.0,India,0
274,31282,Indiranagar,12.899022,77.541819,Entire home/apt,Villa,2024-12-01,12,Winter,4628,386,244,1,0.6,19,1,87932,252,4.6,USA,0
275,35727,Jayanagar,12.787724,77.488942,Private room,Independent House,2024-01-01,1,Winter,2768,220,122,1,0.51,16,3,44288,144,5.0,Singapore,0
275,35727,Jayanagar,12.787724,77.488942,Private room,Independent House,2024-02-01,2,Winter,2258,220,122,1,0.67,19,2,42902,94,4.5,USA,0
275,35727,Jayanagar,12.787724,77.488942,Private room,Independent House,2024-03-01,3,Spring,2647,220,122,1,0.6,19,2,50293,236,4.5,India,0
275,35727,Jayanagar,12.787724,77.488942,Private room,Independent House,2024-04-01,4,Spring,2434,220,122,1,0.4,12,3,29208,295,4.7,Netherlands,0
275,35727,Jayanagar,12.787724,77.488942,Private room,Independent House,2024-05-01,5,Spring,2207,220,122,1,0.47,15,2,33105,67,4.9,India,0
275,35727,Jayanagar,12.787724,77.488942,Private room,Independent House,2024-06-01,6,Summer,1965,220,122,1,0.48,14,2,27510,74,4.9,India,0
275,35727,Jayanagar,12.787724,77.488942,Private room,Independent House,2024-07-01,7,Monsoon,2056,220,122,1,0.54,17,4,34952,17,4.6,USA,0
275,35727,Jayanagar,12.787724,77.488942,Private room,Independent House,2024-08-01,8,Monsoon,2028,220,122,1,0.32,10,3,20280,323,4.4,India,0
275,35727,Jayanagar,12.787724,77.488942,Private room,Independent House,2024-09-01,9,Autumn,2538,220,122,1,0.44,13,2,32994,93,4.4,India,0
275,35727,Jayanagar,12.787724,77.488942,Private room,Independent House,2024-10-01,10,Autumn,2107,220,122,1,0.53,16,3,33712,121,4.3,India,0
275,35727,Jayanagar,12.787724,77.488942,Private room,Independent House,2024-11-01,11,Winter,2312,220,122,1,0.57,17,3,39304,247,4.8,Australia,0
275,35727,Jayanagar,12.787724,77.488942,Private room,Independent House,2024-12-01,12,Winter,2558,220,122,1,0.49,15,2,38370,295,4.4,India,0
276,69400,Richmond Town,12.805122,77.581959,Private room,Studio,2024-01-01,1,Winter,5240,181,252,3,0.71,22,5,115280,95,4.1,India,0
276,69400,Richmond Town,12.805122,77.581959,Private room,Studio,2024-02-01,2,Winter,3948,181,252,3,0.45,13,2,51324,281,5.0,India,0
276,69400,Richmond Town,12.805122,77.581959,Private room,Studio,2024-03-01,3,Spring,4365,181,252,3,0.78,24,1,104760,175,4.0,UK,0
276,69400,Richmond Town,12.805122,77.581959,Private room,Studio,2024-04-01,4,Spring,4253,181,252,3,0.43,13,2,55289,187,4.2,India,0
276,69400,Richmond Town,12.805122,77.581959,Private room,Studio,2024-05-01,5,Spring,3993,181,252,3,0.42,13,1,51909,278,4.2,India,0
276,69400,Richmond Town,12.805122,77.581959,Private room,Studio,2024-06-01,6,Summer,4277,181,252,3,0.71,21,2,89817,234,4.9,France,0
276,69400,Richmond Town,12.805122,77.581959,Private room,Studio,2024-07-01,7,Monsoon,3745,181,252,3,0.54,17,2,63665,151,4.3,India,0
276,69400,Richmond Town,12.805122,77.581959,Private room,Studio,2024-08-01,8,Monsoon,3451,181,252,3,0.58,18,2,62118,231,4.0,India,0
276,69400,Richmond Town,12.805122,77.581959,Private room,Studio,2024-09-01,9,Autumn,3848,181,252,3,0.7,21,5,80808,42,5.0,Canada,0
276,69400,Richmond Town,12.805122,77.581959,Private room,Studio,2024-10-01,10,Autumn,4124,181,252,3,0.69,21,5,86604,93,4.4,India,0
276,69400,Richmond Town,12.805122,77.581959,Private room,Studio,2024-11-01,11,Winter,3779,181,252,3,0.62,19,5,71801,99,4.7,India,0
276,69400,Richmond Town,12.805122,77.581959,Private room,Studio,2024-12-01,12,Winter,5071,181,252,3,0.49,15,3,76065,8,4.9,India,0
277,78888,Richmond Town,13.011975,77.618865,Entire home/apt,Apartment,2024-01-01,1,Winter,2695,183,352,3,0.54,17,3,45815,271,4.1,India,0
277,78888,Richmond Town,13.011975,77.618865,Entire home/apt,Apartment,2024-02-01,2,Winter,2181,183,352,3,0.42,12,3,26172,325,4.4,India,0
277,78888,Richmond Town,13.011975,77.618865,Entire home/apt,Apartment,2024-03-01,3,Spring,2251,183,352,3,0.54,17,3,38267,77,5.0,India,0
277,78888,Richmond Town,13.011975,77.618865,Entire home/apt,Apartment,2024-04-01,4,Spring,2575,183,352,3,0.76,23,5,59225,217,5.0,Australia,0
277,78888,Richmond Town,13.011975,77.618865,Entire home/apt,Apartment,2024-05-01,5,Spring,2472,183,352,3,0.54,17,2,42024,205,4.5,India,0
277,78888,Richmond Town,13.011975,77.618865,Entire home/apt,Apartment,2024-06-01,6,Summer,2469,183,352,3,0.47,14,4,34566,215,3.7,UAE,0
277,78888,Richmond Town,13.011975,77.618865,Entire home/apt,Apartment,2024-07-01,7,Monsoon,2183,183,352,3,0.36,11,2,24013,69,4.1,USA,0
277,78888,Richmond Town,13.011975,77.618865,Entire home/apt,Apartment,2024-08-01,8,Monsoon,2085,183,352,3,0.51,16,2,33360,38,3.9,India,0
277,78888,Richmond Town,13.011975,77.618865,Entire home/apt,Apartment,2024-09-01,9,Autumn,2350,183,352,3,0.67,20,3,47000,159,4.0,India,0
277,78888,Richmond Town,13.011975,77.618865,Entire home/apt,Apartment,2024-10-01,10,Autumn,2571,183,352,3,0.29,9,3,23139,304,5.0,Canada,1
277,78888,Richmond Town,13.011975,77.618865,Entire home/apt,Apartment,2024-11-01,11,Winter,2235,183,352,3,0.55,16,2,35760,73,3.7,India,0
277,78888,Richmond Town,13.011975,77.618865,Entire home/apt,Apartment,2024-12-01,12,Winter,2884,183,352,3,0.56,17,2,49028,124,4.5,India,0
278,64920,Malleshwaram,12.936567,77.524572,Entire home/apt,Independent House,2024-01-01,1,Winter,3756,158,221,2,0.53,16,4,60096,63,5.0,USA,0
278,64920,Malleshwaram,12.936567,77.524572,Entire home/apt,Independent House,2024-02-01,2,Winter,2719,158,221,2,0.46,13,3,35347,105,4.8,India,0
278,64920,Malleshwaram,12.936567,77.524572,Entire home/apt,Independent House,2024-03-01,3,Spring,2782,158,221,2,0.35,11,3,30602,167,4.9,India,0
278,64920,Malleshwaram,12.936567,77.524572,Entire home/apt,Independent House,2024-04-01,4,Spring,2872,158,221,2,0.26,8,2,22976,159,5.0,India,0
278,64920,Malleshwaram,12.936567,77.524572,Entire home/apt,Independent House,2024-05-01,5,Spring,2546,158,221,2,0.56,17,3,43282,306,4.5,India,0
278,64920,Malleshwaram,12.936567,77.524572,Entire home/apt,Independent House,2024-06-01,6,Summer,2262,158,221,2,0.49,15,3,33930,152,4.7,France,0
278,64920,Malleshwaram,12.936567,77.524572,Entire home/apt,Independent House,2024-07-01,7,Monsoon,2611,158,221,2,0.66,20,3,52220,312,4.3,India,0
278,64920,Malleshwaram,12.936567,77.524572,Entire home/apt,Independent House,2024-08-01,8,Monsoon,2683,158,221,2,0.43,13,1,34879,174,3.9,Singapore,0
278,64920,Malleshwaram,12.936567,77.524572,Entire home/apt,Independent House,2024-09-01,9,Autumn,2565,158,221,2,0.31,9,4,23085,20,4.9,India,0
278,64920,Malleshwaram,12.936567,77.524572,Entire home/apt,Independent House,2024-10-01,10,Autumn,2522,158,221,2,0.57,18,4,45396,57,4.4,India,0
278,64920,Malleshwaram,12.936567,77.524572,Entire home/apt,Independent House,2024-11-01,11,Winter,2804,158,221,2,0.73,22,2,61688,249,4.3,UK,0
278,64920,Malleshwaram,12.936567,77.524572,Entire home/apt,Independent House,2024-12-01,12,Winter,3652,158,221,2,0.53,16,2,58432,52,4.4,India,0
279,88518,Rajajinagar,12.796517,77.70499,Entire home/apt,Serviced Apartment,2024-01-01,1,Winter,8080,83,295,1,0.64,20,3,161600,143,4.3,Australia,0
279,88518,Rajajinagar,12.796517,77.70499,Entire home/apt,Serviced Apartment,2024-02-01,2,Winter,6584,83,295,1,0.27,8,4,52672,327,4.3,India,0
279,88518,Rajajinagar,12.796517,77.70499,Entire home/apt,Serviced Apartment,2024-03-01,3,Spring,6643,83,295,1,0.6,19,2,126217,128,4.1,Netherlands,0
279,88518,Rajajinagar,12.796517,77.70499,Entire home/apt,Serviced Apartment,2024-04-01,4,Spring,6970,83,295,1,0.51,15,1,104550,51,4.3,USA,0
279,88518,Rajajinagar,12.796517,77.70499,Entire home/apt,Serviced Apartment,2024-05-01,5,Spring,6336,83,295,1,0.5,16,2,101376,299,4.1,India,0
279,88518,Rajajinagar,12.796517,77.70499,Entire home/apt,Serviced Apartment,2024-06-01,6,Summer,6819,83,295,1,0.47,14,3,95466,340,3.6,India,0
279,88518,Rajajinagar,12.796517,77.70499,Entire home/apt,Serviced Apartment,2024-07-01,7,Monsoon,5465,83,295,1,0.35,11,5,60115,249,4.8,India,0
279,88518,Rajajinagar,12.796517,77.70499,Entire home/apt,Serviced Apartment,2024-08-01,8,Monsoon,5697,83,295,1,0.6,19,4,108243,192,4.4,India,0
279,88518,Rajajinagar,12.796517,77.70499,Entire home/apt,Serviced Apartment,2024-09-01,9,Autumn,6204,83,295,1,0.49,15,4,93060,341,4.5,India,0
279,88518,Rajajinagar,12.796517,77.70499,Entire home/apt,Serviced Apartment,2024-10-01,10,Autumn,6426,83,295,1,0.59,18,3,115668,302,4.7,France,0
279,88518,Rajajinagar,12.796517,77.70499,Entire home/apt,Serviced Apartment,2024-11-01,11,Winter,6358,83,295,1,0.68,20,1,127160,48,4.6,India,0
279,88518,Rajajinagar,12.796517,77.70499,Entire home/apt,Serviced Apartment,2024-12-01,12,Winter,7894,83,295,1,0.72,22,3,173668,184,4.2,India,0
280,89142,Kalyan Nagar,13.026113,77.665487,Entire home/apt,Serviced Apartment,2024-01-01,1,Winter,3127,122,315,1,0.24,7,4,21889,321,4.7,USA,0
280,89142,Kalyan Nagar,13.026113,77.665487,Entire home/apt,Serviced Apartment,2024-02-01,2,Winter,2452,122,315,1,0.68,20,4,49040,110,4.2,India,0
280,89142,Kalyan Nagar,13.026113,77.665487,Entire home/apt,Serviced Apartment,2024-03-01,3,Spring,2680,122,315,1,0.68,21,1,56280,168,5.0,India,0
280,89142,Kalyan Nagar,13.026113,77.665487,Entire home/apt,Serviced Apartment,2024-04-01,4,Spring,2584,122,315,1,0.54,16,4,41344,14,4.6,USA,0
280,89142,Kalyan Nagar,13.026113,77.665487,Entire home/apt,Serviced Apartment,2024-05-01,5,Spring,2547,122,315,1,0.47,15,4,38205,129,5.0,India,0
280,89142,Kalyan Nagar,13.026113,77.665487,Entire home/apt,Serviced Apartment,2024-06-01,6,Summer,2096,122,315,1,0.45,14,3,29344,180,4.7,Netherlands,0
280,89142,Kalyan Nagar,13.026113,77.665487,Entire home/apt,Serviced Apartment,2024-07-01,7,Monsoon,2316,122,315,1,0.72,22,2,50952,228,5.0,UK,0
280,89142,Kalyan Nagar,13.026113,77.665487,Entire home/apt,Serviced Apartment,2024-08-01,8,Monsoon,2168,122,315,1,0.71,22,2,47696,325,4.2,India,0
280,89142,Kalyan Nagar,13.026113,77.665487,Entire home/apt,Serviced Apartment,2024-09-01,9,Autumn,2659,122,315,1,0.79,24,3,63816,107,5.0,India,0
280,89142,Kalyan Nagar,13.026113,77.665487,Entire home/apt,Serviced Apartment,2024-10-01,10,Autumn,2494,122,315,1,0.46,14,4,34916,331,3.9,India,0
280,89142,Kalyan Nagar,13.026113,77.665487,Entire home/apt,Serviced Apartment,2024-11-01,11,Winter,2535,122,315,1,0.35,10,2,25350,88,4.2,Australia,0
280,89142,Kalyan Nagar,13.026113,77.665487,Entire home/apt,Serviced Apartment,2024-12-01,12,Winter,2853,122,315,1,0.45,14,4,39942,170,4.5,India,0
281,39828,Yeshwanthpur,13.031473,77.480389,Private room,Serviced Apartment,2024-01-01,1,Winter,4998,209,240,5,0.53,16,3,79968,195,4.2,India,0
281,39828,Yeshwanthpur,13.031473,77.480389,Private room,Serviced Apartment,2024-02-01,2,Winter,3873,209,240,5,0.85,25,2,96825,172,4.6,Germany,0
281,39828,Yeshwanthpur,13.031473,77.480389,Private room,Serviced Apartment,2024-03-01,3,Spring,4138,209,240,5,0.33,10,4,41380,81,4.4,Canada,0
281,39828,Yeshwanthpur,13.031473,77.480389,Private room,Serviced Apartment,2024-04-01,4,Spring,4256,209,240,5,0.5,15,2,63840,57,3.8,India,0
281,39828,Yeshwanthpur,13.031473,77.480389,Private room,Serviced Apartment,2024-05-01,5,Spring,3658,209,240,5,0.78,24,2,87792,259,5.0,USA,0
281,39828,Yeshwanthpur,13.031473,77.480389,Private room,Serviced Apartment,2024-06-01,6,Summer,3651,209,240,5,0.66,20,3,73020,286,4.0,India,0
281,39828,Yeshwanthpur,13.031473,77.480389,Private room,Serviced Apartment,2024-07-01,7,Monsoon,3725,209,240,5,0.59,18,2,67050,38,4.9,India,0
281,39828,Yeshwanthpur,13.031473,77.480389,Private room,Serviced Apartment,2024-08-01,8,Monsoon,3102,209,240,5,0.66,20,1,62040,306,4.5,UAE,0
281,39828,Yeshwanthpur,13.031473,77.480389,Private room,Serviced Apartment,2024-09-01,9,Autumn,3998,209,240,5,0.69,21,3,83958,134,4.5,India,0
281,39828,Yeshwanthpur,13.031473,77.480389,Private room,Serviced Apartment,2024-10-01,10,Autumn,3708,209,240,5,0.67,21,2,77868,181,4.5,India,0
281,39828,Yeshwanthpur,13.031473,77.480389,Private room,Serviced Apartment,2024-11-01,11,Winter,3654,209,240,5,0.42,13,2,47502,150,3.9,India,0
281,39828,Yeshwanthpur,13.031473,77.480389,Private room,Serviced Apartment,2024-12-01,12,Winter,4683,209,240,5,0.72,22,5,103026,165,4.6,Netherlands,0
282,15344,Frazer Town,12.919195,77.650256,Entire home/apt,Serviced Apartment,2024-01-01,1,Winter,3414,420,194,2,0.61,19,2,64866,115,4.4,India,0
282,15344,Frazer Town,12.919195,77.650256,Entire home/apt,Serviced Apartment,2024-02-01,2,Winter,3019,420,194,2,0.36,10,2,30190,151,4.2,India,0
282,15344,Frazer Town,12.919195,77.650256,Entire home/apt,Serviced Apartment,2024-03-01,3,Spring,2823,420,194,2,0.56,17,1,47991,313,5.0,India,0
282,15344,Frazer Town,12.919195,77.650256,Entire home/apt,Serviced Apartment,2024-04-01,4,Spring,3049,420,194,2,0.52,16,2,48784,284,4.8,India,0
282,15344,Frazer Town,12.919195,77.650256,Entire home/apt,Serviced Apartment,2024-05-01,5,Spring,3077,420,194,2,0.59,18,3,55386,211,4.8,India,0
282,15344,Frazer Town,12.919195,77.650256,Entire home/apt,Serviced Apartment,2024-06-01,6,Summer,2649,420,194,2,0.81,24,3,63576,204,5.0,India,0
282,15344,Frazer Town,12.919195,77.650256,Entire home/apt,Serviced Apartment,2024-07-01,7,Monsoon,2681,420,194,2,0.29,9,4,24129,198,4.3,USA,0
282,15344,Frazer Town,12.919195,77.650256,Entire home/apt,Serviced Apartment,2024-08-01,8,Monsoon,2699,420,194,2,0.54,17,3,45883,186,5.0,Germany,0
282,15344,Frazer Town,12.919195,77.650256,Entire home/apt,Serviced Apartment,2024-09-01,9,Autumn,2981,420,194,2,0.49,15,2,44715,189,4.5,India,0
282,15344,Frazer Town,12.919195,77.650256,Entire home/apt,Serviced Apartment,2024-10-01,10,Autumn,2686,420,194,2,0.57,18,4,48348,120,4.3,India,0
282,15344,Frazer Town,12.919195,77.650256,Entire home/apt,Serviced Apartment,2024-11-01,11,Winter,3098,420,194,2,0.92,28,5,86744,68,3.9,India,0
282,15344,Frazer Town,12.919195,77.650256,Entire home/apt,Serviced Apartment,2024-12-01,12,Winter,3196,420,194,2,0.56,17,4,54332,126,3.9,Germany,0
283,22664,Brigade Road,12.983342,77.610608,Entire home/apt,Studio,2024-01-01,1,Winter,4741,412,196,3,0.6,19,3,90079,330,4.4,Netherlands,0
283,22664,Brigade Road,12.983342,77.610608,Entire home/apt,Studio,2024-02-01,2,Winter,3160,412,196,3,0.58,17,2,53720,137,4.5,India,0
283,22664,Brigade Road,12.983342,77.610608,Entire home/apt,Studio,2024-03-01,3,Spring,4037,412,196,3,0.47,15,1,60555,316,4.3,India,0
283,22664,Brigade Road,12.983342,77.610608,Entire home/apt,Studio,2024-04-01,4,Spring,3615,412,196,3,0.23,7,3,25305,33,4.1,Canada,0
283,22664,Brigade Road,12.983342,77.610608,Entire home/apt,Studio,2024-05-01,5,Spring,3241,412,196,3,0.62,19,2,61579,286,4.3,India,0
283,22664,Brigade Road,12.983342,77.610608,Entire home/apt,Studio,2024-06-01,6,Summer,3448,412,196,3,0.42,13,3,44824,177,3.2,India,0
283,22664,Brigade Road,12.983342,77.610608,Entire home/apt,Studio,2024-07-01,7,Monsoon,3500,412,196,3,0.42,13,3,45500,32,4.3,India,0
283,22664,Brigade Road,12.983342,77.610608,Entire home/apt,Studio,2024-08-01,8,Monsoon,2909,412,196,3,0.72,22,1,63998,141,4.6,India,0
283,22664,Brigade Road,12.983342,77.610608,Entire home/apt,Studio,2024-09-01,9,Autumn,3390,412,196,3,0.51,15,4,50850,14,5.0,USA,0
283,22664,Brigade Road,12.983342,77.610608,Entire home/apt,Studio,2024-10-01,10,Autumn,3541,412,196,3,0.54,17,2,60197,68,4.1,Netherlands,0
283,22664,Brigade Road,12.983342,77.610608,Entire home/apt,Studio,2024-11-01,11,Winter,3177,412,196,3,0.55,16,2,50832,275,4.6,India,0
283,22664,Brigade Road,12.983342,77.610608,Entire home/apt,Studio,2024-12-01,12,Winter,4662,412,196,3,0.23,7,2,32634,119,4.0,India,0
284,63364,Jayanagar,13.00652,77.744054,Entire home/apt,Apartment,2024-01-01,1,Winter,3474,299,107,3,0.52,16,3,55584,36,4.7,India,0
284,63364,Jayanagar,13.00652,77.744054,Entire home/apt,Apartment,2024-02-01,2,Winter,2623,299,107,3,0.68,20,3,52460,99,4.7,India,0
284,63364,Jayanagar,13.00652,77.744054,Entire home/apt,Apartment,2024-03-01,3,Spring,3020,299,107,3,0.78,24,3,72480,91,5.0,France,0
284,63364,Jayanagar,13.00652,77.744054,Entire home/apt,Apartment,2024-04-01,4,Spring,3269,299,107,3,0.1,3,1,9807,253,5.0,USA,0
284,63364,Jayanagar,13.00652,77.744054,Entire home/apt,Apartment,2024-05-01,5,Spring,2961,299,107,3,0.84,26,2,76986,48,5.0,Canada,0
284,63364,Jayanagar,13.00652,77.744054,Entire home/apt,Apartment,2024-06-01,6,Summer,3118,299,107,3,0.67,20,3,62360,350,5.0,India,0
284,63364,Jayanagar,13.00652,77.744054,Entire home/apt,Apartment,2024-07-01,7,Monsoon,2920,299,107,3,0.58,18,2,52560,242,3.9,India,0
284,63364,Jayanagar,13.00652,77.744054,Entire home/apt,Apartment,2024-08-01,8,Monsoon,2461,299,107,3,0.6,19,2,46759,49,4.5,India,0
284,63364,Jayanagar,13.00652,77.744054,Entire home/apt,Apartment,2024-09-01,9,Autumn,2554,299,107,3,0.3,9,2,22986,220,4.2,Singapore,0
284,63364,Jayanagar,13.00652,77.744054,Entire home/apt,Apartment,2024-10-01,10,Autumn,2964,299,107,3,0.78,24,2,71136,94,4.9,India,0
284,63364,Jayanagar,13.00652,77.744054,Entire home/apt,Apartment,2024-11-01,11,Winter,3014,299,107,3,0.53,16,2,48224,331,3.8,India,0
284,63364,Jayanagar,13.00652,77.744054,Entire home/apt,Apartment,2024-12-01,12,Winter,3412,299,107,3,0.5,16,2,54592,48,4.3,India,1
285,89450,Koramangala,13.092804,77.467744,Entire home/apt,Independent House,2024-01-01,1,Winter,4626,366,80,1,0.54,17,1,78642,196,3.7,India,0
285,89450,Koramangala,13.092804,77.467744,Entire home/apt,Independent House,2024-02-01,2,Winter,3469,366,80,1,0.59,17,3,58973,191,5.0,Australia,0
285,89450,Koramangala,13.092804,77.467744,Entire home/apt,Independent House,2024-03-01,3,Spring,3808,366,80,1,0.66,20,5,76160,96,4.6,India,0
285,89450,Koramangala,13.092804,77.467744,Entire home/apt,Independent House,2024-04-01,4,Spring,3929,366,80,1,0.73,22,2,86438,274,4.2,India,0
285,89450,Koramangala,13.092804,77.467744,Entire home/apt,Independent House,2024-05-01,5,Spring,3450,366,80,1,0.58,18,2,62100,349,4.2,UAE,0
285,89450,Koramangala,13.092804,77.467744,Entire home/apt,Independent House,2024-06-01,6,Summer,3666,366,80,1,0.48,14,3,51324,293,4.6,India,0
285,89450,Koramangala,13.092804,77.467744,Entire home/apt,Independent House,2024-07-01,7,Monsoon,3188,366,80,1,0.62,19,2,60572,90,4.3,India,0
285,89450,Koramangala,13.092804,77.467744,Entire home/apt,Independent House,2024-08-01,8,Monsoon,3141,366,80,1,0.6,19,4,59679,227,4.6,India,0
285,89450,Koramangala,13.092804,77.467744,Entire home/apt,Independent House,2024-09-01,9,Autumn,3565,366,80,1,0.84,25,1,89125,275,4.1,Singapore,0
285,89450,Koramangala,13.092804,77.467744,Entire home/apt,Independent House,2024-10-01,10,Autumn,3553,366,80,1,0.35,11,3,39083,61,4.6,Germany,0
285,89450,Koramangala,13.092804,77.467744,Entire home/apt,Independent House,2024-11-01,11,Winter,3342,366,80,1,0.54,16,2,53472,178,4.4,India,0
285,89450,Koramangala,13.092804,77.467744,Entire home/apt,Independent House,2024-12-01,12,Winter,4512,366,80,1,0.5,16,3,72192,85,4.3,UAE,0
286,89102,Jayanagar,13.098937,77.726,Private room,Studio,2024-01-01,1,Winter,6416,342,279,5,0.51,16,4,102656,342,5.0,India,0
286,89102,Jayanagar,13.098937,77.726,Private room,Studio,2024-02-01,2,Winter,5176,342,279,5,0.44,13,2,67288,122,4.2,Canada,0
286,89102,Jayanagar,13.098937,77.726,Private room,Studio,2024-03-01,3,Spring,5636,342,279,5,0.45,14,2,78904,206,4.0,India,0
286,89102,Jayanagar,13.098937,77.726,Private room,Studio,2024-04-01,4,Spring,5521,342,279,5,0.42,13,1,71773,245,4.7,Germany,0
286,89102,Jayanagar,13.098937,77.726,Private room,Studio,2024-05-01,5,Spring,5147,342,279,5,0.51,16,4,82352,302,5.0,India,0
286,89102,Jayanagar,13.098937,77.726,Private room,Studio,2024-06-01,6,Summer,5482,342,279,5,0.5,15,3,82230,339,4.2,India,0
286,89102,Jayanagar,13.098937,77.726,Private room,Studio,2024-07-01,7,Monsoon,4528,342,279,5,0.65,20,4,90560,288,4.4,India,0
286,89102,Jayanagar,13.098937,77.726,Private room,Studio,2024-08-01,8,Monsoon,4623,342,279,5,0.42,13,3,60099,201,4.2,UK,0
286,89102,Jayanagar,13.098937,77.726,Private room,Studio,2024-09-01,9,Autumn,5287,342,279,5,0.35,10,3,52870,144,4.9,India,0
286,89102,Jayanagar,13.098937,77.726,Private room,Studio,2024-10-01,10,Autumn,5117,342,279,5,0.52,16,2,81872,101,4.0,India,0
286,89102,Jayanagar,13.098937,77.726,Private room,Studio,2024-11-01,11,Winter,5221,342,279,5,0.49,15,2,78315,193,4.5,India,0
286,89102,Jayanagar,13.098937,77.726,Private room,Studio,2024-12-01,12,Winter,6822,342,279,5,0.57,18,1,122796,53,4.2,India,0
287,60961,Basavanagudi,12.899046,77.685908,Entire home/apt,Apartment,2024-01-01,1,Winter,3566,389,350,1,0.61,19,2,67754,45,4.8,India,0
287,60961,Basavanagudi,12.899046,77.685908,Entire home/apt,Apartment,2024-02-01,2,Winter,2767,389,350,1,0.78,23,4,63641,277,3.7,India,0
287,60961,Basavanagudi,12.899046,77.685908,Entire home/apt,Apartment,2024-03-01,3,Spring,3043,389,350,1,0.72,22,2,66946,24,4.0,India,0
287,60961,Basavanagudi,12.899046,77.685908,Entire home/apt,Apartment,2024-04-01,4,Spring,2733,389,350,1,0.44,13,1,35529,155,4.2,India,0
287,60961,Basavanagudi,12.899046,77.685908,Entire home/apt,Apartment,2024-05-01,5,Spring,2550,389,350,1,0.61,19,2,48450,275,4.8,India,0
287,60961,Basavanagudi,12.899046,77.685908,Entire home/apt,Apartment,2024-06-01,6,Summer,2862,389,350,1,0.45,14,4,40068,222,4.2,USA,0
287,60961,Basavanagudi,12.899046,77.685908,Entire home/apt,Apartment,2024-07-01,7,Monsoon,2644,389,350,1,0.67,21,3,55524,91,4.5,India,0
287,60961,Basavanagudi,12.899046,77.685908,Entire home/apt,Apartment,2024-08-01,8,Monsoon,2475,389,350,1,0.57,18,3,44550,22,4.7,UAE,0
287,60961,Basavanagudi,12.899046,77.685908,Entire home/apt,Apartment,2024-09-01,9,Autumn,2579,389,350,1,0.61,18,1,46422,95,3.9,UAE,0
287,60961,Basavanagudi,12.899046,77.685908,Entire home/apt,Apartment,2024-10-01,10,Autumn,2509,389,350,1,0.47,15,3,37635,37,4.4,USA,0
287,60961,Basavanagudi,12.899046,77.685908,Entire home/apt,Apartment,2024-11-01,11,Winter,2461,389,350,1,0.49,15,3,36915,313,3.9,India,0
287,60961,Basavanagudi,12.899046,77.685908,Entire home/apt,Apartment,2024-12-01,12,Winter,3416,389,350,1,0.56,17,4,58072,105,3.8,UAE,0
288,48068,Indiranagar,13.061758,77.647878,Private room,Villa,2024-01-01,1,Winter,3014,350,170,5,0.5,16,4,48224,190,4.5,UAE,0
288,48068,Indiranagar,13.061758,77.647878,Private room,Villa,2024-02-01,2,Winter,2566,350,170,5,0.38,11,2,28226,306,4.7,India,0
288,48068,Indiranagar,13.061758,77.647878,Private room,Villa,2024-03-01,3,Spring,2587,350,170,5,0.6,19,3,49153,216,4.5,India,0
288,48068,Indiranagar,13.061758,77.647878,Private room,Villa,2024-04-01,4,Spring,2642,350,170,5,0.45,14,3,36988,320,4.4,India,0
288,48068,Indiranagar,13.061758,77.647878,Private room,Villa,2024-05-01,5,Spring,2823,350,170,5,0.4,12,4,33876,334,5.0,USA,0
288,48068,Indiranagar,13.061758,77.647878,Private room,Villa,2024-06-01,6,Summer,2447,350,170,5,0.61,18,2,44046,5,4.1,India,0
288,48068,Indiranagar,13.061758,77.647878,Private room,Villa,2024-07-01,7,Monsoon,2094,350,170,5,0.52,16,2,33504,142,4.1,Australia,0
288,48068,Indiranagar,13.061758,77.647878,Private room,Villa,2024-08-01,8,Monsoon,2207,350,170,5,0.54,17,2,37519,249,5.0,India,0
288,48068,Indiranagar,13.061758,77.647878,Private room,Villa,2024-09-01,9,Autumn,2265,350,170,5,0.62,19,1,43035,202,4.6,India,0
288,48068,Indiranagar,13.061758,77.647878,Private room,Villa,2024-10-01,10,Autumn,2284,350,170,5,0.7,22,3,50248,65,4.3,India,0
288,48068,Indiranagar,13.061758,77.647878,Private room,Villa,2024-11-01,11,Winter,2000,350,170,5,0.7,21,3,42000,59,4.1,India,0
288,48068,Indiranagar,13.061758,77.647878,Private room,Villa,2024-12-01,12,Winter,2913,350,170,5,0.7,22,3,64086,34,4.4,India,0
289,43619,Malleshwaram,12.813923,77.535932,Private room,Villa,2024-01-01,1,Winter,5623,481,135,1,0.65,20,2,112460,103,4.2,Canada,0
289,43619,Malleshwaram,12.813923,77.535932,Private room,Villa,2024-02-01,2,Winter,5047,481,135,1,0.42,12,2,60564,65,4.9,India,0
289,43619,Malleshwaram,12.813923,77.535932,Private room,Villa,2024-03-01,3,Spring,5229,481,135,1,0.58,18,1,94122,245,4.2,India,0
289,43619,Malleshwaram,12.813923,77.535932,Private room,Villa,2024-04-01,4,Spring,5031,481,135,1,0.21,6,2,30186,198,4.6,India,0
289,43619,Malleshwaram,12.813923,77.535932,Private room,Villa,2024-05-01,5,Spring,4670,481,135,1,0.55,17,3,79390,34,3.3,India,0
289,43619,Malleshwaram,12.813923,77.535932,Private room,Villa,2024-06-01,6,Summer,4348,481,135,1,0.42,13,3,56524,224,4.6,USA,0
289,43619,Malleshwaram,12.813923,77.535932,Private room,Villa,2024-07-01,7,Monsoon,4197,481,135,1,0.5,16,2,67152,21,4.8,India,0
289,43619,Malleshwaram,12.813923,77.535932,Private room,Villa,2024-08-01,8,Monsoon,3935,481,135,1,0.62,19,3,74765,96,4.7,UK,0
289,43619,Malleshwaram,12.813923,77.535932,Private room,Villa,2024-09-01,9,Autumn,4676,481,135,1,0.5,15,3,70140,22,5.0,India,0
289,43619,Malleshwaram,12.813923,77.535932,Private room,Villa,2024-10-01,10,Autumn,4699,481,135,1,0.38,12,4,56388,174,4.6,Australia,0
289,43619,Malleshwaram,12.813923,77.535932,Private room,Villa,2024-11-01,11,Winter,4751,481,135,1,0.44,13,2,61763,236,4.9,India,0
289,43619,Malleshwaram,12.813923,77.535932,Private room,Villa,2024-12-01,12,Winter,5827,481,135,1,0.18,6,3,34962,200,4.6,India,0
290,76269,MG Road,12.790094,77.638164,Entire home/apt,Serviced Apartment,2024-01-01,1,Winter,3953,380,92,5,0.6,19,1,75107,125,5.0,India,0
290,76269,MG Road,12.790094,77.638164,Entire home/apt,Serviced Apartment,2024-02-01,2,Winter,2977,380,92,5,0.67,19,2,56563,280,4.8,Canada,0
290,76269,MG Road,12.790094,77.638164,Entire home/apt,Serviced Apartment,2024-03-01,3,Spring,3294,380,92,5,0.69,21,1,69174,350,4.3,India,0
290,76269,MG Road,12.790094,77.638164,Entire home/apt,Serviced Apartment,2024-04-01,4,Spring,3229,380,92,5,0.37,11,3,35519,8,4.6,India,0
290,76269,MG Road,12.790094,77.638164,Entire home/apt,Serviced Apartment,2024-05-01,5,Spring,3077,380,92,5,0.75,23,2,70771,164,4.8,India,0
290,76269,MG Road,12.790094,77.638164,Entire home/apt,Serviced Apartment,2024-06-01,6,Summer,2956,380,92,5,0.39,12,2,35472,53,4.7,India,0
290,76269,MG Road,12.790094,77.638164,Entire home/apt,Serviced Apartment,2024-07-01,7,Monsoon,2932,380,92,5,0.68,21,1,61572,1,4.9,India,0
290,76269,MG Road,12.790094,77.638164,Entire home/apt,Serviced Apartment,2024-08-01,8,Monsoon,2668,380,92,5,0.5,16,4,42688,290,4.2,India,0
290,76269,MG Road,12.790094,77.638164,Entire home/apt,Serviced Apartment,2024-09-01,9,Autumn,3001,380,92,5,0.56,17,2,51017,321,4.6,India,0
290,76269,MG Road,12.790094,77.638164,Entire home/apt,Serviced Apartment,2024-10-01,10,Autumn,2987,380,92,5,0.55,17,3,50779,10,4.2,India,0
290,76269,MG Road,12.790094,77.638164,Entire home/apt,Serviced Apartment,2024-11-01,11,Winter,3200,380,92,5,0.58,17,4,54400,330,4.4,India,0
290,76269,MG Road,12.790094,77.638164,Entire home/apt,Serviced Apartment,2024-12-01,12,Winter,3616,380,92,5,0.37,11,3,39776,198,5.0,India,0
291,99506,Marathahalli,12.945043,77.553544,Shared room,Serviced Apartment,2024-01-01,1,Winter,5358,56,325,2,0.72,22,2,117876,184,4.5,India,0
291,99506,Marathahalli,12.945043,77.553544,Shared room,Serviced Apartment,2024-02-01,2,Winter,4484,56,325,2,0.62,18,3,80712,198,3.9,Netherlands,0
291,99506,Marathahalli,12.945043,77.553544,Shared room,Serviced Apartment,2024-03-01,3,Spring,4654,56,325,2,0.62,19,4,88426,188,4.3,USA,0
291,99506,Marathahalli,12.945043,77.553544,Shared room,Serviced Apartment,2024-04-01,4,Spring,4695,56,325,2,0.34,10,2,46950,153,4.9,India,0
291,99506,Marathahalli,12.945043,77.553544,Shared room,Serviced Apartment,2024-05-01,5,Spring,3990,56,325,2,0.44,14,2,55860,277,4.5,Australia,0
291,99506,Marathahalli,12.945043,77.553544,Shared room,Serviced Apartment,2024-06-01,6,Summer,4251,56,325,2,0.61,18,5,76518,64,4.2,Australia,0
291,99506,Marathahalli,12.945043,77.553544,Shared room,Serviced Apartment,2024-07-01,7,Monsoon,3647,56,325,2,0.42,13,2,47411,207,4.4,India,0
291,99506,Marathahalli,12.945043,77.553544,Shared room,Serviced Apartment,2024-08-01,8,Monsoon,3963,56,325,2,0.59,18,2,71334,231,4.8,India,0
291,99506,Marathahalli,12.945043,77.553544,Shared room,Serviced Apartment,2024-09-01,9,Autumn,4456,56,325,2,0.5,15,2,66840,186,4.4,India,0
291,99506,Marathahalli,12.945043,77.553544,Shared room,Serviced Apartment,2024-10-01,10,Autumn,4599,56,325,2,0.8,25,3,114975,68,3.8,USA,0
291,99506,Marathahalli,12.945043,77.553544,Shared room,Serviced Apartment,2024-11-01,11,Winter,4242,56,325,2,0.59,18,2,76356,97,4.8,India,0
291,99506,Marathahalli,12.945043,77.553544,Shared room,Serviced Apartment,2024-12-01,12,Winter,5058,56,325,2,0.46,14,4,70812,337,4.2,UK,0
292,70735,Residency Road,13.044975,77.687623,Entire home/apt,Villa,2024-01-01,1,Winter,3280,422,189,5,0.46,14,2,45920,55,3.8,India,0
292,70735,Residency Road,13.044975,77.687623,Entire home/apt,Villa,2024-02-01,2,Winter,3014,422,189,5,0.75,22,4,66308,319,4.4,India,0
292,70735,Residency Road,13.044975,77.687623,Entire home/apt,Villa,2024-03-01,3,Spring,3035,422,189,5,0.63,20,2,60700,172,5.0,India,0
292,70735,Residency Road,13.044975,77.687623,Entire home/apt,Villa,2024-04-01,4,Spring,3175,422,189,5,0.45,14,2,44450,196,3.9,UAE,0
292,70735,Residency Road,13.044975,77.687623,Entire home/apt,Villa,2024-05-01,5,Spring,2590,422,189,5,0.57,18,2,46620,226,4.2,India,0
292,70735,Residency Road,13.044975,77.687623,Entire home/apt,Villa,2024-06-01,6,Summer,2851,422,189,5,0.47,14,2,39914,290,4.1,India,0
292,70735,Residency Road,13.044975,77.687623,Entire home/apt,Villa,2024-07-01,7,Monsoon,2296,422,189,5,0.79,24,2,55104,348,4.9,India,0
292,70735,Residency Road,13.044975,77.687623,Entire home/apt,Villa,2024-08-01,8,Monsoon,2877,422,189,5,0.64,20,2,57540,205,4.3,India,0
292,70735,Residency Road,13.044975,77.687623,Entire home/apt,Villa,2024-09-01,9,Autumn,3077,422,189,5,0.55,16,4,49232,77,4.6,India,0
292,70735,Residency Road,13.044975,77.687623,Entire home/apt,Villa,2024-10-01,10,Autumn,2805,422,189,5,0.12,4,2,11220,66,5.0,UK,0
292,70735,Residency Road,13.044975,77.687623,Entire home/apt,Villa,2024-11-01,11,Winter,2911,422,189,5,0.61,18,3,52398,313,4.5,India,0
292,70735,Residency Road,13.044975,77.687623,Entire home/apt,Villa,2024-12-01,12,Winter,3548,422,189,5,0.47,15,3,53220,18,4.7,India,0
293,21239,Indiranagar,12.703467,77.708675,Entire home/apt,Apartment,2024-01-01,1,Winter,2525,327,240,3,0.57,18,2,45450,77,4.6,Canada,0
293,21239,Indiranagar,12.703467,77.708675,Entire home/apt,Apartment,2024-02-01,2,Winter,1733,327,240,3,0.46,13,1,22529,319,4.6,UAE,0
293,21239,Indiranagar,12.703467,77.708675,Entire home/apt,Apartment,2024-03-01,3,Spring,2259,327,240,3,0.32,10,3,22590,228,4.7,India,0
293,21239,Indiranagar,12.703467,77.708675,Entire home/apt,Apartment,2024-04-01,4,Spring,2016,327,240,3,0.57,17,3,34272,148,4.0,India,0
293,21239,Indiranagar,12.703467,77.708675,Entire home/apt,Apartment,2024-05-01,5,Spring,1761,327,240,3,0.74,23,4,40503,81,4.5,UAE,0
293,21239,Indiranagar,12.703467,77.708675,Entire home/apt,Apartment,2024-06-01,6,Summer,1855,327,240,3,0.58,17,2,31535,212,4.7,India,0
293,21239,Indiranagar,12.703467,77.708675,Entire home/apt,Apartment,2024-07-01,7,Monsoon,1825,327,240,3,0.59,18,4,32850,209,4.9,India,0
293,21239,Indiranagar,12.703467,77.708675,Entire home/apt,Apartment,2024-08-01,8,Monsoon,1931,327,240,3,0.66,20,3,38620,240,4.5,India,0
293,21239,Indiranagar,12.703467,77.708675,Entire home/apt,Apartment,2024-09-01,9,Autumn,2062,327,240,3,0.65,20,2,41240,127,4.9,Netherlands,0
293,21239,Indiranagar,12.703467,77.708675,Entire home/apt,Apartment,2024-10-01,10,Autumn,2110,327,240,3,0.45,14,3,29540,75,4.1,UAE,0
293,21239,Indiranagar,12.703467,77.708675,Entire home/apt,Apartment,2024-11-01,11,Winter,1791,327,240,3,0.75,22,1,39402,195,3.9,India,0
293,21239,Indiranagar,12.703467,77.708675,Entire home/apt,Apartment,2024-12-01,12,Winter,2491,327,240,3,0.65,20,2,49820,10,5.0,India,0
294,57498,Electronic City,12.933956,77.50455,Private room,Serviced Apartment,2024-01-01,1,Winter,4454,98,256,3,0.42,13,5,57902,189,4.3,India,0
294,57498,Electronic City,12.933956,77.50455,Private room,Serviced Apartment,2024-02-01,2,Winter,3680,98,256,3,0.43,12,2,44160,201,5.0,UAE,0
294,57498,Electronic City,12.933956,77.50455,Private room,Serviced Apartment,2024-03-01,3,Spring,3822,98,256,3,0.8,25,2,95550,342,5.0,India,0
294,57498,Electronic City,12.933956,77.50455,Private room,Serviced Apartment,2024-04-01,4,Spring,4266,98,256,3,0.5,15,3,63990,149,4.6,USA,0
294,57498,Electronic City,12.933956,77.50455,Private room,Serviced Apartment,2024-05-01,5,Spring,3461,98,256,3,0.74,23,4,79603,42,4.5,India,0
294,57498,Electronic City,12.933956,77.50455,Private room,Serviced Apartment,2024-06-01,6,Summer,3635,98,256,3,0.42,13,5,47255,253,3.5,India,0
294,57498,Electronic City,12.933956,77.50455,Private room,Serviced Apartment,2024-07-01,7,Monsoon,3137,98,256,3,0.77,24,4,75288,213,4.3,Netherlands,0
294,57498,Electronic City,12.933956,77.50455,Private room,Serviced Apartment,2024-08-01,8,Monsoon,3311,98,256,3,0.7,22,2,72842,129,5.0,India,0
294,57498,Electronic City,12.933956,77.50455,Private room,Serviced Apartment,2024-09-01,9,Autumn,3981,98,256,3,0.45,14,2,55734,266,3.7,UAE,0
294,57498,Electronic City,12.933956,77.50455,Private room,Serviced Apartment,2024-10-01,10,Autumn,4187,98,256,3,0.94,29,1,121423,163,4.6,UAE,1
294,57498,Electronic City,12.933956,77.50455,Private room,Serviced Apartment,2024-11-01,11,Winter,3462,98,256,3,0.74,22,2,76164,156,4.5,India,0
294,57498,Electronic City,12.933956,77.50455,Private room,Serviced Apartment,2024-12-01,12,Winter,4623,98,256,3,0.73,23,5,106329,172,4.6,India,0
295,96074,Electronic City,12.963764,77.549876,Entire home/apt,Studio,2024-01-01,1,Winter,2728,251,85,1,0.68,21,2,57288,102,4.6,UAE,0
295,96074,Electronic City,12.963764,77.549876,Entire home/apt,Studio,2024-02-01,2,Winter,2263,251,85,1,0.55,16,1,36208,344,4.6,India,0
295,96074,Electronic City,12.963764,77.549876,Entire home/apt,Studio,2024-03-01,3,Spring,1609,251,85,1,0.53,16,2,25744,187,4.8,Germany,0
295,96074,Electronic City,12.963764,77.549876,Entire home/apt,Studio,2024-04-01,4,Spring,2206,251,85,1,0.53,16,4,35296,217,4.1,India,0
295,96074,Electronic City,12.963764,77.549876,Entire home/apt,Studio,2024-05-01,5,Spring,2277,251,85,1,0.68,21,2,47817,177,4.8,USA,0
295,96074,Electronic City,12.963764,77.549876,Entire home/apt,Studio,2024-06-01,6,Summer,1732,251,85,1,0.58,17,3,29444,250,4.4,India,0
295,96074,Electronic City,12.963764,77.549876,Entire home/apt,Studio,2024-07-01,7,Monsoon,1813,251,85,1,0.51,16,1,29008,230,4.4,UAE,0
295,96074,Electronic City,12.963764,77.549876,Entire home/apt,Studio,2024-08-01,8,Monsoon,2038,251,85,1,0.31,10,1,20380,341,5.0,UAE,0
295,96074,Electronic City,12.963764,77.549876,Entire home/apt,Studio,2024-09-01,9,Autumn,2173,251,85,1,0.59,18,4,39114,58,4.9,India,0
295,96074,Electronic City,12.963764,77.549876,Entire home/apt,Studio,2024-10-01,10,Autumn,1787,251,85,1,0.5,16,2,28592,54,4.5,India,0
295,96074,Electronic City,12.963764,77.549876,Entire home/apt,Studio,2024-11-01,11,Winter,2350,251,85,1,0.59,18,1,42300,292,4.7,Germany,0
295,96074,Electronic City,12.963764,77.549876,Entire home/apt,Studio,2024-12-01,12,Winter,2479,251,85,1,0.67,21,3,52059,38,5.0,India,1
296,54713,Richmond Town,12.728153,77.624826,Shared room,Serviced Apartment,2024-01-01,1,Winter,6002,287,249,1,0.62,19,3,114038,28,4.7,USA,0
296,54713,Richmond Town,12.728153,77.624826,Shared room,Serviced Apartment,2024-02-01,2,Winter,4916,287,249,1,0.69,20,3,98320,41,4.4,India,0
296,54713,Richmond Town,12.728153,77.624826,Shared room,Serviced Apartment,2024-03-01,3,Spring,5291,287,249,1,0.47,15,3,79365,46,4.1,India,0
296,54713,Richmond Town,12.728153,77.624826,Shared room,Serviced Apartment,2024-04-01,4,Spring,5110,287,249,1,0.52,16,3,81760,119,3.8,India,0
296,54713,Richmond Town,12.728153,77.624826,Shared room,Serviced Apartment,2024-05-01,5,Spring,4866,287,249,1,0.11,3,3,14598,198,5.0,India,0
296,54713,Richmond Town,12.728153,77.624826,Shared room,Serviced Apartment,2024-06-01,6,Summer,4994,287,249,1,0.49,15,3,74910,243,4.5,Germany,0
296,54713,Richmond Town,12.728153,77.624826,Shared room,Serviced Apartment,2024-07-01,7,Monsoon,4284,287,249,1,0.44,14,3,59976,253,4.6,India,0
296,54713,Richmond Town,12.728153,77.624826,Shared room,Serviced Apartment,2024-08-01,8,Monsoon,4196,287,249,1,0.51,16,2,67136,147,4.6,USA,0
296,54713,Richmond Town,12.728153,77.624826,Shared room,Serviced Apartment,2024-09-01,9,Autumn,4432,287,249,1,0.53,16,3,70912,31,4.6,India,0
296,54713,Richmond Town,12.728153,77.624826,Shared room,Serviced Apartment,2024-10-01,10,Autumn,4719,287,249,1,0.5,16,3,75504,40,5.0,India,0
296,54713,Richmond Town,12.728153,77.624826,Shared room,Serviced Apartment,2024-11-01,11,Winter,4624,287,249,1,0.56,17,2,78608,277,5.0,India,0
296,54713,Richmond Town,12.728153,77.624826,Shared room,Serviced Apartment,2024-12-01,12,Winter,5852,287,249,1,0.56,17,2,99484,63,4.5,USA,1
297,34516,Yeshwanthpur,13.002514,77.518315,Entire home/apt,Studio,2024-01-01,1,Winter,6486,261,231,5,0.54,17,3,110262,146,4.2,India,0
297,34516,Yeshwanthpur,13.002514,77.518315,Entire home/apt,Studio,2024-02-01,2,Winter,5119,261,231,5,0.51,15,2,76785,123,4.7,India,0
297,34516,Yeshwanthpur,13.002514,77.518315,Entire home/apt,Studio,2024-03-01,3,Spring,4937,261,231,5,0.56,17,3,83929,349,4.3,India,0
297,34516,Yeshwanthpur,13.002514,77.518315,Entire home/apt,Studio,2024-04-01,4,Spring,5270,261,231,5,0.47,14,3,73780,33,4.3,India,0
297,34516,Yeshwanthpur,13.002514,77.518315,Entire home/apt,Studio,2024-05-01,5,Spring,4975,261,231,5,0.35,11,2,54725,30,4.6,India,0
297,34516,Yeshwanthpur,13.002514,77.518315,Entire home/apt,Studio,2024-06-01,6,Summer,5257,261,231,5,0.6,18,4,94626,40,4.8,India,0
297,34516,Yeshwanthpur,13.002514,77.518315,Entire home/apt,Studio,2024-07-01,7,Monsoon,4703,261,231,5,0.74,23,4,108169,228,5.0,India,0
297,34516,Yeshwanthpur,13.002514,77.518315,Entire home/apt,Studio,2024-08-01,8,Monsoon,4386,261,231,5,0.45,14,3,61404,45,4.8,India,0
297,34516,Yeshwanthpur,13.002514,77.518315,Entire home/apt,Studio,2024-09-01,9,Autumn,5125,261,231,5,0.67,20,3,102500,185,5.0,India,0
297,34516,Yeshwanthpur,13.002514,77.518315,Entire home/apt,Studio,2024-10-01,10,Autumn,4986,261,231,5,0.62,19,3,94734,33,4.1,India,0
297,34516,Yeshwanthpur,13.002514,77.518315,Entire home/apt,Studio,2024-11-01,11,Winter,5411,261,231,5,0.51,15,2,81165,183,4.4,USA,0
297,34516,Yeshwanthpur,13.002514,77.518315,Entire home/apt,Studio,2024-12-01,12,Winter,6161,261,231,5,0.46,14,2,86254,255,4.2,India,0
298,81554,Hebbal,12.791245,77.501166,Entire home/apt,Serviced Apartment,2024-01-01,1,Winter,3431,95,318,5,0.81,25,2,85775,206,4.8,India,0
298,81554,Hebbal,12.791245,77.501166,Entire home/apt,Serviced Apartment,2024-02-01,2,Winter,3056,95,318,5,0.69,20,2,61120,72,5.0,USA,0
298,81554,Hebbal,12.791245,77.501166,Entire home/apt,Serviced Apartment,2024-03-01,3,Spring,2804,95,318,5,0.33,10,2,28040,12,4.2,Singapore,0
298,81554,Hebbal,12.791245,77.501166,Entire home/apt,Serviced Apartment,2024-04-01,4,Spring,3065,95,318,5,0.47,14,3,42910,195,4.3,Netherlands,0
298,81554,Hebbal,12.791245,77.501166,Entire home/apt,Serviced Apartment,2024-05-01,5,Spring,2914,95,318,5,0.52,16,3,46624,204,4.2,India,0
298,81554,Hebbal,12.791245,77.501166,Entire home/apt,Serviced Apartment,2024-06-01,6,Summer,2436,95,318,5,0.37,11,2,26796,338,4.3,UAE,0
298,81554,Hebbal,12.791245,77.501166,Entire home/apt,Serviced Apartment,2024-07-01,7,Monsoon,2534,95,318,5,0.34,11,2,27874,94,4.3,India,0
298,81554,Hebbal,12.791245,77.501166,Entire home/apt,Serviced Apartment,2024-08-01,8,Monsoon,2357,95,318,5,0.5,16,1,37712,241,4.1,India,0
298,81554,Hebbal,12.791245,77.501166,Entire home/apt,Serviced Apartment,2024-09-01,9,Autumn,2702,95,318,5,0.32,10,2,27020,11,4.4,India,0
298,81554,Hebbal,12.791245,77.501166,Entire home/apt,Serviced Apartment,2024-10-01,10,Autumn,2698,95,318,5,0.65,20,2,53960,281,4.7,India,0
298,81554,Hebbal,12.791245,77.501166,Entire home/apt,Serviced Apartment,2024-11-01,11,Winter,2858,95,318,5,0.39,12,3,34296,255,4.7,India,0
298,81554,Hebbal,12.791245,77.501166,Entire home/apt,Serviced Apartment,2024-12-01,12,Winter,3726,95,318,5,0.54,17,4,63342,81,5.0,India,0
299,56316,Whitefield,12.726762,77.546985,Entire home/apt,Villa,2024-01-01,1,Winter,5089,437,152,2,0.66,20,3,101780,253,4.2,Germany,0
299,56316,Whitefield,12.726762,77.546985,Entire home/apt,Villa,2024-02-01,2,Winter,3960,437,152,2,0.61,18,1,71280,157,4.6,India,0
299,56316,Whitefield,12.726762,77.546985,Entire home/apt,Villa,2024-03-01,3,Spring,4557,437,152,2,0.72,22,2,100254,159,3.9,India,0
299,56316,Whitefield,12.726762,77.546985,Entire home/apt,Villa,2024-04-01,4,Spring,4262,437,152,2,0.59,18,2,76716,62,4.2,India,0
299,56316,Whitefield,12.726762,77.546985,Entire home/apt,Villa,2024-05-01,5,Spring,4726,437,152,2,0.63,20,3,94520,174,4.5,USA,0
299,56316,Whitefield,12.726762,77.546985,Entire home/apt,Villa,2024-06-01,6,Summer,3948,437,152,2,0.49,15,4,59220,65,4.5,India,0
299,56316,Whitefield,12.726762,77.546985,Entire home/apt,Villa,2024-07-01,7,Monsoon,3667,437,152,2,0.49,15,5,55005,32,4.4,India,0
299,56316,Whitefield,12.726762,77.546985,Entire home/apt,Villa,2024-08-01,8,Monsoon,3913,437,152,2,0.76,24,2,93912,126,4.6,India,0
299,56316,Whitefield,12.726762,77.546985,Entire home/apt,Villa,2024-09-01,9,Autumn,3783,437,152,2,0.64,19,2,71877,119,5.0,UAE,0
299,56316,Whitefield,12.726762,77.546985,Entire home/apt,Villa,2024-10-01,10,Autumn,4324,437,152,2,0.67,21,4,90804,324,5.0,UAE,0
299,56316,Whitefield,12.726762,77.546985,Entire home/apt,Villa,2024-11-01,11,Winter,4061,437,152,2,0.65,20,3,81220,284,4.2,India,0
299,56316,Whitefield,12.726762,77.546985,Entire home/apt,Villa,2024-12-01,12,Winter,5121,437,152,2,0.76,24,3,122904,99,4.3,UAE,0
300,92926,Ulsoor,13.088454,77.518678,Entire home/apt,Independent House,2024-01-01,1,Winter,3037,314,207,5,0.64,20,3,60740,9,4.3,India,0
300,92926,Ulsoor,13.088454,77.518678,Entire home/apt,Independent House,2024-02-01,2,Winter,2809,314,207,5,0.35,10,2,28090,75,5.0,India,0
300,92926,Ulsoor,13.088454,77.518678,Entire home/apt,Independent House,2024-03-01,3,Spring,2560,314,207,5,0.27,8,1,20480,251,4.6,India,0
300,92926,Ulsoor,13.088454,77.518678,Entire home/apt,Independent House,2024-04-01,4,Spring,2662,314,207,5,0.38,11,4,29282,136,3.8,India,0
300,92926,Ulsoor,13.088454,77.518678,Entire home/apt,Independent House,2024-05-01,5,Spring,2465,314,207,5,0.69,21,2,51765,98,4.7,Germany,0
300,92926,Ulsoor,13.088454,77.518678,Entire home/apt,Independent House,2024-06-01,6,Summer,2477,314,207,5,0.61,18,2,44586,73,4.5,India,0
300,92926,Ulsoor,13.088454,77.518678,Entire home/apt,Independent House,2024-07-01,7,Monsoon,1934,314,207,5,0.33,10,3,19340,242,4.4,India,0
300,92926,Ulsoor,13.088454,77.518678,Entire home/apt,Independent House,2024-08-01,8,Monsoon,2187,314,207,5,0.67,21,3,45927,167,4.8,India,0
300,92926,Ulsoor,13.088454,77.518678,Entire home/apt,Independent House,2024-09-01,9,Autumn,2587,314,207,5,0.5,15,3,38805,287,3.9,India,0
300,92926,Ulsoor,13.088454,77.518678,Entire home/apt,Independent House,2024-10-01,10,Autumn,2548,314,207,5,0.62,19,2,48412,163,3.5,India,0
300,92926,Ulsoor,13.088454,77.518678,Entire home/apt,Independent House,2024-11-01,11,Winter,2300,314,207,5,0.44,13,4,29900,102,4.5,France,0
300,92926,Ulsoor,13.088454,77.518678,Entire home/apt,Independent House,2024-12-01,12,Winter,2922,314,207,5,0.54,17,3,49674,305,4.4,India,0
301,17938,Hebbal,12.909401,77.601239,Entire home/apt,Serviced Apartment,2024-01-01,1,Winter,4009,192,296,1,0.35,11,2,44099,104,4.7,India,1
301,17938,Hebbal,12.909401,77.601239,Entire home/apt,Serviced Apartment,2024-02-01,2,Winter,3423,192,296,1,0.4,12,3,41076,215,5.0,India,0
301,17938,Hebbal,12.909401,77.601239,Entire home/apt,Serviced Apartment,2024-03-01,3,Spring,3577,192,296,1,0.74,23,2,82271,75,4.2,India,0
301,17938,Hebbal,12.909401,77.601239,Entire home/apt,Serviced Apartment,2024-04-01,4,Spring,3234,192,296,1,0.57,17,2,54978,80,4.6,India,0
301,17938,Hebbal,12.909401,77.601239,Entire home/apt,Serviced Apartment,2024-05-01,5,Spring,3315,192,296,1,0.42,13,3,43095,55,4.5,UAE,0
301,17938,Hebbal,12.909401,77.601239,Entire home/apt,Serviced Apartment,2024-06-01,6,Summer,3207,192,296,1,0.47,14,2,44898,101,4.8,USA,0
301,17938,Hebbal,12.909401,77.601239,Entire home/apt,Serviced Apartment,2024-07-01,7,Monsoon,3014,192,296,1,0.61,19,2,57266,83,4.4,India,0
301,17938,Hebbal,12.909401,77.601239,Entire home/apt,Serviced Apartment,2024-08-01,8,Monsoon,2910,192,296,1,0.34,11,2,32010,8,4.4,India,0
301,17938,Hebbal,12.909401,77.601239,Entire home/apt,Serviced Apartment,2024-09-01,9,Autumn,2645,192,296,1,0.43,13,4,34385,282,4.5,India,0
301,17938,Hebbal,12.909401,77.601239,Entire home/apt,Serviced Apartment,2024-10-01,10,Autumn,3421,192,296,1,0.47,15,2,51315,192,4.6,India,0
301,17938,Hebbal,12.909401,77.601239,Entire home/apt,Serviced Apartment,2024-11-01,11,Winter,2874,192,296,1,0.51,15,3,43110,202,3.8,India,0
301,17938,Hebbal,12.909401,77.601239,Entire home/apt,Serviced Apartment,2024-12-01,12,Winter,3895,192,296,1,0.49,15,3,58425,17,5.0,India,0
302,84518,Koramangala,13.053304,77.466758,Private room,Independent House,2024-01-01,1,Winter,4928,302,334,1,0.48,15,4,73920,71,4.3,India,0
302,84518,Koramangala,13.053304,77.466758,Private room,Independent House,2024-02-01,2,Winter,4030,302,334,1,0.38,11,4,44330,120,4.7,India,0
302,84518,Koramangala,13.053304,77.466758,Private room,Independent House,2024-03-01,3,Spring,4262,302,334,1,0.71,22,2,93764,182,4.9,India,0
302,84518,Koramangala,13.053304,77.466758,Private room,Independent House,2024-04-01,4,Spring,4005,302,334,1,0.5,15,2,60075,35,4.2,India,0
302,84518,Koramangala,13.053304,77.466758,Private room,Independent House,2024-05-01,5,Spring,3583,302,334,1,0.43,13,3,46579,268,5.0,India,0
302,84518,Koramangala,13.053304,77.466758,Private room,Independent House,2024-06-01,6,Summer,4066,302,334,1,0.87,26,3,105716,79,4.8,India,0
302,84518,Koramangala,13.053304,77.466758,Private room,Independent House,2024-07-01,7,Monsoon,3402,302,334,1,0.53,16,1,54432,106,4.7,India,0
302,84518,Koramangala,13.053304,77.466758,Private room,Independent House,2024-08-01,8,Monsoon,3637,302,334,1,0.5,16,2,58192,133,3.9,India,0
302,84518,Koramangala,13.053304,77.466758,Private room,Independent House,2024-09-01,9,Autumn,4602,302,334,1,0.56,17,1,78234,349,4.4,India,0
302,84518,Koramangala,13.053304,77.466758,Private room,Independent House,2024-10-01,10,Autumn,3967,302,334,1,0.55,17,1,67439,115,4.5,India,1
302,84518,Koramangala,13.053304,77.466758,Private room,Independent House,2024-11-01,11,Winter,4202,302,334,1,0.57,17,3,71434,78,4.0,Canada,0
302,84518,Koramangala,13.053304,77.466758,Private room,Independent House,2024-12-01,12,Winter,4899,302,334,1,0.52,16,2,78384,163,5.0,India,0
303,97852,Malleshwaram,12.707702,77.679661,Entire home/apt,Serviced Apartment,2024-01-01,1,Winter,5876,316,361,1,0.34,11,1,64636,301,4.5,India,0
303,97852,Malleshwaram,12.707702,77.679661,Entire home/apt,Serviced Apartment,2024-02-01,2,Winter,4972,316,361,1,0.47,14,2,69608,178,4.3,USA,0
303,97852,Malleshwaram,12.707702,77.679661,Entire home/apt,Serviced Apartment,2024-03-01,3,Spring,5277,316,361,1,0.53,16,3,84432,188,3.5,India,0
303,97852,Malleshwaram,12.707702,77.679661,Entire home/apt,Serviced Apartment,2024-04-01,4,Spring,5175,316,361,1,0.43,13,4,67275,203,5.0,India,0
303,97852,Malleshwaram,12.707702,77.679661,Entire home/apt,Serviced Apartment,2024-05-01,5,Spring,4743,316,361,1,0.56,17,3,80631,321,4.6,USA,0
303,97852,Malleshwaram,12.707702,77.679661,Entire home/apt,Serviced Apartment,2024-06-01,6,Summer,5164,316,361,1,0.72,22,2,113608,284,4.5,India,0
303,97852,Malleshwaram,12.707702,77.679661,Entire home/apt,Serviced Apartment,2024-07-01,7,Monsoon,4319,316,361,1,0.43,13,2,56147,103,4.4,UK,0
303,97852,Malleshwaram,12.707702,77.679661,Entire home/apt,Serviced Apartment,2024-08-01,8,Monsoon,4328,316,361,1,0.61,19,2,82232,100,4.7,India,0
303,97852,Malleshwaram,12.707702,77.679661,Entire home/apt,Serviced Apartment,2024-09-01,9,Autumn,5023,316,361,1,0.72,22,2,110506,61,5.0,India,0
303,97852,Malleshwaram,12.707702,77.679661,Entire home/apt,Serviced Apartment,2024-10-01,10,Autumn,4929,316,361,1,0.69,21,2,103509,228,4.4,India,0
303,97852,Malleshwaram,12.707702,77.679661,Entire home/apt,Serviced Apartment,2024-11-01,11,Winter,5142,316,361,1,0.69,21,3,107982,207,4.9,India,0
303,97852,Malleshwaram,12.707702,77.679661,Entire home/apt,Serviced Apartment,2024-12-01,12,Winter,6149,316,361,1,0.43,13,2,79937,198,3.9,Germany,0
304,36946,Hebbal,13.003904,77.670711,Entire home/apt,Independent House,2024-01-01,1,Winter,4252,529,235,3,0.63,20,2,85040,331,4.8,India,0
304,36946,Hebbal,13.003904,77.670711,Entire home/apt,Independent House,2024-02-01,2,Winter,3395,529,235,3,0.71,21,4,71295,129,3.3,India,0
304,36946,Hebbal,13.003904,77.670711,Entire home/apt,Independent House,2024-03-01,3,Spring,3552,529,235,3,0.38,12,1,42624,6,4.2,India,0
304,36946,Hebbal,13.003904,77.670711,Entire home/apt,Independent House,2024-04-01,4,Spring,3863,529,235,3,0.56,17,2,65671,170,4.7,India,0
304,36946,Hebbal,13.003904,77.670711,Entire home/apt,Independent House,2024-05-01,5,Spring,3570,529,235,3,0.37,11,4,39270,198,4.0,USA,0
304,36946,Hebbal,13.003904,77.670711,Entire home/apt,Independent House,2024-06-01,6,Summer,3530,529,235,3,0.42,13,2,45890,200,3.9,India,0
304,36946,Hebbal,13.003904,77.670711,Entire home/apt,Independent House,2024-07-01,7,Monsoon,3299,529,235,3,0.72,22,2,72578,251,5.0,India,0
304,36946,Hebbal,13.003904,77.670711,Entire home/apt,Independent House,2024-08-01,8,Monsoon,3142,529,235,3,0.61,19,3,59698,341,5.0,Australia,0
304,36946,Hebbal,13.003904,77.670711,Entire home/apt,Independent House,2024-09-01,9,Autumn,3323,529,235,3,0.68,20,2,66460,315,4.6,India,0
304,36946,Hebbal,13.003904,77.670711,Entire home/apt,Independent House,2024-10-01,10,Autumn,3633,529,235,3,0.54,17,1,61761,15,5.0,India,0
304,36946,Hebbal,13.003904,77.670711,Entire home/apt,Independent House,2024-11-01,11,Winter,3495,529,235,3,0.29,9,4,31455,0,5.0,India,0
304,36946,Hebbal,13.003904,77.670711,Entire home/apt,Independent House,2024-12-01,12,Winter,4124,529,235,3,0.7,22,2,90728,290,4.5,Canada,0
305,58241,Hebbal,12.958309,77.741282,Private room,Villa,2024-01-01,1,Winter,6224,470,118,3,0.59,18,2,112032,11,4.7,India,1
305,58241,Hebbal,12.958309,77.741282,Private room,Villa,2024-02-01,2,Winter,4509,470,118,3,0.53,15,2,67635,72,4.1,India,0
305,58241,Hebbal,12.958309,77.741282,Private room,Villa,2024-03-01,3,Spring,5436,470,118,3,0.34,11,4,59796,104,4.0,India,0
305,58241,Hebbal,12.958309,77.741282,Private room,Villa,2024-04-01,4,Spring,5722,470,118,3,0.67,20,3,114440,349,4.5,Germany,0
305,58241,Hebbal,12.958309,77.741282,Private room,Villa,2024-05-01,5,Spring,4947,470,118,3,0.48,15,4,74205,243,4.7,India,0
305,58241,Hebbal,12.958309,77.741282,Private room,Villa,2024-06-01,6,Summer,4776,470,118,3,0.66,20,2,95520,120,4.4,India,0
305,58241,Hebbal,12.958309,77.741282,Private room,Villa,2024-07-01,7,Monsoon,4336,470,118,3,0.52,16,4,69376,285,4.3,India,0
305,58241,Hebbal,12.958309,77.741282,Private room,Villa,2024-08-01,8,Monsoon,4484,470,118,3,0.43,13,1,58292,288,4.7,India,0
305,58241,Hebbal,12.958309,77.741282,Private room,Villa,2024-09-01,9,Autumn,5154,470,118,3,0.41,12,3,61848,78,4.4,India,0
305,58241,Hebbal,12.958309,77.741282,Private room,Villa,2024-10-01,10,Autumn,5003,470,118,3,0.45,14,2,70042,193,4.7,India,0
305,58241,Hebbal,12.958309,77.741282,Private room,Villa,2024-11-01,11,Winter,5022,470,118,3,0.68,20,4,100440,211,4.3,India,0
305,58241,Hebbal,12.958309,77.741282,Private room,Villa,2024-12-01,12,Winter,5950,470,118,3,0.47,15,1,89250,22,4.1,India,0
306,46808,Basavanagudi,12.987548,77.51081,Entire home/apt,Villa,2024-01-01,1,Winter,5687,125,176,2,0.77,24,3,136488,0,4.5,Netherlands,1
306,46808,Basavanagudi,12.987548,77.51081,Entire home/apt,Villa,2024-02-01,2,Winter,4350,125,176,2,0.33,10,3,43500,222,5.0,India,0
306,46808,Basavanagudi,12.987548,77.51081,Entire home/apt,Villa,2024-03-01,3,Spring,4476,125,176,2,0.55,17,3,76092,118,3.8,USA,0
306,46808,Basavanagudi,12.987548,77.51081,Entire home/apt,Villa,2024-04-01,4,Spring,4691,125,176,2,0.41,12,3,56292,146,4.5,India,0
306,46808,Basavanagudi,12.987548,77.51081,Entire home/apt,Villa,2024-05-01,5,Spring,4069,125,176,2,0.41,13,3,52897,233,4.2,France,0
306,46808,Basavanagudi,12.987548,77.51081,Entire home/apt,Villa,2024-06-01,6,Summer,4222,125,176,2,0.38,11,3,46442,191,4.2,India,0
306,46808,Basavanagudi,12.987548,77.51081,Entire home/apt,Villa,2024-07-01,7,Monsoon,3891,125,176,2,0.96,30,2,116730,282,4.7,India,0
306,46808,Basavanagudi,12.987548,77.51081,Entire home/apt,Villa,2024-08-01,8,Monsoon,3576,125,176,2,0.52,16,2,57216,327,4.5,India,0
306,46808,Basavanagudi,12.987548,77.51081,Entire home/apt,Villa,2024-09-01,9,Autumn,4108,125,176,2,0.71,21,2,86268,205,4.6,India,0
306,46808,Basavanagudi,12.987548,77.51081,Entire home/apt,Villa,2024-10-01,10,Autumn,4358,125,176,2,0.52,16,5,69728,149,5.0,India,0
306,46808,Basavanagudi,12.987548,77.51081,Entire home/apt,Villa,2024-11-01,11,Winter,4144,125,176,2,0.43,13,4,53872,345,5.0,India,0
306,46808,Basavanagudi,12.987548,77.51081,Entire home/apt,Villa,2024-12-01,12,Winter,4857,125,176,2,0.46,14,2,67998,221,4.2,India,0
307,28040,Yeshwanthpur,13.069888,77.643639,Entire home/apt,Studio,2024-01-01,1,Winter,8434,571,164,1,0.51,16,2,134944,320,5.0,India,0
307,28040,Yeshwanthpur,13.069888,77.643639,Entire home/apt,Studio,2024-02-01,2,Winter,6582,571,164,1,0.7,20,3,131640,81,4.6,Australia,0
307,28040,Yeshwanthpur,13.069888,77.643639,Entire home/apt,Studio,2024-03-01,3,Spring,7150,571,164,1,0.52,16,3,114400,105,4.4,France,0
307,28040,Yeshwanthpur,13.069888,77.643639,Entire home/apt,Studio,2024-04-01,4,Spring,7280,571,164,1,0.61,18,2,131040,214,4.5,Singapore,0
307,28040,Yeshwanthpur,13.069888,77.643639,Entire home/apt,Studio,2024-05-01,5,Spring,6810,571,164,1,0.11,3,5,20430,278,4.7,India,0
307,28040,Yeshwanthpur,13.069888,77.643639,Entire home/apt,Studio,2024-06-01,6,Summer,6652,571,164,1,0.73,22,2,146344,2,4.5,India,0
307,28040,Yeshwanthpur,13.069888,77.643639,Entire home/apt,Studio,2024-07-01,7,Monsoon,5899,571,164,1,0.71,22,3,129778,84,5.0,USA,0
307,28040,Yeshwanthpur,13.069888,77.643639,Entire home/apt,Studio,2024-08-01,8,Monsoon,5798,571,164,1,0.6,19,3,110162,171,5.0,India,0
307,28040,Yeshwanthpur,13.069888,77.643639,Entire home/apt,Studio,2024-09-01,9,Autumn,6085,571,164,1,0.45,14,2,85190,191,5.0,India,0
307,28040,Yeshwanthpur,13.069888,77.643639,Entire home/apt,Studio,2024-10-01,10,Autumn,6727,571,164,1,0.64,20,2,134540,336,4.3,Germany,0
307,28040,Yeshwanthpur,13.069888,77.643639,Entire home/apt,Studio,2024-11-01,11,Winter,6333,571,164,1,0.47,14,2,88662,208,5.0,India,0
307,28040,Yeshwanthpur,13.069888,77.643639,Entire home/apt,Studio,2024-12-01,12,Winter,8011,571,164,1,0.57,18,5,144198,115,4.2,India,0
308,34684,Indiranagar,13.057273,77.740784,Private room,Serviced Apartment,2024-01-01,1,Winter,5619,219,153,1,0.35,11,3,61809,156,3.9,India,0
308,34684,Indiranagar,13.057273,77.740784,Private room,Serviced Apartment,2024-02-01,2,Winter,4512,219,153,1,0.4,12,4,54144,277,5.0,India,0
308,34684,Indiranagar,13.057273,77.740784,Private room,Serviced Apartment,2024-03-01,3,Spring,4550,219,153,1,0.48,15,5,68250,97,4.5,India,0
308,34684,Indiranagar,13.057273,77.740784,Private room,Serviced Apartment,2024-04-01,4,Spring,4889,219,153,1,0.43,13,1,63557,61,4.1,India,0
308,34684,Indiranagar,13.057273,77.740784,Private room,Serviced Apartment,2024-05-01,5,Spring,4313,219,153,1,0.56,17,4,73321,348,5.0,India,0
308,34684,Indiranagar,13.057273,77.740784,Private room,Serviced Apartment,2024-06-01,6,Summer,4526,219,153,1,0.78,23,2,104098,60,4.7,India,0
308,34684,Indiranagar,13.057273,77.740784,Private room,Serviced Apartment,2024-07-01,7,Monsoon,4281,219,153,1,0.18,6,2,25686,206,4.4,India,0
308,34684,Indiranagar,13.057273,77.740784,Private room,Serviced Apartment,2024-08-01,8,Monsoon,4320,219,153,1,0.51,16,3,69120,175,5.0,India,0
308,34684,Indiranagar,13.057273,77.740784,Private room,Serviced Apartment,2024-09-01,9,Autumn,4807,219,153,1,0.53,16,2,76912,219,4.3,India,0
308,34684,Indiranagar,13.057273,77.740784,Private room,Serviced Apartment,2024-10-01,10,Autumn,4309,219,153,1,0.51,16,4,68944,325,4.0,India,1
308,34684,Indiranagar,13.057273,77.740784,Private room,Serviced Apartment,2024-11-01,11,Winter,4596,219,153,1,0.38,11,2,50556,16,4.7,India,0
308,34684,Indiranagar,13.057273,77.740784,Private room,Serviced Apartment,2024-12-01,12,Winter,5763,219,153,1,0.35,11,2,63393,130,5.0,USA,0
309,60299,Residency Road,13.007915,77.576811,Entire home/apt,Villa,2024-01-01,1,Winter,4994,412,331,1,0.65,20,2,99880,249,5.0,UK,0
309,60299,Residency Road,13.007915,77.576811,Entire home/apt,Villa,2024-02-01,2,Winter,4097,412,331,1,0.86,25,2,102425,47,4.5,India,0
309,60299,Residency Road,13.007915,77.576811,Entire home/apt,Villa,2024-03-01,3,Spring,4755,412,331,1,0.6,19,3,90345,323,4.7,UAE,0
309,60299,Residency Road,13.007915,77.576811,Entire home/apt,Villa,2024-04-01,4,Spring,4193,412,331,1,0.61,18,2,75474,172,4.2,India,0
309,60299,Residency Road,13.007915,77.576811,Entire home/apt,Villa,2024-05-01,5,Spring,3947,412,331,1,0.82,25,5,98675,17,4.4,India,0
309,60299,Residency Road,13.007915,77.576811,Entire home/apt,Villa,2024-06-01,6,Summer,3916,412,331,1,0.5,15,3,58740,231,4.0,India,0
309,60299,Residency Road,13.007915,77.576811,Entire home/apt,Villa,2024-07-01,7,Monsoon,3990,412,331,1,0.45,14,2,55860,5,4.7,India,0
309,60299,Residency Road,13.007915,77.576811,Entire home/apt,Villa,2024-08-01,8,Monsoon,3975,412,331,1,0.48,15,3,59625,345,4.7,UK,0
309,60299,Residency Road,13.007915,77.576811,Entire home/apt,Villa,2024-09-01,9,Autumn,3910,412,331,1,0.92,28,4,109480,227,4.9,India,0
309,60299,Residency Road,13.007915,77.576811,Entire home/apt,Villa,2024-10-01,10,Autumn,4078,412,331,1,0.44,14,2,57092,140,4.5,India,0
309,60299,Residency Road,13.007915,77.576811,Entire home/apt,Villa,2024-11-01,11,Winter,4049,412,331,1,0.85,26,4,105274,334,4.0,USA,0
309,60299,Residency Road,13.007915,77.576811,Entire home/apt,Villa,2024-12-01,12,Winter,5171,412,331,1,0.55,17,2,87907,60,4.5,India,0
310,69208,Basavanagudi,13.041422,77.461945,Entire home/apt,Serviced Apartment,2024-01-01,1,Winter,4385,282,136,2,0.66,20,5,87700,39,4.7,India,0
310,69208,Basavanagudi,13.041422,77.461945,Entire home/apt,Serviced Apartment,2024-02-01,2,Winter,2763,282,136,2,0.62,18,1,49734,334,3.8,UAE,0
310,69208,Basavanagudi,13.041422,77.461945,Entire home/apt,Serviced Apartment,2024-03-01,3,Spring,3834,282,136,2,0.79,24,3,92016,22,4.1,India,0
310,69208,Basavanagudi,13.041422,77.461945,Entire home/apt,Serviced Apartment,2024-04-01,4,Spring,3653,282,136,2,0.48,14,2,51142,349,5.0,India,0
310,69208,Basavanagudi,13.041422,77.461945,Entire home/apt,Serviced Apartment,2024-05-01,5,Spring,3388,282,136,2,0.83,26,2,88088,227,4.7,Germany,0
310,69208,Basavanagudi,13.041422,77.461945,Entire home/apt,Serviced Apartment,2024-06-01,6,Summer,3417,282,136,2,0.58,17,4,58089,59,4.8,India,0
310,69208,Basavanagudi,13.041422,77.461945,Entire home/apt,Serviced Apartment,2024-07-01,7,Monsoon,2685,282,136,2,0.58,18,2,48330,309,4.5,India,0
310,69208,Basavanagudi,13.041422,77.461945,Entire home/apt,Serviced Apartment,2024-08-01,8,Monsoon,3177,282,136,2,0.54,17,2,54009,187,4.1,Germany,0
310,69208,Basavanagudi,13.041422,77.461945,Entire home/apt,Serviced Apartment,2024-09-01,9,Autumn,3370,282,136,2,0.41,12,2,40440,268,3.7,UAE,0
310,69208,Basavanagudi,13.041422,77.461945,Entire home/apt,Serviced Apartment,2024-10-01,10,Autumn,3514,282,136,2,0.66,20,2,70280,278,4.7,India,0
310,69208,Basavanagudi,13.041422,77.461945,Entire home/apt,Serviced Apartment,2024-11-01,11,Winter,3629,282,136,2,0.47,14,2,50806,285,3.9,USA,0
310,69208,Basavanagudi,13.041422,77.461945,Entire home/apt,Serviced Apartment,2024-12-01,12,Winter,4197,282,136,2,0.52,16,1,67152,44,4.2,India,0
311,56876,Marathahalli,12.860531,77.725782,Private room,Independent House,2024-01-01,1,Winter,3888,208,141,1,0.52,16,2,62208,292,4.0,India,0
311,56876,Marathahalli,12.860531,77.725782,Private room,Independent House,2024-02-01,2,Winter,3450,208,141,1,0.49,14,3,48300,279,4.9,India,0
311,56876,Marathahalli,12.860531,77.725782,Private room,Independent House,2024-03-01,3,Spring,4064,208,141,1,0.69,21,2,85344,34,3.9,Netherlands,0
311,56876,Marathahalli,12.860531,77.725782,Private room,Independent House,2024-04-01,4,Spring,4045,208,141,1,0.82,25,3,101125,298,4.5,India,0
311,56876,Marathahalli,12.860531,77.725782,Private room,Independent House,2024-05-01,5,Spring,3668,208,141,1,0.5,16,3,58688,118,3.8,India,0
311,56876,Marathahalli,12.860531,77.725782,Private room,Independent House,2024-06-01,6,Summer,3252,208,141,1,0.85,26,2,84552,200,3.9,India,0
311,56876,Marathahalli,12.860531,77.725782,Private room,Independent House,2024-07-01,7,Monsoon,3063,208,141,1,0.59,18,1,55134,6,4.3,India,0
311,56876,Marathahalli,12.860531,77.725782,Private room,Independent House,2024-08-01,8,Monsoon,2975,208,141,1,0.6,19,3,56525,299,4.3,India,0
311,56876,Marathahalli,12.860531,77.725782,Private room,Independent House,2024-09-01,9,Autumn,3120,208,141,1,0.62,19,2,59280,70,4.9,India,0
311,56876,Marathahalli,12.860531,77.725782,Private room,Independent House,2024-10-01,10,Autumn,3577,208,141,1,0.46,14,2,50078,245,4.0,Germany,0
311,56876,Marathahalli,12.860531,77.725782,Private room,Independent House,2024-11-01,11,Winter,3348,208,141,1,0.82,25,2,83700,245,4.8,India,0
311,56876,Marathahalli,12.860531,77.725782,Private room,Independent House,2024-12-01,12,Winter,4395,208,141,1,0.72,22,2,96690,283,4.7,India,0
312,19295,Jayanagar,12.966833,77.707354,Entire home/apt,Apartment,2024-01-01,1,Winter,4446,399,324,1,0.33,10,3,44460,126,4.8,India,0
312,19295,Jayanagar,12.966833,77.707354,Entire home/apt,Apartment,2024-02-01,2,Winter,3891,399,324,1,0.38,11,3,42801,115,4.8,France,0
312,19295,Jayanagar,12.966833,77.707354,Entire home/apt,Apartment,2024-03-01,3,Spring,4344,399,324,1,0.54,17,2,73848,221,4.2,India,0
312,19295,Jayanagar,12.966833,77.707354,Entire home/apt,Apartment,2024-04-01,4,Spring,4032,399,324,1,0.46,14,2,56448,202,4.3,India,0
312,19295,Jayanagar,12.966833,77.707354,Entire home/apt,Apartment,2024-05-01,5,Spring,3730,399,324,1,0.3,9,3,33570,191,3.9,India,0
312,19295,Jayanagar,12.966833,77.707354,Entire home/apt,Apartment,2024-06-01,6,Summer,3647,399,324,1,0.54,16,3,58352,115,4.6,USA,0
312,19295,Jayanagar,12.966833,77.707354,Entire home/apt,Apartment,2024-07-01,7,Monsoon,3654,399,324,1,0.56,17,2,62118,314,4.7,Canada,0
312,19295,Jayanagar,12.966833,77.707354,Entire home/apt,Apartment,2024-08-01,8,Monsoon,3084,399,324,1,0.66,20,3,61680,208,4.3,India,0
312,19295,Jayanagar,12.966833,77.707354,Entire home/apt,Apartment,2024-09-01,9,Autumn,3658,399,324,1,0.53,16,3,58528,80,4.9,India,0
312,19295,Jayanagar,12.966833,77.707354,Entire home/apt,Apartment,2024-10-01,10,Autumn,3383,399,324,1,0.2,6,3,20298,254,4.4,UK,0
312,19295,Jayanagar,12.966833,77.707354,Entire home/apt,Apartment,2024-11-01,11,Winter,3737,399,324,1,0.57,17,1,63529,33,5.0,India,0
312,19295,Jayanagar,12.966833,77.707354,Entire home/apt,Apartment,2024-12-01,12,Winter,4642,399,324,1,0.46,14,3,64988,74,3.6,UK,1
313,46357,Malleshwaram,12.812333,77.64505,Shared room,Villa,2024-01-01,1,Winter,3940,454,235,3,0.53,16,4,63040,240,4.7,India,0
313,46357,Malleshwaram,12.812333,77.64505,Shared room,Villa,2024-02-01,2,Winter,3012,454,235,3,0.62,18,4,54216,301,5.0,India,0
313,46357,Malleshwaram,12.812333,77.64505,Shared room,Villa,2024-03-01,3,Spring,3502,454,235,3,0.36,11,4,38522,309,4.5,India,0
313,46357,Malleshwaram,12.812333,77.64505,Shared room,Villa,2024-04-01,4,Spring,3092,454,235,3,0.58,17,3,52564,70,4.7,India,0
313,46357,Malleshwaram,12.812333,77.64505,Shared room,Villa,2024-05-01,5,Spring,3550,454,235,3,0.5,16,1,56800,250,4.7,Netherlands,0
313,46357,Malleshwaram,12.812333,77.64505,Shared room,Villa,2024-06-01,6,Summer,3043,454,235,3,0.48,14,3,42602,315,3.9,India,0
313,46357,Malleshwaram,12.812333,77.64505,Shared room,Villa,2024-07-01,7,Monsoon,2855,454,235,3,0.48,15,2,42825,137,4.6,UAE,0
313,46357,Malleshwaram,12.812333,77.64505,Shared room,Villa,2024-08-01,8,Monsoon,2769,454,235,3,0.54,17,4,47073,304,4.4,India,0
313,46357,Malleshwaram,12.812333,77.64505,Shared room,Villa,2024-09-01,9,Autumn,3149,454,235,3,0.54,16,2,50384,165,4.5,UAE,0
313,46357,Malleshwaram,12.812333,77.64505,Shared room,Villa,2024-10-01,10,Autumn,3367,454,235,3,0.51,16,3,53872,178,4.4,Netherlands,0
313,46357,Malleshwaram,12.812333,77.64505,Shared room,Villa,2024-11-01,11,Winter,3179,454,235,3,0.42,13,2,41327,346,4.4,India,0
313,46357,Malleshwaram,12.812333,77.64505,Shared room,Villa,2024-12-01,12,Winter,4424,454,235,3,0.39,12,2,53088,217,4.4,India,0
314,90354,Jayanagar,13.020898,77.6565,Entire home/apt,Villa,2024-01-01,1,Winter,3727,262,357,3,0.58,18,2,67086,236,3.8,India,0
314,90354,Jayanagar,13.020898,77.6565,Entire home/apt,Villa,2024-02-01,2,Winter,3242,262,357,3,0.64,19,3,61598,149,4.0,India,0
314,90354,Jayanagar,13.020898,77.6565,Entire home/apt,Villa,2024-03-01,3,Spring,2885,262,357,3,0.4,12,2,34620,324,4.4,France,0
314,90354,Jayanagar,13.020898,77.6565,Entire home/apt,Villa,2024-04-01,4,Spring,3854,262,357,3,0.62,19,2,73226,331,3.8,Germany,0
314,90354,Jayanagar,13.020898,77.6565,Entire home/apt,Villa,2024-05-01,5,Spring,2898,262,357,3,0.53,16,2,46368,200,4.6,India,0
314,90354,Jayanagar,13.020898,77.6565,Entire home/apt,Villa,2024-06-01,6,Summer,2773,262,357,3,0.52,16,2,44368,290,4.2,India,0
314,90354,Jayanagar,13.020898,77.6565,Entire home/apt,Villa,2024-07-01,7,Monsoon,2511,262,357,3,0.58,18,2,45198,130,4.8,India,0
314,90354,Jayanagar,13.020898,77.6565,Entire home/apt,Villa,2024-08-01,8,Monsoon,2899,262,357,3,0.63,20,2,57980,192,4.3,Germany,0
314,90354,Jayanagar,13.020898,77.6565,Entire home/apt,Villa,2024-09-01,9,Autumn,3177,262,357,3,0.59,18,5,57186,1,4.6,India,0
314,90354,Jayanagar,13.020898,77.6565,Entire home/apt,Villa,2024-10-01,10,Autumn,2913,262,357,3,0.47,15,4,43695,130,4.5,UAE,0
314,90354,Jayanagar,13.020898,77.6565,Entire home/apt,Villa,2024-11-01,11,Winter,3522,262,357,3,0.59,18,5,63396,298,4.3,France,0
314,90354,Jayanagar,13.020898,77.6565,Entire home/apt,Villa,2024-12-01,12,Winter,3627,262,357,3,0.47,15,3,54405,215,5.0,India,1
315,66060,Marathahalli,12.938109,77.59291,Entire home/apt,Apartment,2024-01-01,1,Winter,3700,436,151,2,0.62,19,2,70300,27,4.8,India,1
315,66060,Marathahalli,12.938109,77.59291,Entire home/apt,Apartment,2024-02-01,2,Winter,2906,436,151,2,0.49,14,2,40684,274,5.0,India,0
315,66060,Marathahalli,12.938109,77.59291,Entire home/apt,Apartment,2024-03-01,3,Spring,3518,436,151,2,0.7,22,3,77396,216,4.8,India,0
315,66060,Marathahalli,12.938109,77.59291,Entire home/apt,Apartment,2024-04-01,4,Spring,3413,436,151,2,0.89,27,4,92151,290,4.5,India,0
315,66060,Marathahalli,12.938109,77.59291,Entire home/apt,Apartment,2024-05-01,5,Spring,3135,436,151,2,0.37,11,2,34485,319,4.2,USA,0
315,66060,Marathahalli,12.938109,77.59291,Entire home/apt,Apartment,2024-06-01,6,Summer,2780,436,151,2,0.78,23,2,63940,123,3.5,India,0
315,66060,Marathahalli,12.938109,77.59291,Entire home/apt,Apartment,2024-07-01,7,Monsoon,2638,436,151,2,0.14,4,3,10552,292,4.2,UK,0
315,66060,Marathahalli,12.938109,77.59291,Entire home/apt,Apartment,2024-08-01,8,Monsoon,2620,436,151,2,0.79,24,4,62880,181,4.7,Australia,0
315,66060,Marathahalli,12.938109,77.59291,Entire home/apt,Apartment,2024-09-01,9,Autumn,2854,436,151,2,0.75,22,2,62788,283,4.5,India,0
315,66060,Marathahalli,12.938109,77.59291,Entire home/apt,Apartment,2024-10-01,10,Autumn,3027,436,151,2,0.41,13,3,39351,87,4.1,Germany,0
315,66060,Marathahalli,12.938109,77.59291,Entire home/apt,Apartment,2024-11-01,11,Winter,2855,436,151,2,0.59,18,2,51390,315,4.5,India,0
315,66060,Marathahalli,12.938109,77.59291,Entire home/apt,Apartment,2024-12-01,12,Winter,4083,436,151,2,0.64,20,2,81660,292,3.4,USA,0
316,45353,Marathahalli,12.749825,77.523858,Entire home/apt,Independent House,2024-01-01,1,Winter,4575,82,315,2,0.46,14,4,64050,112,4.2,India,1
316,45353,Marathahalli,12.749825,77.523858,Entire home/apt,Independent House,2024-02-01,2,Winter,3540,82,315,2,0.62,18,3,63720,222,3.9,India,0
316,45353,Marathahalli,12.749825,77.523858,Entire home/apt,Independent House,2024-03-01,3,Spring,4267,82,315,2,0.92,29,3,123743,197,4.0,India,0
316,45353,Marathahalli,12.749825,77.523858,Entire home/apt,Independent House,2024-04-01,4,Spring,4140,82,315,2,0.21,6,2,24840,41,4.4,India,0
316,45353,Marathahalli,12.749825,77.523858,Entire home/apt,Independent House,2024-05-01,5,Spring,3943,82,315,2,0.69,21,2,82803,76,4.5,USA,0
316,45353,Marathahalli,12.749825,77.523858,Entire home/apt,Independent House,2024-06-01,6,Summer,3992,82,315,2,0.97,29,2,115768,314,5.0,UK,0
316,45353,Marathahalli,12.749825,77.523858,Entire home/apt,Independent House,2024-07-01,7,Monsoon,3329,82,315,2,0.37,11,1,36619,139,4.3,India,0
316,45353,Marathahalli,12.749825,77.523858,Entire home/apt,Independent House,2024-08-01,8,Monsoon,3244,82,315,2,0.65,20,3,64880,223,4.0,UK,0
316,45353,Marathahalli,12.749825,77.523858,Entire home/apt,Independent House,2024-09-01,9,Autumn,3801,82,315,2,0.71,21,3,79821,164,4.5,India,0
316,45353,Marathahalli,12.749825,77.523858,Entire home/apt,Independent House,2024-10-01,10,Autumn,3626,82,315,2,0.76,24,3,87024,198,3.7,France,0
316,45353,Marathahalli,12.749825,77.523858,Entire home/apt,Independent House,2024-11-01,11,Winter,3750,82,315,2,0.58,17,2,63750,39,4.5,India,0
316,45353,Marathahalli,12.749825,77.523858,Entire home/apt,Independent House,2024-12-01,12,Winter,4804,82,315,2,0.68,21,3,100884,193,4.5,India,0
317,38564,Yeshwanthpur,12.841306,77.532243,Private room,Independent House,2024-01-01,1,Winter,3700,238,274,5,0.68,21,5,77700,288,4.2,India,0
317,38564,Yeshwanthpur,12.841306,77.532243,Private room,Independent House,2024-02-01,2,Winter,3227,238,274,5,0.56,16,2,51632,11,4.3,India,0
317,38564,Yeshwanthpur,12.841306,77.532243,Private room,Independent House,2024-03-01,3,Spring,3486,238,274,5,0.45,14,2,48804,195,4.8,India,0
317,38564,Yeshwanthpur,12.841306,77.532243,Private room,Independent House,2024-04-01,4,Spring,3405,238,274,5,0.47,14,2,47670,228,4.7,UAE,0
317,38564,Yeshwanthpur,12.841306,77.532243,Private room,Independent House,2024-05-01,5,Spring,3167,238,274,5,0.73,23,1,72841,130,4.9,India,0
317,38564,Yeshwanthpur,12.841306,77.532243,Private room,Independent House,2024-06-01,6,Summer,3156,238,274,5,0.39,12,2,37872,133,5.0,India,0
317,38564,Yeshwanthpur,12.841306,77.532243,Private room,Independent House,2024-07-01,7,Monsoon,2472,238,274,5,0.7,22,2,54384,299,4.7,India,0
317,38564,Yeshwanthpur,12.841306,77.532243,Private room,Independent House,2024-08-01,8,Monsoon,2518,238,274,5,0.54,17,3,42806,100,4.5,Australia,0
317,38564,Yeshwanthpur,12.841306,77.532243,Private room,Independent House,2024-09-01,9,Autumn,3319,238,274,5,0.45,14,5,46466,186,4.4,India,0
317,38564,Yeshwanthpur,12.841306,77.532243,Private room,Independent House,2024-10-01,10,Autumn,2591,238,274,5,0.82,25,2,64775,81,4.1,India,0
317,38564,Yeshwanthpur,12.841306,77.532243,Private room,Independent House,2024-11-01,11,Winter,3123,238,274,5,0.54,16,1,49968,40,4.5,India,0
317,38564,Yeshwanthpur,12.841306,77.532243,Private room,Independent House,2024-12-01,12,Winter,3983,238,274,5,0.81,25,2,99575,76,4.6,India,0
318,46505,HSR Layout,12.791635,77.54348,Entire home/apt,Independent House,2024-01-01,1,Winter,5560,349,127,1,0.46,14,3,77840,90,4.9,India,0
318,46505,HSR Layout,12.791635,77.54348,Entire home/apt,Independent House,2024-02-01,2,Winter,4508,349,127,1,0.69,20,2,90160,85,4.2,India,0
318,46505,HSR Layout,12.791635,77.54348,Entire home/apt,Independent House,2024-03-01,3,Spring,4681,349,127,1,0.56,17,4,79577,100,4.0,India,0
318,46505,HSR Layout,12.791635,77.54348,Entire home/apt,Independent House,2024-04-01,4,Spring,5032,349,127,1,0.53,16,1,80512,51,4.6,India,0
318,46505,HSR Layout,12.791635,77.54348,Entire home/apt,Independent House,2024-05-01,5,Spring,4171,349,127,1,0.33,10,3,41710,273,4.3,India,0
318,46505,HSR Layout,12.791635,77.54348,Entire home/apt,Independent House,2024-06-01,6,Summer,4329,349,127,1,0.63,19,2,82251,188,4.6,USA,0
318,46505,HSR Layout,12.791635,77.54348,Entire home/apt,Independent House,2024-07-01,7,Monsoon,3926,349,127,1,0.48,15,2,58890,95,4.7,India,0
318,46505,HSR Layout,12.791635,77.54348,Entire home/apt,Independent House,2024-08-01,8,Monsoon,4153,349,127,1,0.63,20,1,83060,87,4.8,UK,0
318,46505,HSR Layout,12.791635,77.54348,Entire home/apt,Independent House,2024-09-01,9,Autumn,4344,349,127,1,0.3,9,3,39096,10,4.1,India,0
318,46505,HSR Layout,12.791635,77.54348,Entire home/apt,Independent House,2024-10-01,10,Autumn,4376,349,127,1,0.53,16,4,70016,201,4.7,India,1
318,46505,HSR Layout,12.791635,77.54348,Entire home/apt,Independent House,2024-11-01,11,Winter,4621,349,127,1,0.64,19,2,87799,67,5.0,India,0
318,46505,HSR Layout,12.791635,77.54348,Entire home/apt,Independent House,2024-12-01,12,Winter,5375,349,127,1,0.41,13,3,69875,188,4.5,India,0
319,42216,Electronic City,12.770058,77.482963,Entire home/apt,Studio,2024-01-01,1,Winter,3325,533,101,1,0.68,21,5,69825,69,5.0,India,0
319,42216,Electronic City,12.770058,77.482963,Entire home/apt,Studio,2024-02-01,2,Winter,2130,533,101,1,0.69,20,3,42600,346,4.0,UK,0
319,42216,Electronic City,12.770058,77.482963,Entire home/apt,Studio,2024-03-01,3,Spring,2786,533,101,1,0.55,17,3,47362,206,4.8,Singapore,0
319,42216,Electronic City,12.770058,77.482963,Entire home/apt,Studio,2024-04-01,4,Spring,2832,533,101,1,0.8,24,2,67968,331,4.3,Canada,0
319,42216,Electronic City,12.770058,77.482963,Entire home/apt,Studio,2024-05-01,5,Spring,2675,533,101,1,0.62,19,2,50825,310,3.8,India,0
319,42216,Electronic City,12.770058,77.482963,Entire home/apt,Studio,2024-06-01,6,Summer,2351,533,101,1,0.58,17,4,39967,207,4.9,UK,0
319,42216,Electronic City,12.770058,77.482963,Entire home/apt,Studio,2024-07-01,7,Monsoon,2372,533,101,1,0.42,13,3,30836,208,4.4,India,0
319,42216,Electronic City,12.770058,77.482963,Entire home/apt,Studio,2024-08-01,8,Monsoon,2683,533,101,1,0.62,19,4,50977,64,4.4,Germany,0
319,42216,Electronic City,12.770058,77.482963,Entire home/apt,Studio,2024-09-01,9,Autumn,2632,533,101,1,0.71,21,2,55272,307,4.3,Netherlands,0
319,42216,Electronic City,12.770058,77.482963,Entire home/apt,Studio,2024-10-01,10,Autumn,2634,533,101,1,0.55,17,4,44778,59,4.8,India,0
319,42216,Electronic City,12.770058,77.482963,Entire home/apt,Studio,2024-11-01,11,Winter,2567,533,101,1,0.67,20,2,51340,191,4.2,India,0
319,42216,Electronic City,12.770058,77.482963,Entire home/apt,Studio,2024-12-01,12,Winter,3003,533,101,1,0.74,23,2,69069,8,4.5,India,0
320,29289,Electronic City,13.046079,77.687157,Private room,Villa,2024-01-01,1,Winter,4981,254,282,2,0.51,16,2,79696,116,4.4,UAE,0
320,29289,Electronic City,13.046079,77.687157,Private room,Villa,2024-02-01,2,Winter,3999,254,282,2,0.78,23,2,91977,238,4.3,India,0
320,29289,Electronic City,13.046079,77.687157,Private room,Villa,2024-03-01,3,Spring,4617,254,282,2,0.65,20,2,92340,66,4.1,India,0
320,29289,Electronic City,13.046079,77.687157,Private room,Villa,2024-04-01,4,Spring,4299,254,282,2,0.54,16,1,68784,74,4.7,UAE,0
320,29289,Electronic City,13.046079,77.687157,Private room,Villa,2024-05-01,5,Spring,3834,254,282,2,0.61,19,4,72846,151,4.1,India,0
320,29289,Electronic City,13.046079,77.687157,Private room,Villa,2024-06-01,6,Summer,4040,254,282,2,0.43,13,2,52520,197,4.1,Singapore,0
320,29289,Electronic City,13.046079,77.687157,Private room,Villa,2024-07-01,7,Monsoon,3530,254,282,2,0.84,26,4,91780,39,4.4,India,0
320,29289,Electronic City,13.046079,77.687157,Private room,Villa,2024-08-01,8,Monsoon,3597,254,282,2,0.76,24,2,86328,262,4.8,India,0
320,29289,Electronic City,13.046079,77.687157,Private room,Villa,2024-09-01,9,Autumn,3780,254,282,2,0.44,13,1,49140,245,3.6,India,0
320,29289,Electronic City,13.046079,77.687157,Private room,Villa,2024-10-01,10,Autumn,3790,254,282,2,0.78,24,2,90960,158,4.1,UAE,0
320,29289,Electronic City,13.046079,77.687157,Private room,Villa,2024-11-01,11,Winter,3982,254,282,2,0.46,14,5,55748,74,4.5,USA,0
320,29289,Electronic City,13.046079,77.687157,Private room,Villa,2024-12-01,12,Winter,4943,254,282,2,0.5,16,3,79088,30,4.6,India,0
321,78300,Rajajinagar,12.709656,77.571024,Private room,Serviced Apartment,2024-01-01,1,Winter,3798,405,257,3,0.55,17,2,64566,26,5.0,Germany,0
321,78300,Rajajinagar,12.709656,77.571024,Private room,Serviced Apartment,2024-02-01,2,Winter,3133,405,257,3,0.44,13,4,40729,249,4.5,India,0
321,78300,Rajajinagar,12.709656,77.571024,Private room,Serviced Apartment,2024-03-01,3,Spring,3286,405,257,3,0.55,17,3,55862,341,5.0,UK,0
321,78300,Rajajinagar,12.709656,77.571024,Private room,Serviced Apartment,2024-04-01,4,Spring,3375,405,257,3,0.24,7,3,23625,289,4.3,India,0
321,78300,Rajajinagar,12.709656,77.571024,Private room,Serviced Apartment,2024-05-01,5,Spring,2615,405,257,3,0.49,15,5,39225,78,3.7,UAE,0
321,78300,Rajajinagar,12.709656,77.571024,Private room,Serviced Apartment,2024-06-01,6,Summer,2827,405,257,3,0.31,9,2,25443,338,4.7,USA,0
321,78300,Rajajinagar,12.709656,77.571024,Private room,Serviced Apartment,2024-07-01,7,Monsoon,2700,405,257,3,0.59,18,3,48600,325,4.5,India,0
321,78300,Rajajinagar,12.709656,77.571024,Private room,Serviced Apartment,2024-08-01,8,Monsoon,2422,405,257,3,0.62,19,2,46018,100,5.0,India,0
321,78300,Rajajinagar,12.709656,77.571024,Private room,Serviced Apartment,2024-09-01,9,Autumn,3082,405,257,3,0.48,14,2,43148,201,3.9,India,0
321,78300,Rajajinagar,12.709656,77.571024,Private room,Serviced Apartment,2024-10-01,10,Autumn,2820,405,257,3,0.61,19,1,53580,6,4.9,Canada,0
321,78300,Rajajinagar,12.709656,77.571024,Private room,Serviced Apartment,2024-11-01,11,Winter,3053,405,257,3,0.66,20,3,61060,213,4.8,Germany,0
321,78300,Rajajinagar,12.709656,77.571024,Private room,Serviced Apartment,2024-12-01,12,Winter,3852,405,257,3,0.44,14,4,53928,218,4.6,India,0
322,37605,Indiranagar,13.096411,77.499017,Entire home/apt,Serviced Apartment,2024-01-01,1,Winter,3167,302,113,2,0.85,26,2,82342,84,4.0,UAE,0
322,37605,Indiranagar,13.096411,77.499017,Entire home/apt,Serviced Apartment,2024-02-01,2,Winter,2577,302,113,2,0.82,24,1,61848,235,4.8,Germany,0
322,37605,Indiranagar,13.096411,77.499017,Entire home/apt,Serviced Apartment,2024-03-01,3,Spring,2895,302,113,2,0.69,21,2,60795,190,5.0,Australia,0
322,37605,Indiranagar,13.096411,77.499017,Entire home/apt,Serviced Apartment,2024-04-01,4,Spring,2512,302,113,2,0.39,12,5,30144,132,4.5,India,0
322,37605,Indiranagar,13.096411,77.499017,Entire home/apt,Serviced Apartment,2024-05-01,5,Spring,2049,302,113,2,0.78,24,3,49176,169,5.0,India,0
322,37605,Indiranagar,13.096411,77.499017,Entire home/apt,Serviced Apartment,2024-06-01,6,Summer,2395,302,113,2,0.54,16,2,38320,79,4.5,India,0
322,37605,Indiranagar,13.096411,77.499017,Entire home/apt,Serviced Apartment,2024-07-01,7,Monsoon,2242,302,113,2,0.62,19,4,42598,301,4.7,India,0
322,37605,Indiranagar,13.096411,77.499017,Entire home/apt,Serviced Apartment,2024-08-01,8,Monsoon,2198,302,113,2,0.74,23,2,50554,304,4.7,UK,0
322,37605,Indiranagar,13.096411,77.499017,Entire home/apt,Serviced Apartment,2024-09-01,9,Autumn,2360,302,113,2,0.8,24,2,56640,11,4.0,India,0
322,37605,Indiranagar,13.096411,77.499017,Entire home/apt,Serviced Apartment,2024-10-01,10,Autumn,2463,302,113,2,0.75,23,2,56649,260,4.2,India,0
322,37605,Indiranagar,13.096411,77.499017,Entire home/apt,Serviced Apartment,2024-11-01,11,Winter,2542,302,113,2,0.68,20,5,50840,26,4.2,Canada,0
322,37605,Indiranagar,13.096411,77.499017,Entire home/apt,Serviced Apartment,2024-12-01,12,Winter,3087,302,113,2,0.58,18,2,55566,131,4.3,India,0
323,39311,Frazer Town,13.052298,77.524621,Private room,Apartment,2024-01-01,1,Winter,8027,185,357,3,0.54,17,2,136459,204,4.1,India,0
323,39311,Frazer Town,13.052298,77.524621,Private room,Apartment,2024-02-01,2,Winter,6282,185,357,3,0.7,20,1,125640,83,4.9,India,0
323,39311,Frazer Town,13.052298,77.524621,Private room,Apartment,2024-03-01,3,Spring,7200,185,357,3,0.99,31,4,223200,339,4.6,India,0
323,39311,Frazer Town,13.052298,77.524621,Private room,Apartment,2024-04-01,4,Spring,6756,185,357,3,0.67,20,2,135120,29,4.4,India,0
323,39311,Frazer Town,13.052298,77.524621,Private room,Apartment,2024-05-01,5,Spring,6447,185,357,3,0.41,13,4,83811,78,5.0,India,0
323,39311,Frazer Town,13.052298,77.524621,Private room,Apartment,2024-06-01,6,Summer,6433,185,357,3,0.35,10,5,64330,170,4.2,UAE,0
323,39311,Frazer Town,13.052298,77.524621,Private room,Apartment,2024-07-01,7,Monsoon,5798,185,357,3,0.78,24,2,139152,120,4.0,India,0
323,39311,Frazer Town,13.052298,77.524621,Private room,Apartment,2024-08-01,8,Monsoon,5777,185,357,3,0.31,10,5,57770,202,4.5,India,0
323,39311,Frazer Town,13.052298,77.524621,Private room,Apartment,2024-09-01,9,Autumn,6484,185,357,3,0.52,16,2,103744,120,3.9,India,0
323,39311,Frazer Town,13.052298,77.524621,Private room,Apartment,2024-10-01,10,Autumn,6291,185,357,3,0.51,16,3,100656,84,4.8,India,0
323,39311,Frazer Town,13.052298,77.524621,Private room,Apartment,2024-11-01,11,Winter,6085,185,357,3,0.48,14,3,85190,42,3.7,India,0
323,39311,Frazer Town,13.052298,77.524621,Private room,Apartment,2024-12-01,12,Winter,7860,185,357,3,0.58,18,1,141480,4,4.0,India,0
324,22099,Jayanagar,13.096735,77.450626,Entire home/apt,Independent House,2024-01-01,1,Winter,4622,454,229,3,0.58,18,3,83196,182,4.6,India,0
324,22099,Jayanagar,13.096735,77.450626,Entire home/apt,Independent House,2024-02-01,2,Winter,3492,454,229,3,0.85,25,2,87300,158,4.3,India,0
324,22099,Jayanagar,13.096735,77.450626,Entire home/apt,Independent House,2024-03-01,3,Spring,4236,454,229,3,0.66,20,1,84720,298,4.4,India,0
324,22099,Jayanagar,13.096735,77.450626,Entire home/apt,Independent House,2024-04-01,4,Spring,4226,454,229,3,0.58,17,1,71842,0,3.9,France,0
324,22099,Jayanagar,13.096735,77.450626,Entire home/apt,Independent House,2024-05-01,5,Spring,3666,454,229,3,0.45,14,2,51324,87,4.3,UAE,0
324,22099,Jayanagar,13.096735,77.450626,Entire home/apt,Independent House,2024-06-01,6,Summer,3472,454,229,3,0.71,21,4,72912,251,5.0,India,0
324,22099,Jayanagar,13.096735,77.450626,Entire home/apt,Independent House,2024-07-01,7,Monsoon,3553,454,229,3,0.73,23,3,81719,315,4.4,France,0
324,22099,Jayanagar,13.096735,77.450626,Entire home/apt,Independent House,2024-08-01,8,Monsoon,3231,454,229,3,0.43,13,1,42003,313,4.8,India,0
324,22099,Jayanagar,13.096735,77.450626,Entire home/apt,Independent House,2024-09-01,9,Autumn,3777,454,229,3,0.53,16,1,60432,310,5.0,Australia,0
324,22099,Jayanagar,13.096735,77.450626,Entire home/apt,Independent House,2024-10-01,10,Autumn,3812,454,229,3,0.42,13,2,49556,263,4.2,India,0
324,22099,Jayanagar,13.096735,77.450626,Entire home/apt,Independent House,2024-11-01,11,Winter,3868,454,229,3,0.7,21,3,81228,16,4.7,India,0
324,22099,Jayanagar,13.096735,77.450626,Entire home/apt,Independent House,2024-12-01,12,Winter,5044,454,229,3,0.79,24,2,121056,83,4.7,India,0
325,57022,Brigade Road,12.82256,77.646047,Private room,Serviced Apartment,2024-01-01,1,Winter,3039,103,200,3,0.68,21,3,63819,107,5.0,India,0
325,57022,Brigade Road,12.82256,77.646047,Private room,Serviced Apartment,2024-02-01,2,Winter,2576,103,200,3,0.75,22,2,56672,40,4.4,India,0
325,57022,Brigade Road,12.82256,77.646047,Private room,Serviced Apartment,2024-03-01,3,Spring,2866,103,200,3,0.69,21,4,60186,75,3.7,India,0
325,57022,Brigade Road,12.82256,77.646047,Private room,Serviced Apartment,2024-04-01,4,Spring,2660,103,200,3,0.71,21,2,55860,76,4.6,USA,0
325,57022,Brigade Road,12.82256,77.646047,Private room,Serviced Apartment,2024-05-01,5,Spring,2254,103,200,3,0.21,7,2,15778,170,4.4,India,0
325,57022,Brigade Road,12.82256,77.646047,Private room,Serviced Apartment,2024-06-01,6,Summer,2479,103,200,3,0.44,13,3,32227,246,4.6,India,0
325,57022,Brigade Road,12.82256,77.646047,Private room,Serviced Apartment,2024-07-01,7,Monsoon,2344,103,200,3,0.67,21,2,49224,329,3.6,India,0
325,57022,Brigade Road,12.82256,77.646047,Private room,Serviced Apartment,2024-08-01,8,Monsoon,1981,103,200,3,0.53,16,3,31696,300,4.7,India,0
325,57022,Brigade Road,12.82256,77.646047,Private room,Serviced Apartment,2024-09-01,9,Autumn,2590,103,200,3,0.64,19,3,49210,242,4.3,India,0
325,57022,Brigade Road,12.82256,77.646047,Private room,Serviced Apartment,2024-10-01,10,Autumn,2428,103,200,3,0.46,14,2,33992,200,4.8,India,1
325,57022,Brigade Road,12.82256,77.646047,Private room,Serviced Apartment,2024-11-01,11,Winter,2309,103,200,3,0.7,21,1,48489,129,4.6,India,0
325,57022,Brigade Road,12.82256,77.646047,Private room,Serviced Apartment,2024-12-01,12,Winter,3107,103,200,3,0.47,15,4,46605,237,4.0,India,0
326,52412,Electronic City,12.753161,77.548072,Shared room,Serviced Apartment,2024-01-01,1,Winter,2929,250,241,2,0.57,18,1,52722,84,4.9,Canada,0
326,52412,Electronic City,12.753161,77.548072,Shared room,Serviced Apartment,2024-02-01,2,Winter,2835,250,241,2,0.53,15,2,42525,171,4.5,India,0
326,52412,Electronic City,12.753161,77.548072,Shared room,Serviced Apartment,2024-03-01,3,Spring,2883,250,241,2,0.62,19,4,54777,122,5.0,India,0
326,52412,Electronic City,12.753161,77.548072,Shared room,Serviced Apartment,2024-04-01,4,Spring,3187,250,241,2,0.68,20,2,63740,142,4.3,UAE,0
326,52412,Electronic City,12.753161,77.548072,Shared room,Serviced Apartment,2024-05-01,5,Spring,2871,250,241,2,0.35,11,3,31581,213,4.4,India,0
326,52412,Electronic City,12.753161,77.548072,Shared room,Serviced Apartment,2024-06-01,6,Summer,2838,250,241,2,0.71,21,1,59598,184,4.8,USA,0
326,52412,Electronic City,12.753161,77.548072,Shared room,Serviced Apartment,2024-07-01,7,Monsoon,2507,250,241,2,0.57,18,4,45126,190,4.7,India,0
326,52412,Electronic City,12.753161,77.548072,Shared room,Serviced Apartment,2024-08-01,8,Monsoon,2259,250,241,2,0.47,15,2,33885,256,4.5,India,0
326,52412,Electronic City,12.753161,77.548072,Shared room,Serviced Apartment,2024-09-01,9,Autumn,2756,250,241,2,0.33,10,2,27560,348,4.7,India,0
326,52412,Electronic City,12.753161,77.548072,Shared room,Serviced Apartment,2024-10-01,10,Autumn,2876,250,241,2,0.59,18,3,51768,258,5.0,India,0
326,52412,Electronic City,12.753161,77.548072,Shared room,Serviced Apartment,2024-11-01,11,Winter,2586,250,241,2,0.55,16,3,41376,302,4.3,India,0
326,52412,Electronic City,12.753161,77.548072,Shared room,Serviced Apartment,2024-12-01,12,Winter,3387,250,241,2,0.55,17,3,57579,222,3.9,UK,0
327,15167,Electronic City,13.085657,77.627293,Entire home/apt,Serviced Apartment,2024-01-01,1,Winter,3800,285,102,3,0.93,29,2,110200,208,5.0,India,0
327,15167,Electronic City,13.085657,77.627293,Entire home/apt,Serviced Apartment,2024-02-01,2,Winter,2689,285,102,3,0.5,14,1,37646,213,4.4,UAE,0
327,15167,Electronic City,13.085657,77.627293,Entire home/apt,Serviced Apartment,2024-03-01,3,Spring,3484,285,102,3,0.58,18,4,62712,311,4.0,India,0
327,15167,Electronic City,13.085657,77.627293,Entire home/apt,Serviced Apartment,2024-04-01,4,Spring,3028,285,102,3,0.71,21,4,63588,302,4.8,India,0
327,15167,Electronic City,13.085657,77.627293,Entire home/apt,Serviced Apartment,2024-05-01,5,Spring,2804,285,102,3,0.7,22,2,61688,333,3.6,Australia,0
327,15167,Electronic City,13.085657,77.627293,Entire home/apt,Serviced Apartment,2024-06-01,6,Summer,2864,285,102,3,0.73,22,4,63008,342,4.2,UAE,0
327,15167,Electronic City,13.085657,77.627293,Entire home/apt,Serviced Apartment,2024-07-01,7,Monsoon,2392,285,102,3,0.32,10,2,23920,135,5.0,India,0
327,15167,Electronic City,13.085657,77.627293,Entire home/apt,Serviced Apartment,2024-08-01,8,Monsoon,2415,285,102,3,0.64,20,2,48300,113,4.7,Canada,0
327,15167,Electronic City,13.085657,77.627293,Entire home/apt,Serviced Apartment,2024-09-01,9,Autumn,3146,285,102,3,0.58,17,2,53482,203,4.3,India,0
327,15167,Electronic City,13.085657,77.627293,Entire home/apt,Serviced Apartment,2024-10-01,10,Autumn,2878,285,102,3,0.79,24,1,69072,38,4.4,Germany,0
327,15167,Electronic City,13.085657,77.627293,Entire home/apt,Serviced Apartment,2024-11-01,11,Winter,2654,285,102,3,0.37,11,4,29194,279,4.0,UAE,0
327,15167,Electronic City,13.085657,77.627293,Entire home/apt,Serviced Apartment,2024-12-01,12,Winter,3727,285,102,3,0.55,17,1,63359,327,4.3,UK,0
328,96941,Koramangala,12.898654,77.624053,Entire home/apt,Studio,2024-01-01,1,Winter,3253,312,227,1,0.54,17,4,55301,199,5.0,India,0
328,96941,Koramangala,12.898654,77.624053,Entire home/apt,Studio,2024-02-01,2,Winter,2947,312,227,1,0.34,10,3,29470,102,4.6,India,0
328,96941,Koramangala,12.898654,77.624053,Entire home/apt,Studio,2024-03-01,3,Spring,2749,312,227,1,0.55,17,2,46733,168,4.6,India,0
328,96941,Koramangala,12.898654,77.624053,Entire home/apt,Studio,2024-04-01,4,Spring,2862,312,227,1,0.62,19,4,54378,10,4.8,India,0
328,96941,Koramangala,12.898654,77.624053,Entire home/apt,Studio,2024-05-01,5,Spring,2698,312,227,1,0.49,15,4,40470,132,4.2,India,0
328,96941,Koramangala,12.898654,77.624053,Entire home/apt,Studio,2024-06-01,6,Summer,2353,312,227,1,0.46,14,2,32942,131,5.0,India,0
328,96941,Koramangala,12.898654,77.624053,Entire home/apt,Studio,2024-07-01,7,Monsoon,2218,312,227,1,0.41,13,4,28834,104,4.6,USA,0
328,96941,Koramangala,12.898654,77.624053,Entire home/apt,Studio,2024-08-01,8,Monsoon,2354,312,227,1,0.56,17,2,40018,147,5.0,India,0
328,96941,Koramangala,12.898654,77.624053,Entire home/apt,Studio,2024-09-01,9,Autumn,2749,312,227,1,0.51,15,3,41235,280,4.3,India,0
328,96941,Koramangala,12.898654,77.624053,Entire home/apt,Studio,2024-10-01,10,Autumn,2540,312,227,1,0.72,22,1,55880,79,4.4,Singapore,0
328,96941,Koramangala,12.898654,77.624053,Entire home/apt,Studio,2024-11-01,11,Winter,2282,312,227,1,0.58,17,1,38794,122,3.9,India,0
328,96941,Koramangala,12.898654,77.624053,Entire home/apt,Studio,2024-12-01,12,Winter,3736,312,227,1,0.44,14,3,52304,138,4.4,Canada,0
329,69151,Yeshwanthpur,12.748576,77.6798,Private room,Serviced Apartment,2024-01-01,1,Winter,4703,256,341,1,0.62,19,2,89357,314,5.0,India,0
329,69151,Yeshwanthpur,12.748576,77.6798,Private room,Serviced Apartment,2024-02-01,2,Winter,3962,256,341,1,0.78,23,3,91126,180,4.1,India,0
329,69151,Yeshwanthpur,12.748576,77.6798,Private room,Serviced Apartment,2024-03-01,3,Spring,4252,256,341,1,0.58,18,4,76536,279,4.6,Canada,0
329,69151,Yeshwanthpur,12.748576,77.6798,Private room,Serviced Apartment,2024-04-01,4,Spring,4464,256,341,1,0.52,16,3,71424,317,4.3,Germany,0
329,69151,Yeshwanthpur,12.748576,77.6798,Private room,Serviced Apartment,2024-05-01,5,Spring,3915,256,341,1,0.29,9,3,35235,44,4.4,Netherlands,0
329,69151,Yeshwanthpur,12.748576,77.6798,Private room,Serviced Apartment,2024-06-01,6,Summer,3783,256,341,1,0.42,13,2,49179,175,4.9,India,0
329,69151,Yeshwanthpur,12.748576,77.6798,Private room,Serviced Apartment,2024-07-01,7,Monsoon,3216,256,341,1,0.54,17,4,54672,273,4.6,India,0
329,69151,Yeshwanthpur,12.748576,77.6798,Private room,Serviced Apartment,2024-08-01,8,Monsoon,3698,256,341,1,0.56,17,5,62866,323,4.9,India,0
329,69151,Yeshwanthpur,12.748576,77.6798,Private room,Serviced Apartment,2024-09-01,9,Autumn,3949,256,341,1,0.58,17,2,67133,199,4.1,Germany,0
329,69151,Yeshwanthpur,12.748576,77.6798,Private room,Serviced Apartment,2024-10-01,10,Autumn,3523,256,341,1,0.57,18,2,63414,262,4.3,UK,0
329,69151,Yeshwanthpur,12.748576,77.6798,Private room,Serviced Apartment,2024-11-01,11,Winter,3992,256,341,1,0.67,20,2,79840,317,4.4,India,0
329,69151,Yeshwanthpur,12.748576,77.6798,Private room,Serviced Apartment,2024-12-01,12,Winter,4530,256,341,1,0.63,20,3,90600,34,4.1,Netherlands,0
330,96117,Marathahalli,12.922983,77.587356,Entire home/apt,Villa,2024-01-01,1,Winter,3209,153,181,1,0.76,24,1,77016,96,4.5,India,0
330,96117,Marathahalli,12.922983,77.587356,Entire home/apt,Villa,2024-02-01,2,Winter,2501,153,181,1,0.36,10,5,25010,190,4.7,India,0
330,96117,Marathahalli,12.922983,77.587356,Entire home/apt,Villa,2024-03-01,3,Spring,2691,153,181,1,0.6,19,2,51129,3,4.4,Canada,0
330,96117,Marathahalli,12.922983,77.587356,Entire home/apt,Villa,2024-04-01,4,Spring,3014,153,181,1,0.56,17,4,51238,43,4.5,India,0
330,96117,Marathahalli,12.922983,77.587356,Entire home/apt,Villa,2024-05-01,5,Spring,2686,153,181,1,0.9,28,1,75208,266,4.9,India,0
330,96117,Marathahalli,12.922983,77.587356,Entire home/apt,Villa,2024-06-01,6,Summer,2572,153,181,1,0.59,18,2,46296,69,4.3,India,0
330,96117,Marathahalli,12.922983,77.587356,Entire home/apt,Villa,2024-07-01,7,Monsoon,2141,153,181,1,0.5,16,3,34256,282,4.2,USA,0
330,96117,Marathahalli,12.922983,77.587356,Entire home/apt,Villa,2024-08-01,8,Monsoon,2460,153,181,1,0.43,13,2,31980,319,5.0,Germany,0
330,96117,Marathahalli,12.922983,77.587356,Entire home/apt,Villa,2024-09-01,9,Autumn,2739,153,181,1,0.59,18,3,49302,326,4.5,India,0
330,96117,Marathahalli,12.922983,77.587356,Entire home/apt,Villa,2024-10-01,10,Autumn,2478,153,181,1,0.63,20,2,49560,217,4.9,India,0
330,96117,Marathahalli,12.922983,77.587356,Entire home/apt,Villa,2024-11-01,11,Winter,2449,153,181,1,0.36,11,1,26939,153,4.8,India,0
330,96117,Marathahalli,12.922983,77.587356,Entire home/apt,Villa,2024-12-01,12,Winter,3300,153,181,1,0.42,13,5,42900,132,4.2,Germany,0
331,46787,Yeshwanthpur,13.039895,77.744393,Shared room,Villa,2024-01-01,1,Winter,3022,191,118,5,0.52,16,2,48352,153,4.2,India,1
331,46787,Yeshwanthpur,13.039895,77.744393,Shared room,Villa,2024-02-01,2,Winter,2318,191,118,5,0.52,15,2,34770,94,4.6,USA,0
331,46787,Yeshwanthpur,13.039895,77.744393,Shared room,Villa,2024-03-01,3,Spring,2652,191,118,5,0.73,23,4,60996,268,4.7,India,0
331,46787,Yeshwanthpur,13.039895,77.744393,Shared room,Villa,2024-04-01,4,Spring,2397,191,118,5,0.64,19,4,45543,185,4.7,India,0
331,46787,Yeshwanthpur,13.039895,77.744393,Shared room,Villa,2024-05-01,5,Spring,2383,191,118,5,0.33,10,5,23830,170,4.5,India,0
331,46787,Yeshwanthpur,13.039895,77.744393,Shared room,Villa,2024-06-01,6,Summer,2468,191,118,5,0.39,12,2,29616,295,3.9,India,0
331,46787,Yeshwanthpur,13.039895,77.744393,Shared room,Villa,2024-07-01,7,Monsoon,2205,191,118,5,0.52,16,4,35280,118,4.3,India,0
331,46787,Yeshwanthpur,13.039895,77.744393,Shared room,Villa,2024-08-01,8,Monsoon,2206,191,118,5,0.39,12,2,26472,281,4.3,UK,0
331,46787,Yeshwanthpur,13.039895,77.744393,Shared room,Villa,2024-09-01,9,Autumn,2575,191,118,5,0.5,15,4,38625,40,3.8,Germany,0
331,46787,Yeshwanthpur,13.039895,77.744393,Shared room,Villa,2024-10-01,10,Autumn,2375,191,118,5,0.4,12,3,28500,295,4.6,Singapore,0
331,46787,Yeshwanthpur,13.039895,77.744393,Shared room,Villa,2024-11-01,11,Winter,2532,191,118,5,0.31,9,4,22788,336,4.8,India,0
331,46787,Yeshwanthpur,13.039895,77.744393,Shared room,Villa,2024-12-01,12,Winter,2864,191,118,5,0.79,24,4,68736,20,4.5,India,0
332,22185,Yeshwanthpur,12.807619,77.465616,Entire home/apt,Studio,2024-01-01,1,Winter,2574,128,82,1,0.5,16,4,41184,21,4.5,India,0
332,22185,Yeshwanthpur,12.807619,77.465616,Entire home/apt,Studio,2024-02-01,2,Winter,2326,128,82,1,0.45,13,3,30238,135,4.5,India,0
332,22185,Yeshwanthpur,12.807619,77.465616,Entire home/apt,Studio,2024-03-01,3,Spring,2487,128,82,1,0.6,19,4,47253,126,3.9,India,0
332,22185,Yeshwanthpur,12.807619,77.465616,Entire home/apt,Studio,2024-04-01,4,Spring,2305,128,82,1,0.38,11,2,25355,332,5.0,UAE,0
332,22185,Yeshwanthpur,12.807619,77.465616,Entire home/apt,Studio,2024-05-01,5,Spring,1840,128,82,1,0.99,31,3,57040,53,5.0,India,0
332,22185,Yeshwanthpur,12.807619,77.465616,Entire home/apt,Studio,2024-06-01,6,Summer,1845,128,82,1,0.56,17,1,31365,111,4.8,USA,0
332,22185,Yeshwanthpur,12.807619,77.465616,Entire home/apt,Studio,2024-07-01,7,Monsoon,1959,128,82,1,0.62,19,2,37221,349,5.0,India,0
332,22185,Yeshwanthpur,12.807619,77.465616,Entire home/apt,Studio,2024-08-01,8,Monsoon,1779,128,82,1,0.5,16,5,28464,2,4.4,India,0
332,22185,Yeshwanthpur,12.807619,77.465616,Entire home/apt,Studio,2024-09-01,9,Autumn,2175,128,82,1,0.61,18,4,39150,295,4.6,Germany,0
332,22185,Yeshwanthpur,12.807619,77.465616,Entire home/apt,Studio,2024-10-01,10,Autumn,2163,128,82,1,0.25,8,3,17304,96,4.6,India,0
332,22185,Yeshwanthpur,12.807619,77.465616,Entire home/apt,Studio,2024-11-01,11,Winter,2047,128,82,1,0.81,24,2,49128,313,3.9,India,0
332,22185,Yeshwanthpur,12.807619,77.465616,Entire home/apt,Studio,2024-12-01,12,Winter,2816,128,82,1,0.57,18,2,50688,270,4.7,India,0
333,87433,Kalyan Nagar,13.064298,77.536299,Entire home/apt,Apartment,2024-01-01,1,Winter,6968,384,295,3,0.55,17,3,118456,254,4.3,India,0
333,87433,Kalyan Nagar,13.064298,77.536299,Entire home/apt,Apartment,2024-02-01,2,Winter,5506,384,295,3,0.41,12,3,66072,129,4.5,India,0
333,87433,Kalyan Nagar,13.064298,77.536299,Entire home/apt,Apartment,2024-03-01,3,Spring,5595,384,295,3,0.58,18,3,100710,328,4.5,India,0
333,87433,Kalyan Nagar,13.064298,77.536299,Entire home/apt,Apartment,2024-04-01,4,Spring,5995,384,295,3,0.55,16,5,95920,127,3.9,India,0
333,87433,Kalyan Nagar,13.064298,77.536299,Entire home/apt,Apartment,2024-05-01,5,Spring,5896,384,295,3,0.5,16,1,94336,127,4.4,USA,0
333,87433,Kalyan Nagar,13.064298,77.536299,Entire home/apt,Apartment,2024-06-01,6,Summer,5318,384,295,3,0.52,16,3,85088,350,5.0,India,0
333,87433,Kalyan Nagar,13.064298,77.536299,Entire home/apt,Apartment,2024-07-01,7,Monsoon,5166,384,295,3,0.64,20,5,103320,141,4.7,Canada,0
333,87433,Kalyan Nagar,13.064298,77.536299,Entire home/apt,Apartment,2024-08-01,8,Monsoon,4888,384,295,3,0.3,9,3,43992,333,4.4,India,0
333,87433,Kalyan Nagar,13.064298,77.536299,Entire home/apt,Apartment,2024-09-01,9,Autumn,5464,384,295,3,0.67,20,2,109280,7,4.6,India,0
333,87433,Kalyan Nagar,13.064298,77.536299,Entire home/apt,Apartment,2024-10-01,10,Autumn,5833,384,295,3,0.69,21,2,122493,228,4.3,India,0
333,87433,Kalyan Nagar,13.064298,77.536299,Entire home/apt,Apartment,2024-11-01,11,Winter,5152,384,295,3,0.72,22,3,113344,188,5.0,India,0
333,87433,Kalyan Nagar,13.064298,77.536299,Entire home/apt,Apartment,2024-12-01,12,Winter,6615,384,295,3,0.74,23,2,152145,337,4.7,India,0
334,96916,Hebbal,13.043102,77.493775,Entire home/apt,Independent House,2024-01-01,1,Winter,4883,542,204,5,0.61,19,2,92777,140,4.7,India,0
334,96916,Hebbal,13.043102,77.493775,Entire home/apt,Independent House,2024-02-01,2,Winter,3815,542,204,5,0.45,13,2,49595,81,4.5,India,0
334,96916,Hebbal,13.043102,77.493775,Entire home/apt,Independent House,2024-03-01,3,Spring,3881,542,204,5,0.46,14,4,54334,30,4.4,USA,0
334,96916,Hebbal,13.043102,77.493775,Entire home/apt,Independent House,2024-04-01,4,Spring,3934,542,204,5,0.53,16,3,62944,104,4.4,India,0
334,96916,Hebbal,13.043102,77.493775,Entire home/apt,Independent House,2024-05-01,5,Spring,3792,542,204,5,0.27,8,4,30336,72,4.5,India,0
334,96916,Hebbal,13.043102,77.493775,Entire home/apt,Independent House,2024-06-01,6,Summer,3718,542,204,5,0.47,14,2,52052,7,4.4,India,0
334,96916,Hebbal,13.043102,77.493775,Entire home/apt,Independent House,2024-07-01,7,Monsoon,3005,542,204,5,0.57,18,3,54090,33,4.8,India,0
334,96916,Hebbal,13.043102,77.493775,Entire home/apt,Independent House,2024-08-01,8,Monsoon,3420,542,204,5,0.67,21,2,71820,329,4.6,India,0
334,96916,Hebbal,13.043102,77.493775,Entire home/apt,Independent House,2024-09-01,9,Autumn,3787,542,204,5,0.54,16,2,60592,141,4.8,France,0
334,96916,Hebbal,13.043102,77.493775,Entire home/apt,Independent House,2024-10-01,10,Autumn,3377,542,204,5,0.38,12,5,40524,138,5.0,India,0
334,96916,Hebbal,13.043102,77.493775,Entire home/apt,Independent House,2024-11-01,11,Winter,3200,542,204,5,0.49,15,4,48000,8,5.0,UK,0
334,96916,Hebbal,13.043102,77.493775,Entire home/apt,Independent House,2024-12-01,12,Winter,4597,542,204,5,0.45,14,3,64358,196,4.6,India,0
335,76807,Jayanagar,12.74393,77.666373,Entire home/apt,Apartment,2024-01-01,1,Winter,3709,304,219,3,0.71,22,3,81598,10,5.0,India,0
335,76807,Jayanagar,12.74393,77.666373,Entire home/apt,Apartment,2024-02-01,2,Winter,3050,304,219,3,0.33,10,2,30500,144,4.3,India,0
335,76807,Jayanagar,12.74393,77.666373,Entire home/apt,Apartment,2024-03-01,3,Spring,3347,304,219,3,0.62,19,2,63593,342,4.1,UAE,0
335,76807,Jayanagar,12.74393,77.666373,Entire home/apt,Apartment,2024-04-01,4,Spring,3230,304,219,3,0.62,19,4,61370,294,4.9,Germany,0
335,76807,Jayanagar,12.74393,77.666373,Entire home/apt,Apartment,2024-05-01,5,Spring,2952,304,219,3,0.34,11,3,32472,93,5.0,India,0
335,76807,Jayanagar,12.74393,77.666373,Entire home/apt,Apartment,2024-06-01,6,Summer,3232,304,219,3,0.5,15,5,48480,1,4.8,India,0
335,76807,Jayanagar,12.74393,77.666373,Entire home/apt,Apartment,2024-07-01,7,Monsoon,2744,304,219,3,0.67,21,1,57624,283,4.6,India,0
335,76807,Jayanagar,12.74393,77.666373,Entire home/apt,Apartment,2024-08-01,8,Monsoon,2786,304,219,3,0.53,16,2,44576,246,3.9,India,0
335,76807,Jayanagar,12.74393,77.666373,Entire home/apt,Apartment,2024-09-01,9,Autumn,3463,304,219,3,0.4,12,2,41556,156,4.0,USA,0
335,76807,Jayanagar,12.74393,77.666373,Entire home/apt,Apartment,2024-10-01,10,Autumn,3034,304,219,3,0.4,12,2,36408,139,4.5,India,0
335,76807,Jayanagar,12.74393,77.666373,Entire home/apt,Apartment,2024-11-01,11,Winter,3213,304,219,3,0.69,21,3,67473,308,4.8,India,0
335,76807,Jayanagar,12.74393,77.666373,Entire home/apt,Apartment,2024-12-01,12,Winter,3784,304,219,3,0.55,17,2,64328,194,4.7,India,0
336,42097,Yeshwanthpur,12.718321,77.550844,Entire home/apt,Independent House,2024-01-01,1,Winter,1446,385,352,3,0.86,27,2,39042,220,4.3,Canada,1
336,42097,Yeshwanthpur,12.718321,77.550844,Entire home/apt,Independent House,2024-02-01,2,Winter,1354,385,352,3,0.44,13,1,17602,289,4.2,UAE,0
336,42097,Yeshwanthpur,12.718321,77.550844,Entire home/apt,Independent House,2024-03-01,3,Spring,1983,385,352,3,0.7,22,2,43626,22,3.9,India,0
336,42097,Yeshwanthpur,12.718321,77.550844,Entire home/apt,Independent House,2024-04-01,4,Spring,1829,385,352,3,0.74,22,2,40238,37,4.4,India,0
336,42097,Yeshwanthpur,12.718321,77.550844,Entire home/apt,Independent House,2024-05-01,5,Spring,1451,385,352,3,0.55,17,5,24667,280,5.0,India,0
336,42097,Yeshwanthpur,12.718321,77.550844,Entire home/apt,Independent House,2024-06-01,6,Summer,1231,385,352,3,0.58,17,2,20927,109,4.3,India,0
336,42097,Yeshwanthpur,12.718321,77.550844,Entire home/apt,Independent House,2024-07-01,7,Monsoon,965,385,352,3,0.89,28,1,27020,131,4.0,India,0
336,42097,Yeshwanthpur,12.718321,77.550844,Entire home/apt,Independent House,2024-08-01,8,Monsoon,1295,385,352,3,0.3,9,3,11655,61,4.3,Netherlands,0
336,42097,Yeshwanthpur,12.718321,77.550844,Entire home/apt,Independent House,2024-09-01,9,Autumn,1474,385,352,3,0.43,13,3,19162,230,4.7,UAE,0
336,42097,Yeshwanthpur,12.718321,77.550844,Entire home/apt,Independent House,2024-10-01,10,Autumn,1337,385,352,3,0.73,23,1,30751,121,5.0,India,0
336,42097,Yeshwanthpur,12.718321,77.550844,Entire home/apt,Independent House,2024-11-01,11,Winter,1273,385,352,3,0.57,17,2,21641,306,4.6,India,0
336,42097,Yeshwanthpur,12.718321,77.550844,Entire home/apt,Independent House,2024-12-01,12,Winter,1860,385,352,3,0.56,17,3,31620,123,4.6,India,0
337,80919,HSR Layout,12.962919,77.658761,Entire home/apt,Serviced Apartment,2024-01-01,1,Winter,4267,317,190,5,0.63,20,4,85340,51,4.8,India,0
337,80919,HSR Layout,12.962919,77.658761,Entire home/apt,Serviced Apartment,2024-02-01,2,Winter,3351,317,190,5,0.51,15,4,50265,142,4.6,India,0
337,80919,HSR Layout,12.962919,77.658761,Entire home/apt,Serviced Apartment,2024-03-01,3,Spring,3310,317,190,5,0.72,22,3,72820,182,3.4,UK,0
337,80919,HSR Layout,12.962919,77.658761,Entire home/apt,Serviced Apartment,2024-04-01,4,Spring,3510,317,190,5,0.7,21,3,73710,84,4.0,India,0
337,80919,HSR Layout,12.962919,77.658761,Entire home/apt,Serviced Apartment,2024-05-01,5,Spring,3286,317,190,5,0.43,13,1,42718,321,4.4,India,0
337,80919,HSR Layout,12.962919,77.658761,Entire home/apt,Serviced Apartment,2024-06-01,6,Summer,3396,317,190,5,0.56,17,3,57732,98,3.7,India,0
337,80919,HSR Layout,12.962919,77.658761,Entire home/apt,Serviced Apartment,2024-07-01,7,Monsoon,2691,317,190,5,0.67,21,2,56511,23,4.7,USA,0
337,80919,HSR Layout,12.962919,77.658761,Entire home/apt,Serviced Apartment,2024-08-01,8,Monsoon,3235,317,190,5,0.78,24,2,77640,107,4.4,India,0
337,80919,HSR Layout,12.962919,77.658761,Entire home/apt,Serviced Apartment,2024-09-01,9,Autumn,3707,317,190,5,0.53,16,2,59312,31,4.1,India,0
337,80919,HSR Layout,12.962919,77.658761,Entire home/apt,Serviced Apartment,2024-10-01,10,Autumn,3081,317,190,5,0.19,6,2,18486,68,5.0,India,0
337,80919,HSR Layout,12.962919,77.658761,Entire home/apt,Serviced Apartment,2024-11-01,11,Winter,3525,317,190,5,0.38,11,3,38775,187,4.4,India,0
337,80919,HSR Layout,12.962919,77.658761,Entire home/apt,Serviced Apartment,2024-12-01,12,Winter,4027,317,190,5,0.38,12,4,48324,153,3.8,France,0
338,18292,HSR Layout,12.889492,77.452287,Entire home/apt,Studio,2024-01-01,1,Winter,3981,251,169,5,0.56,17,2,67677,80,5.0,India,0
338,18292,HSR Layout,12.889492,77.452287,Entire home/apt,Studio,2024-02-01,2,Winter,3187,251,169,5,0.55,16,2,50992,117,4.8,India,0
338,18292,HSR Layout,12.889492,77.452287,Entire home/apt,Studio,2024-03-01,3,Spring,3681,251,169,5,0.44,14,2,51534,266,4.5,USA,0
338,18292,HSR Layout,12.889492,77.452287,Entire home/apt,Studio,2024-04-01,4,Spring,3680,251,169,5,0.36,11,4,40480,271,5.0,Canada,0
338,18292,HSR Layout,12.889492,77.452287,Entire home/apt,Studio,2024-05-01,5,Spring,3533,251,169,5,0.42,13,4,45929,299,4.6,Netherlands,0
338,18292,HSR Layout,12.889492,77.452287,Entire home/apt,Studio,2024-06-01,6,Summer,3375,251,169,5,0.45,14,4,47250,80,4.7,France,0
338,18292,HSR Layout,12.889492,77.452287,Entire home/apt,Studio,2024-07-01,7,Monsoon,2954,251,169,5,0.31,10,3,29540,338,4.7,India,0
338,18292,HSR Layout,12.889492,77.452287,Entire home/apt,Studio,2024-08-01,8,Monsoon,2702,251,169,5,0.67,21,5,56742,217,4.2,India,0
338,18292,HSR Layout,12.889492,77.452287,Entire home/apt,Studio,2024-09-01,9,Autumn,3215,251,169,5,0.73,22,4,70730,227,4.7,India,0
338,18292,HSR Layout,12.889492,77.452287,Entire home/apt,Studio,2024-10-01,10,Autumn,3032,251,169,5,0.38,12,2,36384,109,4.3,UAE,0
338,18292,HSR Layout,12.889492,77.452287,Entire home/apt,Studio,2024-11-01,11,Winter,3325,251,169,5,0.58,17,4,56525,100,4.2,India,0
338,18292,HSR Layout,12.889492,77.452287,Entire home/apt,Studio,2024-12-01,12,Winter,3825,251,169,5,0.57,18,2,68850,274,4.4,India,0
339,86205,Whitefield,13.018641,77.488034,Entire home/apt,Studio,2024-01-01,1,Winter,7972,305,137,5,0.38,12,2,95664,332,3.9,India,0
339,86205,Whitefield,13.018641,77.488034,Entire home/apt,Studio,2024-02-01,2,Winter,5864,305,137,5,0.74,21,2,123144,265,5.0,India,0
339,86205,Whitefield,13.018641,77.488034,Entire home/apt,Studio,2024-03-01,3,Spring,6540,305,137,5,0.49,15,4,98100,64,4.0,India,0
339,86205,Whitefield,13.018641,77.488034,Entire home/apt,Studio,2024-04-01,4,Spring,6334,305,137,5,0.66,20,1,126680,310,4.6,India,0
339,86205,Whitefield,13.018641,77.488034,Entire home/apt,Studio,2024-05-01,5,Spring,6090,305,137,5,0.35,11,1,66990,275,5.0,India,0
339,86205,Whitefield,13.018641,77.488034,Entire home/apt,Studio,2024-06-01,6,Summer,5988,305,137,5,0.64,19,2,113772,275,3.9,India,0
339,86205,Whitefield,13.018641,77.488034,Entire home/apt,Studio,2024-07-01,7,Monsoon,5441,305,137,5,0.6,19,2,103379,281,4.6,India,0
339,86205,Whitefield,13.018641,77.488034,Entire home/apt,Studio,2024-08-01,8,Monsoon,5509,305,137,5,0.63,20,2,110180,218,4.0,India,0
339,86205,Whitefield,13.018641,77.488034,Entire home/apt,Studio,2024-09-01,9,Autumn,6127,305,137,5,0.57,17,4,104159,71,4.6,Germany,0
339,86205,Whitefield,13.018641,77.488034,Entire home/apt,Studio,2024-10-01,10,Autumn,6102,305,137,5,0.37,11,2,67122,325,4.0,India,0
339,86205,Whitefield,13.018641,77.488034,Entire home/apt,Studio,2024-11-01,11,Winter,5646,305,137,5,0.68,20,2,112920,216,4.8,USA,0
339,86205,Whitefield,13.018641,77.488034,Entire home/apt,Studio,2024-12-01,12,Winter,7778,305,137,5,0.6,19,3,147782,164,3.6,India,0
340,54260,Indiranagar,12.713242,77.453459,Entire home/apt,Apartment,2024-01-01,1,Winter,2860,325,95,1,0.57,18,2,51480,326,4.6,India,0
340,54260,Indiranagar,12.713242,77.453459,Entire home/apt,Apartment,2024-02-01,2,Winter,2269,325,95,1,0.62,18,2,40842,50,4.2,India,0
340,54260,Indiranagar,12.713242,77.453459,Entire home/apt,Apartment,2024-03-01,3,Spring,2689,325,95,1,0.54,17,4,45713,331,4.0,India,0
340,54260,Indiranagar,12.713242,77.453459,Entire home/apt,Apartment,2024-04-01,4,Spring,2339,325,95,1,0.55,16,3,37424,309,4.9,India,0
340,54260,Indiranagar,12.713242,77.453459,Entire home/apt,Apartment,2024-05-01,5,Spring,2259,325,95,1,0.57,18,2,40662,180,4.0,India,0
340,54260,Indiranagar,12.713242,77.453459,Entire home/apt,Apartment,2024-06-01,6,Summer,2424,325,95,1,0.5,15,3,36360,258,4.5,India,0
340,54260,Indiranagar,12.713242,77.453459,Entire home/apt,Apartment,2024-07-01,7,Monsoon,2336,325,95,1,0.68,21,3,49056,133,3.8,India,0
340,54260,Indiranagar,12.713242,77.453459,Entire home/apt,Apartment,2024-08-01,8,Monsoon,1687,325,95,1,0.59,18,3,30366,75,4.0,India,0
340,54260,Indiranagar,12.713242,77.453459,Entire home/apt,Apartment,2024-09-01,9,Autumn,2396,325,95,1,0.61,18,3,43128,244,4.6,India,0
340,54260,Indiranagar,12.713242,77.453459,Entire home/apt,Apartment,2024-10-01,10,Autumn,2126,325,95,1,0.86,27,3,57402,39,5.0,India,0
340,54260,Indiranagar,12.713242,77.453459,Entire home/apt,Apartment,2024-11-01,11,Winter,2212,325,95,1,0.65,20,2,44240,318,4.5,UK,0
340,54260,Indiranagar,12.713242,77.453459,Entire home/apt,Apartment,2024-12-01,12,Winter,2782,325,95,1,0.48,15,2,41730,240,4.1,India,0
341,13440,Koramangala,12.939685,77.450839,Entire home/apt,Independent House,2024-01-01,1,Winter,2568,360,273,3,0.2,6,3,15408,45,4.7,India,0
341,13440,Koramangala,12.939685,77.450839,Entire home/apt,Independent House,2024-02-01,2,Winter,2130,360,273,3,0.79,23,3,48990,207,4.6,India,0
341,13440,Koramangala,12.939685,77.450839,Entire home/apt,Independent House,2024-03-01,3,Spring,2055,360,273,3,0.25,8,2,16440,211,4.2,India,0
341,13440,Koramangala,12.939685,77.450839,Entire home/apt,Independent House,2024-04-01,4,Spring,2225,360,273,3,0.73,22,2,48950,116,4.5,Netherlands,0
341,13440,Koramangala,12.939685,77.450839,Entire home/apt,Independent House,2024-05-01,5,Spring,2363,360,273,3,0.39,12,2,28356,25,4.9,India,0
341,13440,Koramangala,12.939685,77.450839,Entire home/apt,Independent House,2024-06-01,6,Summer,2281,360,273,3,0.28,8,4,18248,295,5.0,India,0
341,13440,Koramangala,12.939685,77.450839,Entire home/apt,Independent House,2024-07-01,7,Monsoon,1941,360,273,3,0.64,20,1,38820,20,4.2,India,0
341,13440,Koramangala,12.939685,77.450839,Entire home/apt,Independent House,2024-08-01,8,Monsoon,2178,360,273,3,0.41,13,1,28314,106,4.8,India,0
341,13440,Koramangala,12.939685,77.450839,Entire home/apt,Independent House,2024-09-01,9,Autumn,2301,360,273,3,0.44,13,3,29913,314,5.0,India,0
341,13440,Koramangala,12.939685,77.450839,Entire home/apt,Independent House,2024-10-01,10,Autumn,2183,360,273,3,0.68,21,3,45843,8,3.9,UK,0
341,13440,Koramangala,12.939685,77.450839,Entire home/apt,Independent House,2024-11-01,11,Winter,2560,360,273,3,0.4,12,5,30720,269,4.9,India,0
341,13440,Koramangala,12.939685,77.450839,Entire home/apt,Independent House,2024-12-01,12,Winter,2473,360,273,3,0.49,15,1,37095,137,4.8,Germany,0
342,61337,Bellandur,13.033959,77.487279,Entire home/apt,Studio,2024-01-01,1,Winter,6134,109,82,3,0.74,23,3,141082,132,4.1,Canada,0
342,61337,Bellandur,13.033959,77.487279,Entire home/apt,Studio,2024-02-01,2,Winter,5052,109,82,3,0.37,11,3,55572,242,4.3,India,0
342,61337,Bellandur,13.033959,77.487279,Entire home/apt,Studio,2024-03-01,3,Spring,5301,109,82,3,0.46,14,4,74214,264,4.6,India,0
342,61337,Bellandur,13.033959,77.487279,Entire home/apt,Studio,2024-04-01,4,Spring,5254,109,82,3,0.56,17,3,89318,96,4.8,India,0
342,61337,Bellandur,13.033959,77.487279,Entire home/apt,Studio,2024-05-01,5,Spring,4688,109,82,3,0.62,19,1,89072,137,5.0,India,0
342,61337,Bellandur,13.033959,77.487279,Entire home/apt,Studio,2024-06-01,6,Summer,4891,109,82,3,0.7,21,3,102711,72,4.0,India,0
342,61337,Bellandur,13.033959,77.487279,Entire home/apt,Studio,2024-07-01,7,Monsoon,4363,109,82,3,0.45,14,3,61082,151,4.0,USA,0
342,61337,Bellandur,13.033959,77.487279,Entire home/apt,Studio,2024-08-01,8,Monsoon,4245,109,82,3,0.45,14,3,59430,330,4.8,India,0
342,61337,Bellandur,13.033959,77.487279,Entire home/apt,Studio,2024-09-01,9,Autumn,4895,109,82,3,0.3,9,3,44055,208,4.2,India,0
342,61337,Bellandur,13.033959,77.487279,Entire home/apt,Studio,2024-10-01,10,Autumn,4442,109,82,3,0.52,16,1,71072,214,4.7,UK,0
342,61337,Bellandur,13.033959,77.487279,Entire home/apt,Studio,2024-11-01,11,Winter,4685,109,82,3,0.5,15,3,70275,270,5.0,India,0
342,61337,Bellandur,13.033959,77.487279,Entire home/apt,Studio,2024-12-01,12,Winter,5456,109,82,3,0.77,24,2,130944,128,4.3,India,0
343,61142,Basavanagudi,13.078181,77.63949,Entire home/apt,Villa,2024-01-01,1,Winter,4565,220,228,1,0.39,12,2,54780,117,4.5,USA,0
343,61142,Basavanagudi,13.078181,77.63949,Entire home/apt,Villa,2024-02-01,2,Winter,3511,220,228,1,0.33,10,3,35110,95,4.1,India,0
343,61142,Basavanagudi,13.078181,77.63949,Entire home/apt,Villa,2024-03-01,3,Spring,3717,220,228,1,0.44,14,5,52038,11,4.2,India,0
343,61142,Basavanagudi,13.078181,77.63949,Entire home/apt,Villa,2024-04-01,4,Spring,3677,220,228,1,0.67,20,2,73540,157,4.4,India,0
343,61142,Basavanagudi,13.078181,77.63949,Entire home/apt,Villa,2024-05-01,5,Spring,3621,220,228,1,0.42,13,2,47073,148,4.0,India,0
343,61142,Basavanagudi,13.078181,77.63949,Entire home/apt,Villa,2024-06-01,6,Summer,3791,220,228,1,0.47,14,5,53074,271,4.0,India,0
343,61142,Basavanagudi,13.078181,77.63949,Entire home/apt,Villa,2024-07-01,7,Monsoon,2717,220,228,1,0.73,23,4,62491,115,4.4,USA,0
343,61142,Basavanagudi,13.078181,77.63949,Entire home/apt,Villa,2024-08-01,8,Monsoon,3015,220,228,1,0.55,17,2,51255,284,4.9,India,0
343,61142,Basavanagudi,13.078181,77.63949,Entire home/apt,Villa,2024-09-01,9,Autumn,3371,220,228,1,0.92,28,3,94388,141,4.6,India,0
343,61142,Basavanagudi,13.078181,77.63949,Entire home/apt,Villa,2024-10-01,10,Autumn,3618,220,228,1,0.69,21,5,75978,238,4.5,India,0
343,61142,Basavanagudi,13.078181,77.63949,Entire home/apt,Villa,2024-11-01,11,Winter,3289,220,228,1,0.62,19,3,62491,174,4.7,India,0
343,61142,Basavanagudi,13.078181,77.63949,Entire home/apt,Villa,2024-12-01,12,Winter,4143,220,228,1,0.6,19,3,78717,29,5.0,Netherlands,0
344,36822,Hebbal,12.783575,77.679514,Entire home/apt,Studio,2024-01-01,1,Winter,7850,428,211,3,0.42,13,4,102050,62,4.8,India,0
344,36822,Hebbal,12.783575,77.679514,Entire home/apt,Studio,2024-02-01,2,Winter,6250,428,211,3,0.38,11,2,68750,52,4.3,India,0
344,36822,Hebbal,12.783575,77.679514,Entire home/apt,Studio,2024-03-01,3,Spring,6928,428,211,3,0.37,11,3,76208,232,4.0,India,0
344,36822,Hebbal,12.783575,77.679514,Entire home/apt,Studio,2024-04-01,4,Spring,6886,428,211,3,0.69,21,3,144606,63,4.7,India,0
344,36822,Hebbal,12.783575,77.679514,Entire home/apt,Studio,2024-05-01,5,Spring,5974,428,211,3,0.45,14,3,83636,101,4.6,India,0
344,36822,Hebbal,12.783575,77.679514,Entire home/apt,Studio,2024-06-01,6,Summer,6298,428,211,3,0.55,16,1,100768,347,5.0,India,0
344,36822,Hebbal,12.783575,77.679514,Entire home/apt,Studio,2024-07-01,7,Monsoon,5205,428,211,3,0.51,16,2,83280,207,4.4,India,0
344,36822,Hebbal,12.783575,77.679514,Entire home/apt,Studio,2024-08-01,8,Monsoon,5167,428,211,3,0.49,15,5,77505,20,4.7,Singapore,0
344,36822,Hebbal,12.783575,77.679514,Entire home/apt,Studio,2024-09-01,9,Autumn,6087,428,211,3,0.84,25,4,152175,39,4.7,Canada,0
344,36822,Hebbal,12.783575,77.679514,Entire home/apt,Studio,2024-10-01,10,Autumn,6213,428,211,3,0.52,16,4,99408,313,5.0,UK,0
344,36822,Hebbal,12.783575,77.679514,Entire home/apt,Studio,2024-11-01,11,Winter,6462,428,211,3,0.59,18,5,116316,199,4.1,India,0
344,36822,Hebbal,12.783575,77.679514,Entire home/apt,Studio,2024-12-01,12,Winter,7369,428,211,3,0.56,17,5,125273,208,4.7,UK,0
345,78743,Indiranagar,12.704269,77.505449,Private room,Apartment,2024-01-01,1,Winter,5423,369,134,3,0.5,16,3,86768,57,4.7,India,0
345,78743,Indiranagar,12.704269,77.505449,Private room,Apartment,2024-02-01,2,Winter,4708,369,134,3,0.75,22,3,103576,6,4.7,India,0
345,78743,Indiranagar,12.704269,77.505449,Private room,Apartment,2024-03-01,3,Spring,4976,369,134,3,0.54,17,2,84592,241,4.3,India,0
345,78743,Indiranagar,12.704269,77.505449,Private room,Apartment,2024-04-01,4,Spring,4622,369,134,3,0.58,17,2,78574,145,4.3,France,0
345,78743,Indiranagar,12.704269,77.505449,Private room,Apartment,2024-05-01,5,Spring,4579,369,134,3,0.53,16,3,73264,212,4.2,UAE,0
345,78743,Indiranagar,12.704269,77.505449,Private room,Apartment,2024-06-01,6,Summer,4726,369,134,3,0.53,16,4,75616,348,4.6,India,0
345,78743,Indiranagar,12.704269,77.505449,Private room,Apartment,2024-07-01,7,Monsoon,3994,369,134,3,0.43,13,2,51922,177,5.0,India,0
345,78743,Indiranagar,12.704269,77.505449,Private room,Apartment,2024-08-01,8,Monsoon,4031,369,134,3,0.83,26,1,104806,159,4.2,India,0
345,78743,Indiranagar,12.704269,77.505449,Private room,Apartment,2024-09-01,9,Autumn,4357,369,134,3,0.61,18,4,78426,269,4.6,India,0
345,78743,Indiranagar,12.704269,77.505449,Private room,Apartment,2024-10-01,10,Autumn,4048,369,134,3,0.62,19,3,76912,55,3.9,India,0
345,78743,Indiranagar,12.704269,77.505449,Private room,Apartment,2024-11-01,11,Winter,4409,369,134,3,0.28,8,2,35272,244,3.8,India,0
345,78743,Indiranagar,12.704269,77.505449,Private room,Apartment,2024-12-01,12,Winter,5585,369,134,3,0.52,16,1,89360,71,4.1,UK,0
346,32360,HSR Layout,13.07664,77.631971,Entire home/apt,Apartment,2024-01-01,1,Winter,6455,349,202,5,0.5,16,2,103280,172,5.0,India,0
346,32360,HSR Layout,13.07664,77.631971,Entire home/apt,Apartment,2024-02-01,2,Winter,4905,349,202,5,0.79,23,4,112815,150,4.5,India,0
346,32360,HSR Layout,13.07664,77.631971,Entire home/apt,Apartment,2024-03-01,3,Spring,5197,349,202,5,0.6,19,3,98743,21,4.6,France,0
346,32360,HSR Layout,13.07664,77.631971,Entire home/apt,Apartment,2024-04-01,4,Spring,5317,349,202,5,0.39,12,3,63804,172,4.5,India,0
346,32360,HSR Layout,13.07664,77.631971,Entire home/apt,Apartment,2024-05-01,5,Spring,5094,349,202,5,0.16,5,4,25470,219,4.9,India,0
346,32360,HSR Layout,13.07664,77.631971,Entire home/apt,Apartment,2024-06-01,6,Summer,4927,349,202,5,0.33,10,3,49270,23,4.9,India,0
346,32360,HSR Layout,13.07664,77.631971,Entire home/apt,Apartment,2024-07-01,7,Monsoon,4518,349,202,5,0.71,22,1,99396,65,4.7,India,0
346,32360,HSR Layout,13.07664,77.631971,Entire home/apt,Apartment,2024-08-01,8,Monsoon,4522,349,202,5,0.51,16,4,72352,21,4.7,Canada,0
346,32360,HSR Layout,13.07664,77.631971,Entire home/apt,Apartment,2024-09-01,9,Autumn,4943,349,202,5,0.4,12,4,59316,28,4.7,India,0
346,32360,HSR Layout,13.07664,77.631971,Entire home/apt,Apartment,2024-10-01,10,Autumn,4997,349,202,5,0.53,16,2,79952,199,4.9,India,0
346,32360,HSR Layout,13.07664,77.631971,Entire home/apt,Apartment,2024-11-01,11,Winter,5003,349,202,5,0.53,16,4,80048,13,4.3,India,0
346,32360,HSR Layout,13.07664,77.631971,Entire home/apt,Apartment,2024-12-01,12,Winter,6367,349,202,5,0.58,18,3,114606,37,4.9,India,0
347,23100,HSR Layout,13.007038,77.526208,Entire home/apt,Apartment,2024-01-01,1,Winter,3664,231,300,2,0.57,18,2,65952,55,4.1,India,0
347,23100,HSR Layout,13.007038,77.526208,Entire home/apt,Apartment,2024-02-01,2,Winter,3066,231,300,2,0.27,8,2,24528,287,4.8,India,0
347,23100,HSR Layout,13.007038,77.526208,Entire home/apt,Apartment,2024-03-01,3,Spring,2832,231,300,2,0.81,25,2,70800,107,3.9,Netherlands,0
347,23100,HSR Layout,13.007038,77.526208,Entire home/apt,Apartment,2024-04-01,4,Spring,3315,231,300,2,0.52,16,4,53040,148,4.4,USA,0
347,23100,HSR Layout,13.007038,77.526208,Entire home/apt,Apartment,2024-05-01,5,Spring,2842,231,300,2,0.62,19,1,53998,123,4.1,India,0
347,23100,HSR Layout,13.007038,77.526208,Entire home/apt,Apartment,2024-06-01,6,Summer,2642,231,300,2,0.63,19,3,50198,270,3.8,Netherlands,0
347,23100,HSR Layout,13.007038,77.526208,Entire home/apt,Apartment,2024-07-01,7,Monsoon,2408,231,300,2,0.98,30,3,72240,175,4.1,India,0
347,23100,HSR Layout,13.007038,77.526208,Entire home/apt,Apartment,2024-08-01,8,Monsoon,2753,231,300,2,0.44,14,2,38542,341,4.7,UAE,0
347,23100,HSR Layout,13.007038,77.526208,Entire home/apt,Apartment,2024-09-01,9,Autumn,2935,231,300,2,0.7,21,3,61635,270,4.4,India,0
347,23100,HSR Layout,13.007038,77.526208,Entire home/apt,Apartment,2024-10-01,10,Autumn,3202,231,300,2,0.44,14,1,44828,119,4.6,India,0
347,23100,HSR Layout,13.007038,77.526208,Entire home/apt,Apartment,2024-11-01,11,Winter,2854,231,300,2,0.36,11,2,31394,52,4.4,India,0
347,23100,HSR Layout,13.007038,77.526208,Entire home/apt,Apartment,2024-12-01,12,Winter,3538,231,300,2,0.46,14,2,49532,9,5.0,India,1
348,58266,Ulsoor,12.932337,77.469452,Entire home/apt,Studio,2024-01-01,1,Winter,3287,476,173,1,0.54,17,3,55879,231,4.2,Netherlands,0
348,58266,Ulsoor,12.932337,77.469452,Entire home/apt,Studio,2024-02-01,2,Winter,2340,476,173,1,0.47,14,2,32760,306,3.8,USA,0
348,58266,Ulsoor,12.932337,77.469452,Entire home/apt,Studio,2024-03-01,3,Spring,2542,476,173,1,0.32,10,3,25420,320,5.0,India,0
348,58266,Ulsoor,12.932337,77.469452,Entire home/apt,Studio,2024-04-01,4,Spring,2865,476,173,1,0.66,20,3,57300,192,4.7,Singapore,0
348,58266,Ulsoor,12.932337,77.469452,Entire home/apt,Studio,2024-05-01,5,Spring,2526,476,173,1,0.76,24,3,60624,282,4.3,India,0
348,58266,Ulsoor,12.932337,77.469452,Entire home/apt,Studio,2024-06-01,6,Summer,2514,476,173,1,0.65,20,3,50280,346,4.0,India,0
348,58266,Ulsoor,12.932337,77.469452,Entire home/apt,Studio,2024-07-01,7,Monsoon,2862,476,173,1,0.55,17,5,48654,233,4.6,India,0
348,58266,Ulsoor,12.932337,77.469452,Entire home/apt,Studio,2024-08-01,8,Monsoon,2494,476,173,1,0.68,21,3,52374,74,4.5,India,0
348,58266,Ulsoor,12.932337,77.469452,Entire home/apt,Studio,2024-09-01,9,Autumn,2519,476,173,1,0.32,10,2,25190,196,4.3,India,0
348,58266,Ulsoor,12.932337,77.469452,Entire home/apt,Studio,2024-10-01,10,Autumn,2596,476,173,1,0.61,19,3,49324,75,5.0,India,0
348,58266,Ulsoor,12.932337,77.469452,Entire home/apt,Studio,2024-11-01,11,Winter,2469,476,173,1,0.33,10,1,24690,256,4.9,Singapore,0
348,58266,Ulsoor,12.932337,77.469452,Entire home/apt,Studio,2024-12-01,12,Winter,3403,476,173,1,0.68,21,3,71463,99,4.4,Canada,0
349,24202,HSR Layout,13.035675,77.692123,Entire home/apt,Independent House,2024-01-01,1,Winter,5964,814,300,5,0.33,10,3,59640,28,4.3,India,0
349,24202,HSR Layout,13.035675,77.692123,Entire home/apt,Independent House,2024-02-01,2,Winter,4878,814,300,5,0.29,8,5,39024,242,4.6,India,0
349,24202,HSR Layout,13.035675,77.692123,Entire home/apt,Independent House,2024-03-01,3,Spring,5304,814,300,5,0.76,24,3,127296,234,5.0,UK,0
349,24202,HSR Layout,13.035675,77.692123,Entire home/apt,Independent House,2024-04-01,4,Spring,5400,814,300,5,0.2,6,5,32400,15,4.9,India,0
349,24202,HSR Layout,13.035675,77.692123,Entire home/apt,Independent House,2024-05-01,5,Spring,4894,814,300,5,0.57,18,2,88092,110,3.8,India,0
349,24202,HSR Layout,13.035675,77.692123,Entire home/apt,Independent House,2024-06-01,6,Summer,4598,814,300,5,0.35,10,4,45980,116,3.7,India,0
349,24202,HSR Layout,13.035675,77.692123,Entire home/apt,Independent House,2024-07-01,7,Monsoon,4277,814,300,5,0.41,13,2,55601,343,5.0,India,0
349,24202,HSR Layout,13.035675,77.692123,Entire home/apt,Independent House,2024-08-01,8,Monsoon,4244,814,300,5,0.72,22,4,93368,332,3.9,India,0
349,24202,HSR Layout,13.035675,77.692123,Entire home/apt,Independent House,2024-09-01,9,Autumn,4647,814,300,5,0.54,16,5,74352,70,4.1,India,0
349,24202,HSR Layout,13.035675,77.692123,Entire home/apt,Independent House,2024-10-01,10,Autumn,4669,814,300,5,0.5,16,3,74704,8,4.4,France,0
349,24202,HSR Layout,13.035675,77.692123,Entire home/apt,Independent House,2024-11-01,11,Winter,5124,814,300,5,0.59,18,4,92232,176,4.7,Canada,0
349,24202,HSR Layout,13.035675,77.692123,Entire home/apt,Independent House,2024-12-01,12,Winter,6048,814,300,5,0.62,19,4,114912,60,4.5,Netherlands,0
350,84221,Richmond Town,12.873659,77.458982,Private room,Independent House,2024-01-01,1,Winter,4124,325,287,3,0.7,22,3,90728,75,4.4,India,0
350,84221,Richmond Town,12.873659,77.458982,Private room,Independent House,2024-02-01,2,Winter,3268,325,287,3,0.5,14,3,45752,195,4.5,India,0
350,84221,Richmond Town,12.873659,77.458982,Private room,Independent House,2024-03-01,3,Spring,3332,325,287,3,0.5,16,2,53312,322,5.0,India,0
350,84221,Richmond Town,12.873659,77.458982,Private room,Independent House,2024-04-01,4,Spring,3444,325,287,3,0.55,16,4,55104,7,3.9,India,0
350,84221,Richmond Town,12.873659,77.458982,Private room,Independent House,2024-05-01,5,Spring,3054,325,287,3,0.49,15,4,45810,50,4.2,India,0
350,84221,Richmond Town,12.873659,77.458982,Private room,Independent House,2024-06-01,6,Summer,3119,325,287,3,0.46,14,3,43666,74,4.5,UK,0
350,84221,Richmond Town,12.873659,77.458982,Private room,Independent House,2024-07-01,7,Monsoon,2827,325,287,3,0.39,12,4,33924,160,4.3,India,0
350,84221,Richmond Town,12.873659,77.458982,Private room,Independent House,2024-08-01,8,Monsoon,2818,325,287,3,0.71,22,5,61996,61,4.6,India,0
350,84221,Richmond Town,12.873659,77.458982,Private room,Independent House,2024-09-01,9,Autumn,2983,325,287,3,0.59,18,2,53694,136,5.0,India,0
350,84221,Richmond Town,12.873659,77.458982,Private room,Independent House,2024-10-01,10,Autumn,3298,325,287,3,0.61,19,2,62662,300,4.8,Germany,0
350,84221,Richmond Town,12.873659,77.458982,Private room,Independent House,2024-11-01,11,Winter,3402,325,287,3,0.69,21,3,71442,320,4.7,UAE,0
350,84221,Richmond Town,12.873659,77.458982,Private room,Independent House,2024-12-01,12,Winter,4106,325,287,3,0.37,11,4,45166,84,3.9,India,0
351,10853,Brigade Road,12.873699,77.567202,Private room,Apartment,2024-01-01,1,Winter,4502,310,108,1,0.7,22,4,99044,198,3.8,India,1
351,10853,Brigade Road,12.873699,77.567202,Private room,Apartment,2024-02-01,2,Winter,3582,310,108,1,0.5,14,3,50148,313,3.8,India,0
351,10853,Brigade Road,12.873699,77.567202,Private room,Apartment,2024-03-01,3,Spring,4354,310,108,1,0.37,11,5,47894,13,4.3,India,0
351,10853,Brigade Road,12.873699,77.567202,Private room,Apartment,2024-04-01,4,Spring,4237,310,108,1,0.67,20,1,84740,270,4.1,India,0
351,10853,Brigade Road,12.873699,77.567202,Private room,Apartment,2024-05-01,5,Spring,3824,310,108,1,0.61,19,3,72656,41,5.0,India,0
351,10853,Brigade Road,12.873699,77.567202,Private room,Apartment,2024-06-01,6,Summer,3768,310,108,1,0.55,16,3,60288,164,4.2,India,0
351,10853,Brigade Road,12.873699,77.567202,Private room,Apartment,2024-07-01,7,Monsoon,3171,310,108,1,0.45,14,2,44394,90,5.0,Singapore,0
351,10853,Brigade Road,12.873699,77.567202,Private room,Apartment,2024-08-01,8,Monsoon,3322,310,108,1,0.66,20,3,66440,298,5.0,Canada,0
351,10853,Brigade Road,12.873699,77.567202,Private room,Apartment,2024-09-01,9,Autumn,3217,310,108,1,0.76,23,3,73991,321,4.5,India,0
351,10853,Brigade Road,12.873699,77.567202,Private room,Apartment,2024-10-01,10,Autumn,3775,310,108,1,0.45,14,3,52850,112,4.2,India,0
351,10853,Brigade Road,12.873699,77.567202,Private room,Apartment,2024-11-01,11,Winter,3785,310,108,1,0.93,28,4,105980,225,4.9,India,0
351,10853,Brigade Road,12.873699,77.567202,Private room,Apartment,2024-12-01,12,Winter,4863,310,108,1,0.54,17,2,82671,83,4.3,India,0
352,28314,Malleshwaram,13.005187,77.573494,Entire home/apt,Independent House,2024-01-01,1,Winter,2793,226,256,1,0.42,13,3,36309,47,4.3,USA,0
352,28314,Malleshwaram,13.005187,77.573494,Entire home/apt,Independent House,2024-02-01,2,Winter,2528,226,256,1,0.55,16,3,40448,242,4.6,UAE,0
352,28314,Malleshwaram,13.005187,77.573494,Entire home/apt,Independent House,2024-03-01,3,Spring,2817,226,256,1,0.44,14,4,39438,82,3.7,India,0
352,28314,Malleshwaram,13.005187,77.573494,Entire home/apt,Independent House,2024-04-01,4,Spring,2704,226,256,1,0.38,11,4,29744,34,4.7,UK,0
352,28314,Malleshwaram,13.005187,77.573494,Entire home/apt,Independent House,2024-05-01,5,Spring,2744,226,256,1,0.67,21,2,57624,203,4.8,UAE,0
352,28314,Malleshwaram,13.005187,77.573494,Entire home/apt,Independent House,2024-06-01,6,Summer,2537,226,256,1,0.45,14,3,35518,134,4.2,India,0
352,28314,Malleshwaram,13.005187,77.573494,Entire home/apt,Independent House,2024-07-01,7,Monsoon,2005,226,256,1,0.68,21,2,42105,103,4.4,India,0
352,28314,Malleshwaram,13.005187,77.573494,Entire home/apt,Independent House,2024-08-01,8,Monsoon,2057,226,256,1,0.4,12,1,24684,67,4.2,Canada,0
352,28314,Malleshwaram,13.005187,77.573494,Entire home/apt,Independent House,2024-09-01,9,Autumn,2571,226,256,1,0.69,21,2,53991,87,4.4,India,0
352,28314,Malleshwaram,13.005187,77.573494,Entire home/apt,Independent House,2024-10-01,10,Autumn,2113,226,256,1,0.5,16,4,33808,205,4.4,India,0
352,28314,Malleshwaram,13.005187,77.573494,Entire home/apt,Independent House,2024-11-01,11,Winter,2519,226,256,1,0.43,13,1,32747,5,4.6,India,0
352,28314,Malleshwaram,13.005187,77.573494,Entire home/apt,Independent House,2024-12-01,12,Winter,3216,226,256,1,0.52,16,5,51456,84,4.7,India,1
353,31414,Indiranagar,12.851932,77.515661,Entire home/apt,Studio,2024-01-01,1,Winter,4006,227,242,2,0.68,21,2,84126,279,4.8,India,0
353,31414,Indiranagar,12.851932,77.515661,Entire home/apt,Studio,2024-02-01,2,Winter,3229,227,242,2,0.68,20,2,64580,111,4.9,India,0
353,31414,Indiranagar,12.851932,77.515661,Entire home/apt,Studio,2024-03-01,3,Spring,2967,227,242,2,0.63,20,4,59340,279,4.4,India,0
353,31414,Indiranagar,12.851932,77.515661,Entire home/apt,Studio,2024-04-01,4,Spring,3617,227,242,2,0.74,22,2,79574,25,4.2,USA,0
353,31414,Indiranagar,12.851932,77.515661,Entire home/apt,Studio,2024-05-01,5,Spring,3058,227,242,2,0.63,20,2,61160,296,4.7,India,0
353,31414,Indiranagar,12.851932,77.515661,Entire home/apt,Studio,2024-06-01,6,Summer,2781,227,242,2,0.65,20,2,55620,202,4.4,India,0
353,31414,Indiranagar,12.851932,77.515661,Entire home/apt,Studio,2024-07-01,7,Monsoon,2741,227,242,2,0.49,15,1,41115,48,4.3,India,0
353,31414,Indiranagar,12.851932,77.515661,Entire home/apt,Studio,2024-08-01,8,Monsoon,2919,227,242,2,0.44,14,2,40866,27,4.1,India,0
353,31414,Indiranagar,12.851932,77.515661,Entire home/apt,Studio,2024-09-01,9,Autumn,2974,227,242,2,0.48,14,2,41636,128,4.1,France,0
353,31414,Indiranagar,12.851932,77.515661,Entire home/apt,Studio,2024-10-01,10,Autumn,3005,227,242,2,0.37,11,2,33055,273,4.1,India,0
353,31414,Indiranagar,12.851932,77.515661,Entire home/apt,Studio,2024-11-01,11,Winter,3394,227,242,2,0.67,20,2,67880,255,4.2,India,0
353,31414,Indiranagar,12.851932,77.515661,Entire home/apt,Studio,2024-12-01,12,Winter,3813,227,242,2,0.69,21,2,80073,95,4.9,India,0
354,93763,MG Road,13.051273,77.71828,Entire home/apt,Independent House,2024-01-01,1,Winter,3776,446,132,2,0.41,13,2,49088,214,4.6,India,0
354,93763,MG Road,13.051273,77.71828,Entire home/apt,Independent House,2024-02-01,2,Winter,3412,446,132,2,0.43,12,3,40944,251,4.6,UK,0
354,93763,MG Road,13.051273,77.71828,Entire home/apt,Independent House,2024-03-01,3,Spring,3557,446,132,2,0.53,16,3,56912,224,4.9,India,0
354,93763,MG Road,13.051273,77.71828,Entire home/apt,Independent House,2024-04-01,4,Spring,3862,446,132,2,0.42,13,2,50206,118,4.1,Singapore,0
354,93763,MG Road,13.051273,77.71828,Entire home/apt,Independent House,2024-05-01,5,Spring,3265,446,132,2,0.57,18,3,58770,58,4.2,Australia,0
354,93763,MG Road,13.051273,77.71828,Entire home/apt,Independent House,2024-06-01,6,Summer,3555,446,132,2,0.62,19,2,67545,348,4.7,Netherlands,0
354,93763,MG Road,13.051273,77.71828,Entire home/apt,Independent House,2024-07-01,7,Monsoon,2759,446,132,2,0.75,23,2,63457,173,3.4,India,0
354,93763,MG Road,13.051273,77.71828,Entire home/apt,Independent House,2024-08-01,8,Monsoon,3178,446,132,2,0.71,22,3,69916,11,4.3,India,0
354,93763,MG Road,13.051273,77.71828,Entire home/apt,Independent House,2024-09-01,9,Autumn,3601,446,132,2,0.56,17,3,61217,278,4.5,USA,0
354,93763,MG Road,13.051273,77.71828,Entire home/apt,Independent House,2024-10-01,10,Autumn,3414,446,132,2,0.99,31,2,105834,348,5.0,UAE,0
354,93763,MG Road,13.051273,77.71828,Entire home/apt,Independent House,2024-11-01,11,Winter,3487,446,132,2,0.43,13,2,45331,31,4.6,India,0
354,93763,MG Road,13.051273,77.71828,Entire home/apt,Independent House,2024-12-01,12,Winter,4021,446,132,2,0.69,21,4,84441,120,4.6,UAE,0
355,29207,Indiranagar,12.846035,77.450675,Entire home/apt,Apartment,2024-01-01,1,Winter,2518,312,167,2,0.62,19,2,47842,178,4.2,India,0
355,29207,Indiranagar,12.846035,77.450675,Entire home/apt,Apartment,2024-02-01,2,Winter,2155,312,167,2,0.71,21,5,45255,347,4.5,Singapore,0
355,29207,Indiranagar,12.846035,77.450675,Entire home/apt,Apartment,2024-03-01,3,Spring,2287,312,167,2,0.63,20,2,45740,171,4.8,India,0
355,29207,Indiranagar,12.846035,77.450675,Entire home/apt,Apartment,2024-04-01,4,Spring,2144,312,167,2,0.64,19,2,40736,53,5.0,India,0
355,29207,Indiranagar,12.846035,77.450675,Entire home/apt,Apartment,2024-05-01,5,Spring,2264,312,167,2,0.61,19,2,43016,76,4.8,USA,0
355,29207,Indiranagar,12.846035,77.450675,Entire home/apt,Apartment,2024-06-01,6,Summer,2240,312,167,2,0.71,21,3,47040,89,3.7,India,0
355,29207,Indiranagar,12.846035,77.450675,Entire home/apt,Apartment,2024-07-01,7,Monsoon,1625,312,167,2,0.75,23,3,37375,167,3.9,India,0
355,29207,Indiranagar,12.846035,77.450675,Entire home/apt,Apartment,2024-08-01,8,Monsoon,2015,312,167,2,0.55,17,5,34255,304,4.1,Canada,0
355,29207,Indiranagar,12.846035,77.450675,Entire home/apt,Apartment,2024-09-01,9,Autumn,2219,312,167,2,0.63,19,3,42161,273,5.0,UK,0
355,29207,Indiranagar,12.846035,77.450675,Entire home/apt,Apartment,2024-10-01,10,Autumn,2026,312,167,2,0.82,25,2,50650,220,4.6,India,0
355,29207,Indiranagar,12.846035,77.450675,Entire home/apt,Apartment,2024-11-01,11,Winter,2018,312,167,2,0.72,22,3,44396,8,4.7,Canada,0
355,29207,Indiranagar,12.846035,77.450675,Entire home/apt,Apartment,2024-12-01,12,Winter,2694,312,167,2,0.64,20,2,53880,19,4.3,Australia,0
356,89320,Frazer Town,12.964925,77.612685,Shared room,Studio,2024-01-01,1,Winter,3092,413,208,3,0.59,18,3,55656,152,4.6,Singapore,0
356,89320,Frazer Town,12.964925,77.612685,Shared room,Studio,2024-02-01,2,Winter,2562,413,208,3,0.39,11,3,28182,262,5.0,India,0
356,89320,Frazer Town,12.964925,77.612685,Shared room,Studio,2024-03-01,3,Spring,2783,413,208,3,0.57,18,1,50094,43,4.7,India,0
356,89320,Frazer Town,12.964925,77.612685,Shared room,Studio,2024-04-01,4,Spring,2806,413,208,3,0.72,22,2,61732,279,4.7,India,0
356,89320,Frazer Town,12.964925,77.612685,Shared room,Studio,2024-05-01,5,Spring,2652,413,208,3,0.8,25,5,66300,18,4.9,India,0
356,89320,Frazer Town,12.964925,77.612685,Shared room,Studio,2024-06-01,6,Summer,2477,413,208,3,0.43,13,2,32201,182,5.0,UAE,0
356,89320,Frazer Town,12.964925,77.612685,Shared room,Studio,2024-07-01,7,Monsoon,2211,413,208,3,0.53,16,2,35376,278,3.8,India,0
356,89320,Frazer Town,12.964925,77.612685,Shared room,Studio,2024-08-01,8,Monsoon,2325,413,208,3,0.62,19,2,44175,100,3.9,India,0
356,89320,Frazer Town,12.964925,77.612685,Shared room,Studio,2024-09-01,9,Autumn,2599,413,208,3,0.53,16,5,41584,95,5.0,India,0
356,89320,Frazer Town,12.964925,77.612685,Shared room,Studio,2024-10-01,10,Autumn,2396,413,208,3,0.53,16,3,38336,140,4.2,India,1
356,89320,Frazer Town,12.964925,77.612685,Shared room,Studio,2024-11-01,11,Winter,2764,413,208,3,0.54,16,3,44224,321,4.2,India,0
356,89320,Frazer Town,12.964925,77.612685,Shared room,Studio,2024-12-01,12,Winter,3277,413,208,3,0.39,12,2,39324,312,4.8,India,0
357,29649,Richmond Town,12.929837,77.580939,Entire home/apt,Independent House,2024-01-01,1,Winter,7173,384,146,3,0.66,20,3,143460,100,5.0,India,0
357,29649,Richmond Town,12.929837,77.580939,Entire home/apt,Independent House,2024-02-01,2,Winter,5878,384,146,3,0.59,17,3,99926,272,4.9,India,0
357,29649,Richmond Town,12.929837,77.580939,Entire home/apt,Independent House,2024-03-01,3,Spring,6023,384,146,3,0.65,20,3,120460,204,4.1,India,0
357,29649,Richmond Town,12.929837,77.580939,Entire home/apt,Independent House,2024-04-01,4,Spring,6127,384,146,3,0.1,3,3,18381,121,4.7,India,0
357,29649,Richmond Town,12.929837,77.580939,Entire home/apt,Independent House,2024-05-01,5,Spring,5509,384,146,3,0.7,22,3,121198,15,4.7,India,0
357,29649,Richmond Town,12.929837,77.580939,Entire home/apt,Independent House,2024-06-01,6,Summer,5861,384,146,3,0.37,11,4,64471,199,4.9,India,0
357,29649,Richmond Town,12.929837,77.580939,Entire home/apt,Independent House,2024-07-01,7,Monsoon,5494,384,146,3,0.64,20,3,109880,233,4.8,India,0
357,29649,Richmond Town,12.929837,77.580939,Entire home/apt,Independent House,2024-08-01,8,Monsoon,5106,384,146,3,0.45,14,1,71484,63,4.8,India,0
357,29649,Richmond Town,12.929837,77.580939,Entire home/apt,Independent House,2024-09-01,9,Autumn,5336,384,146,3,0.47,14,4,74704,90,3.8,UK,0
357,29649,Richmond Town,12.929837,77.580939,Entire home/apt,Independent House,2024-10-01,10,Autumn,5497,384,146,3,0.62,19,2,104443,191,4.7,India,0
357,29649,Richmond Town,12.929837,77.580939,Entire home/apt,Independent House,2024-11-01,11,Winter,5647,384,146,3,0.55,16,3,90352,235,3.7,India,0
357,29649,Richmond Town,12.929837,77.580939,Entire home/apt,Independent House,2024-12-01,12,Winter,6972,384,146,3,0.43,13,2,90636,180,4.2,France,0
358,34338,Frazer Town,12.95358,77.489929,Entire home/apt,Studio,2024-01-01,1,Winter,5153,170,217,5,0.29,9,4,46377,113,4.4,Singapore,0
358,34338,Frazer Town,12.95358,77.489929,Entire home/apt,Studio,2024-02-01,2,Winter,4002,170,217,5,0.61,18,5,72036,293,4.1,UAE,0
358,34338,Frazer Town,12.95358,77.489929,Entire home/apt,Studio,2024-03-01,3,Spring,4660,170,217,5,0.58,18,2,83880,84,5.0,India,0
358,34338,Frazer Town,12.95358,77.489929,Entire home/apt,Studio,2024-04-01,4,Spring,4739,170,217,5,0.32,10,3,47390,167,4.0,India,0
358,34338,Frazer Town,12.95358,77.489929,Entire home/apt,Studio,2024-05-01,5,Spring,4230,170,217,5,0.46,14,3,59220,247,3.3,India,0
358,34338,Frazer Town,12.95358,77.489929,Entire home/apt,Studio,2024-06-01,6,Summer,4488,170,217,5,0.71,21,4,94248,199,4.7,India,0
358,34338,Frazer Town,12.95358,77.489929,Entire home/apt,Studio,2024-07-01,7,Monsoon,3676,170,217,5,0.66,20,3,73520,206,4.2,Canada,0
358,34338,Frazer Town,12.95358,77.489929,Entire home/apt,Studio,2024-08-01,8,Monsoon,3837,170,217,5,0.46,14,2,53718,113,5.0,India,0
358,34338,Frazer Town,12.95358,77.489929,Entire home/apt,Studio,2024-09-01,9,Autumn,3905,170,217,5,0.78,23,3,89815,189,4.5,India,0
358,34338,Frazer Town,12.95358,77.489929,Entire home/apt,Studio,2024-10-01,10,Autumn,4122,170,217,5,0.63,20,4,82440,258,4.8,India,0
358,34338,Frazer Town,12.95358,77.489929,Entire home/apt,Studio,2024-11-01,11,Winter,4492,170,217,5,0.65,20,2,89840,13,4.1,Canada,0
358,34338,Frazer Town,12.95358,77.489929,Entire home/apt,Studio,2024-12-01,12,Winter,5284,170,217,5,0.87,27,2,142668,134,5.0,Canada,0
359,83227,Yeshwanthpur,12.706253,77.546132,Entire home/apt,Villa,2024-01-01,1,Winter,5876,419,213,2,0.73,23,1,135148,156,4.3,India,0
359,83227,Yeshwanthpur,12.706253,77.546132,Entire home/apt,Villa,2024-02-01,2,Winter,4319,419,213,2,0.57,17,3,73423,262,4.2,France,0
359,83227,Yeshwanthpur,12.706253,77.546132,Entire home/apt,Villa,2024-03-01,3,Spring,4838,419,213,2,0.45,14,1,67732,57,5.0,UAE,0
359,83227,Yeshwanthpur,12.706253,77.546132,Entire home/apt,Villa,2024-04-01,4,Spring,5076,419,213,2,0.61,18,3,91368,84,4.0,India,0
359,83227,Yeshwanthpur,12.706253,77.546132,Entire home/apt,Villa,2024-05-01,5,Spring,4222,419,213,2,0.43,13,3,54886,170,5.0,India,0
359,83227,Yeshwanthpur,12.706253,77.546132,Entire home/apt,Villa,2024-06-01,6,Summer,4656,419,213,2,0.65,20,2,93120,19,4.8,India,0
359,83227,Yeshwanthpur,12.706253,77.546132,Entire home/apt,Villa,2024-07-01,7,Monsoon,4013,419,213,2,0.77,24,2,96312,201,4.2,India,0
359,83227,Yeshwanthpur,12.706253,77.546132,Entire home/apt,Villa,2024-08-01,8,Monsoon,4412,419,213,2,0.62,19,2,83828,232,3.8,India,0
359,83227,Yeshwanthpur,12.706253,77.546132,Entire home/apt,Villa,2024-09-01,9,Autumn,4441,419,213,2,0.29,9,4,39969,103,5.0,India,0
359,83227,Yeshwanthpur,12.706253,77.546132,Entire home/apt,Villa,2024-10-01,10,Autumn,4586,419,213,2,0.22,7,3,32102,187,4.7,India,0
359,83227,Yeshwanthpur,12.706253,77.546132,Entire home/apt,Villa,2024-11-01,11,Winter,4483,419,213,2,0.33,10,2,44830,268,5.0,India,0
359,83227,Yeshwanthpur,12.706253,77.546132,Entire home/apt,Villa,2024-12-01,12,Winter,5758,419,213,2,0.51,16,3,92128,229,4.3,Australia,1
360,91365,Bellandur,13.081092,77.494906,Private room,Apartment,2024-01-01,1,Winter,2361,104,225,1,0.51,16,1,37776,181,4.5,India,0
360,91365,Bellandur,13.081092,77.494906,Private room,Apartment,2024-02-01,2,Winter,1276,104,225,1,0.39,11,3,14036,62,4.7,India,0
360,91365,Bellandur,13.081092,77.494906,Private room,Apartment,2024-03-01,3,Spring,1927,104,225,1,0.85,26,3,50102,287,5.0,India,0
360,91365,Bellandur,13.081092,77.494906,Private room,Apartment,2024-04-01,4,Spring,1806,104,225,1,0.66,20,3,36120,67,4.4,UK,0
360,91365,Bellandur,13.081092,77.494906,Private room,Apartment,2024-05-01,5,Spring,2094,104,225,1,0.76,24,1,50256,184,4.6,India,0
360,91365,Bellandur,13.081092,77.494906,Private room,Apartment,2024-06-01,6,Summer,1724,104,225,1,0.8,24,4,41376,269,4.7,India,0
360,91365,Bellandur,13.081092,77.494906,Private room,Apartment,2024-07-01,7,Monsoon,1826,104,225,1,0.26,8,3,14608,205,4.7,India,0
360,91365,Bellandur,13.081092,77.494906,Private room,Apartment,2024-08-01,8,Monsoon,1412,104,225,1,0.85,26,2,36712,169,5.0,India,0
360,91365,Bellandur,13.081092,77.494906,Private room,Apartment,2024-09-01,9,Autumn,1690,104,225,1,0.82,25,4,42250,219,5.0,India,0
360,91365,Bellandur,13.081092,77.494906,Private room,Apartment,2024-10-01,10,Autumn,1698,104,225,1,0.96,30,5,50940,298,4.5,India,0
360,91365,Bellandur,13.081092,77.494906,Private room,Apartment,2024-11-01,11,Winter,1642,104,225,1,0.72,22,2,36124,226,4.4,India,0
360,91365,Bellandur,13.081092,77.494906,Private room,Apartment,2024-12-01,12,Winter,2122,104,225,1,0.8,25,4,53050,70,4.5,India,0
361,54208,Bellandur,12.91654,77.551861,Entire home/apt,Villa,2024-01-01,1,Winter,1692,355,242,3,0.72,22,2,37224,65,4.8,India,0
361,54208,Bellandur,12.91654,77.551861,Entire home/apt,Villa,2024-02-01,2,Winter,1759,355,242,3,0.72,21,2,36939,42,4.9,Germany,0
361,54208,Bellandur,12.91654,77.551861,Entire home/apt,Villa,2024-03-01,3,Spring,1478,355,242,3,0.71,22,2,32516,170,5.0,India,0
361,54208,Bellandur,12.91654,77.551861,Entire home/apt,Villa,2024-04-01,4,Spring,1474,355,242,3,0.86,26,4,38324,3,4.3,Singapore,0
361,54208,Bellandur,12.91654,77.551861,Entire home/apt,Villa,2024-05-01,5,Spring,1295,355,242,3,0.63,20,1,25900,157,4.8,India,0
361,54208,Bellandur,12.91654,77.551861,Entire home/apt,Villa,2024-06-01,6,Summer,1647,355,242,3,0.44,13,2,21411,331,4.7,Singapore,0
361,54208,Bellandur,12.91654,77.551861,Entire home/apt,Villa,2024-07-01,7,Monsoon,1181,355,242,3,0.36,11,1,12991,121,4.1,India,0
361,54208,Bellandur,12.91654,77.551861,Entire home/apt,Villa,2024-08-01,8,Monsoon,1168,355,242,3,0.66,20,4,23360,59,5.0,Germany,0
361,54208,Bellandur,12.91654,77.551861,Entire home/apt,Villa,2024-09-01,9,Autumn,1171,355,242,3,0.64,19,4,22249,35,4.0,India,0
361,54208,Bellandur,12.91654,77.551861,Entire home/apt,Villa,2024-10-01,10,Autumn,1590,355,242,3,0.49,15,2,23850,246,4.1,India,0
361,54208,Bellandur,12.91654,77.551861,Entire home/apt,Villa,2024-11-01,11,Winter,1624,355,242,3,0.5,15,3,24360,284,4.4,USA,0
361,54208,Bellandur,12.91654,77.551861,Entire home/apt,Villa,2024-12-01,12,Winter,1388,355,242,3,0.73,23,3,31924,145,4.8,India,0
362,78785,Richmond Town,12.853227,77.62593,Shared room,Serviced Apartment,2024-01-01,1,Winter,4623,70,153,5,0.43,13,5,60099,113,4.3,India,0
362,78785,Richmond Town,12.853227,77.62593,Shared room,Serviced Apartment,2024-02-01,2,Winter,3968,70,153,5,0.42,12,3,47616,149,4.8,India,0
362,78785,Richmond Town,12.853227,77.62593,Shared room,Serviced Apartment,2024-03-01,3,Spring,3968,70,153,5,0.59,18,2,71424,3,4.6,India,0
362,78785,Richmond Town,12.853227,77.62593,Shared room,Serviced Apartment,2024-04-01,4,Spring,3931,70,153,5,0.57,17,4,66827,85,4.5,UAE,0
362,78785,Richmond Town,12.853227,77.62593,Shared room,Serviced Apartment,2024-05-01,5,Spring,3808,70,153,5,0.33,10,2,38080,35,4.9,India,0
362,78785,Richmond Town,12.853227,77.62593,Shared room,Serviced Apartment,2024-06-01,6,Summer,3670,70,153,5,0.63,19,4,69730,88,4.9,USA,0
362,78785,Richmond Town,12.853227,77.62593,Shared room,Serviced Apartment,2024-07-01,7,Monsoon,3137,70,153,5,0.25,8,4,25096,54,4.5,USA,0
362,78785,Richmond Town,12.853227,77.62593,Shared room,Serviced Apartment,2024-08-01,8,Monsoon,2957,70,153,5,0.42,13,2,38441,32,4.0,India,0
362,78785,Richmond Town,12.853227,77.62593,Shared room,Serviced Apartment,2024-09-01,9,Autumn,3411,70,153,5,0.44,13,3,44343,330,3.5,India,0
362,78785,Richmond Town,12.853227,77.62593,Shared room,Serviced Apartment,2024-10-01,10,Autumn,3646,70,153,5,0.86,27,2,98442,47,4.7,India,0
362,78785,Richmond Town,12.853227,77.62593,Shared room,Serviced Apartment,2024-11-01,11,Winter,3466,70,153,5,0.52,16,4,55456,266,4.3,India,0
362,78785,Richmond Town,12.853227,77.62593,Shared room,Serviced Apartment,2024-12-01,12,Winter,4400,70,153,5,0.52,16,2,70400,81,4.2,India,0
363,55220,Indiranagar,12.913005,77.680081,Entire home/apt,Apartment,2024-01-01,1,Winter,7041,76,313,2,0.58,18,3,126738,179,5.0,India,0
363,55220,Indiranagar,12.913005,77.680081,Entire home/apt,Apartment,2024-02-01,2,Winter,5587,76,313,2,0.55,16,3,89392,185,4.4,India,0
363,55220,Indiranagar,12.913005,77.680081,Entire home/apt,Apartment,2024-03-01,3,Spring,6077,76,313,2,0.43,13,2,79001,69,4.2,India,0
363,55220,Indiranagar,12.913005,77.680081,Entire home/apt,Apartment,2024-04-01,4,Spring,5714,76,313,2,0.46,14,4,79996,16,4.5,India,0
363,55220,Indiranagar,12.913005,77.680081,Entire home/apt,Apartment,2024-05-01,5,Spring,5579,76,313,2,0.3,9,3,50211,261,4.4,Germany,0
363,55220,Indiranagar,12.913005,77.680081,Entire home/apt,Apartment,2024-06-01,6,Summer,5631,76,313,2,0.58,17,4,95727,232,4.2,India,0
363,55220,Indiranagar,12.913005,77.680081,Entire home/apt,Apartment,2024-07-01,7,Monsoon,4885,76,313,2,0.52,16,3,78160,123,4.2,USA,0
363,55220,Indiranagar,12.913005,77.680081,Entire home/apt,Apartment,2024-08-01,8,Monsoon,5001,76,313,2,0.95,29,2,145029,281,4.2,Singapore,0
363,55220,Indiranagar,12.913005,77.680081,Entire home/apt,Apartment,2024-09-01,9,Autumn,5456,76,313,2,0.59,18,3,98208,61,4.2,India,0
363,55220,Indiranagar,12.913005,77.680081,Entire home/apt,Apartment,2024-10-01,10,Autumn,5738,76,313,2,0.24,7,2,40166,234,4.3,India,0
363,55220,Indiranagar,12.913005,77.680081,Entire home/apt,Apartment,2024-11-01,11,Winter,5682,76,313,2,0.56,17,3,96594,111,4.2,UAE,0
363,55220,Indiranagar,12.913005,77.680081,Entire home/apt,Apartment,2024-12-01,12,Winter,6986,76,313,2,0.74,23,3,160678,95,4.6,Canada,0
364,52706,HSR Layout,12.769018,77.622994,Entire home/apt,Studio,2024-01-01,1,Winter,3092,368,189,5,0.64,20,4,61840,51,5.0,USA,0
364,52706,HSR Layout,12.769018,77.622994,Entire home/apt,Studio,2024-02-01,2,Winter,2017,368,189,5,0.55,16,3,32272,299,3.8,India,0
364,52706,HSR Layout,12.769018,77.622994,Entire home/apt,Studio,2024-03-01,3,Spring,3279,368,189,5,0.46,14,2,45906,283,4.8,India,0
364,52706,HSR Layout,12.769018,77.622994,Entire home/apt,Studio,2024-04-01,4,Spring,2784,368,189,5,0.41,12,2,33408,85,4.1,India,0
364,52706,HSR Layout,12.769018,77.622994,Entire home/apt,Studio,2024-05-01,5,Spring,2855,368,189,5,0.67,21,2,59955,125,5.0,UK,0
364,52706,HSR Layout,12.769018,77.622994,Entire home/apt,Studio,2024-06-01,6,Summer,2549,368,189,5,0.57,17,4,43333,276,4.4,India,0
364,52706,HSR Layout,12.769018,77.622994,Entire home/apt,Studio,2024-07-01,7,Monsoon,2227,368,189,5,0.37,11,3,24497,157,4.5,India,0
364,52706,HSR Layout,12.769018,77.622994,Entire home/apt,Studio,2024-08-01,8,Monsoon,2127,368,189,5,0.59,18,2,38286,330,4.6,India,0
364,52706,HSR Layout,12.769018,77.622994,Entire home/apt,Studio,2024-09-01,9,Autumn,2595,368,189,5,0.78,23,3,59685,252,4.5,India,0
364,52706,HSR Layout,12.769018,77.622994,Entire home/apt,Studio,2024-10-01,10,Autumn,2689,368,189,5,0.84,26,4,69914,148,5.0,India,1
364,52706,HSR Layout,12.769018,77.622994,Entire home/apt,Studio,2024-11-01,11,Winter,2768,368,189,5,0.48,14,2,38752,129,4.6,India,0
364,52706,HSR Layout,12.769018,77.622994,Entire home/apt,Studio,2024-12-01,12,Winter,2909,368,189,5,0.6,19,5,55271,255,4.6,India,0
365,33653,Electronic City,12.941443,77.704383,Entire home/apt,Apartment,2024-01-01,1,Winter,4169,454,175,2,0.85,26,2,108394,82,4.9,India,0
365,33653,Electronic City,12.941443,77.704383,Entire home/apt,Apartment,2024-02-01,2,Winter,3514,454,175,2,0.58,17,4,59738,239,4.7,UK,0
365,33653,Electronic City,12.941443,77.704383,Entire home/apt,Apartment,2024-03-01,3,Spring,4184,454,175,2,0.62,19,4,79496,57,4.6,India,0
365,33653,Electronic City,12.941443,77.704383,Entire home/apt,Apartment,2024-04-01,4,Spring,3883,454,175,2,0.87,26,3,100958,167,4.4,India,0
365,33653,Electronic City,12.941443,77.704383,Entire home/apt,Apartment,2024-05-01,5,Spring,3523,454,175,2,0.82,25,5,88075,265,4.6,India,0
365,33653,Electronic City,12.941443,77.704383,Entire home/apt,Apartment,2024-06-01,6,Summer,3755,454,175,2,0.46,14,2,52570,345,4.4,UK,0
365,33653,Electronic City,12.941443,77.704383,Entire home/apt,Apartment,2024-07-01,7,Monsoon,3471,454,175,2,0.5,16,1,55536,186,4.4,India,0
365,33653,Electronic City,12.941443,77.704383,Entire home/apt,Apartment,2024-08-01,8,Monsoon,3226,454,175,2,0.45,14,3,45164,27,4.3,India,0
365,33653,Electronic City,12.941443,77.704383,Entire home/apt,Apartment,2024-09-01,9,Autumn,3550,454,175,2,0.61,18,2,63900,22,5.0,India,0
365,33653,Electronic City,12.941443,77.704383,Entire home/apt,Apartment,2024-10-01,10,Autumn,3836,454,175,2,0.47,15,3,57540,310,4.5,Germany,0
365,33653,Electronic City,12.941443,77.704383,Entire home/apt,Apartment,2024-11-01,11,Winter,3662,454,175,2,0.83,25,2,91550,257,4.8,India,0
365,33653,Electronic City,12.941443,77.704383,Entire home/apt,Apartment,2024-12-01,12,Winter,4468,454,175,2,0.7,22,3,98296,178,4.8,India,0
366,58784,Brigade Road,12.842946,77.521039,Entire home/apt,Apartment,2024-01-01,1,Winter,3273,328,100,2,0.54,17,1,55641,154,4.6,India,0
366,58784,Brigade Road,12.842946,77.521039,Entire home/apt,Apartment,2024-02-01,2,Winter,2338,328,100,2,0.22,6,1,14028,293,4.5,Australia,0
366,58784,Brigade Road,12.842946,77.521039,Entire home/apt,Apartment,2024-03-01,3,Spring,2684,328,100,2,0.49,15,3,40260,56,4.0,India,0
366,58784,Brigade Road,12.842946,77.521039,Entire home/apt,Apartment,2024-04-01,4,Spring,2448,328,100,2,0.69,21,2,51408,83,5.0,Canada,0
366,58784,Brigade Road,12.842946,77.521039,Entire home/apt,Apartment,2024-05-01,5,Spring,2662,328,100,2,0.37,11,4,29282,292,4.8,UAE,0
366,58784,Brigade Road,12.842946,77.521039,Entire home/apt,Apartment,2024-06-01,6,Summer,2254,328,100,2,0.48,14,4,31556,11,4.3,UK,0
366,58784,Brigade Road,12.842946,77.521039,Entire home/apt,Apartment,2024-07-01,7,Monsoon,2288,328,100,2,0.72,22,3,50336,85,4.5,UK,0
366,58784,Brigade Road,12.842946,77.521039,Entire home/apt,Apartment,2024-08-01,8,Monsoon,2131,328,100,2,0.64,20,3,42620,300,4.7,USA,0
366,58784,Brigade Road,12.842946,77.521039,Entire home/apt,Apartment,2024-09-01,9,Autumn,2621,328,100,2,0.38,11,3,28831,47,4.5,India,0
366,58784,Brigade Road,12.842946,77.521039,Entire home/apt,Apartment,2024-10-01,10,Autumn,2173,328,100,2,0.56,17,2,36941,334,4.4,Singapore,0
366,58784,Brigade Road,12.842946,77.521039,Entire home/apt,Apartment,2024-11-01,11,Winter,2377,328,100,2,0.45,14,1,33278,100,3.9,UAE,0
366,58784,Brigade Road,12.842946,77.521039,Entire home/apt,Apartment,2024-12-01,12,Winter,2564,328,100,2,0.55,17,3,43588,240,4.3,India,0
367,75518,MG Road,12.943479,77.484551,Entire home/apt,Independent House,2024-01-01,1,Winter,3189,498,157,1,0.78,24,2,76536,60,5.0,Singapore,0
367,75518,MG Road,12.943479,77.484551,Entire home/apt,Independent House,2024-02-01,2,Winter,2298,498,157,1,0.59,17,5,39066,209,4.3,India,0
367,75518,MG Road,12.943479,77.484551,Entire home/apt,Independent House,2024-03-01,3,Spring,2374,498,157,1,0.35,11,3,26114,27,4.8,India,0
367,75518,MG Road,12.943479,77.484551,Entire home/apt,Independent House,2024-04-01,4,Spring,3359,498,157,1,0.71,21,3,70539,344,4.6,India,0
367,75518,MG Road,12.943479,77.484551,Entire home/apt,Independent House,2024-05-01,5,Spring,2684,498,157,1,0.82,25,2,67100,206,5.0,India,0
367,75518,MG Road,12.943479,77.484551,Entire home/apt,Independent House,2024-06-01,6,Summer,2571,498,157,1,0.27,8,4,20568,21,3.7,India,0
367,75518,MG Road,12.943479,77.484551,Entire home/apt,Independent House,2024-07-01,7,Monsoon,2683,498,157,1,0.56,17,3,45611,228,4.6,India,0
367,75518,MG Road,12.943479,77.484551,Entire home/apt,Independent House,2024-08-01,8,Monsoon,2061,498,157,1,0.46,14,2,28854,270,4.4,UK,0
367,75518,MG Road,12.943479,77.484551,Entire home/apt,Independent House,2024-09-01,9,Autumn,2729,498,157,1,0.51,15,4,40935,101,4.1,UAE,0
367,75518,MG Road,12.943479,77.484551,Entire home/apt,Independent House,2024-10-01,10,Autumn,2532,498,157,1,0.75,23,3,58236,109,4.6,India,0
367,75518,MG Road,12.943479,77.484551,Entire home/apt,Independent House,2024-11-01,11,Winter,2810,498,157,1,0.44,13,2,36530,172,3.3,India,0
367,75518,MG Road,12.943479,77.484551,Entire home/apt,Independent House,2024-12-01,12,Winter,3256,498,157,1,0.44,14,1,45584,91,4.6,India,0
368,49513,Brigade Road,12.741452,77.679308,Entire home/apt,Apartment,2024-01-01,1,Winter,9849,404,126,3,0.66,20,1,196980,285,4.2,India,0
368,49513,Brigade Road,12.741452,77.679308,Entire home/apt,Apartment,2024-02-01,2,Winter,7511,404,126,3,0.84,24,2,180264,172,5.0,Australia,0
368,49513,Brigade Road,12.741452,77.679308,Entire home/apt,Apartment,2024-03-01,3,Spring,8071,404,126,3,0.61,19,3,153349,167,3.9,Netherlands,0
368,49513,Brigade Road,12.741452,77.679308,Entire home/apt,Apartment,2024-04-01,4,Spring,8350,404,126,3,0.8,24,2,200400,146,4.5,India,0
368,49513,Brigade Road,12.741452,77.679308,Entire home/apt,Apartment,2024-05-01,5,Spring,7309,404,126,3,0.63,20,1,146180,302,4.7,India,0
368,49513,Brigade Road,12.741452,77.679308,Entire home/apt,Apartment,2024-06-01,6,Summer,7458,404,126,3,0.6,18,4,134244,179,4.4,USA,0
368,49513,Brigade Road,12.741452,77.679308,Entire home/apt,Apartment,2024-07-01,7,Monsoon,6896,404,126,3,0.68,21,4,144816,33,4.1,Germany,0
368,49513,Brigade Road,12.741452,77.679308,Entire home/apt,Apartment,2024-08-01,8,Monsoon,6495,404,126,3,0.53,16,3,103920,0,4.8,Germany,0
368,49513,Brigade Road,12.741452,77.679308,Entire home/apt,Apartment,2024-09-01,9,Autumn,7471,404,126,3,0.47,14,2,104594,341,4.6,India,0
368,49513,Brigade Road,12.741452,77.679308,Entire home/apt,Apartment,2024-10-01,10,Autumn,7376,404,126,3,0.7,22,2,162272,298,4.6,India,1
368,49513,Brigade Road,12.741452,77.679308,Entire home/apt,Apartment,2024-11-01,11,Winter,7379,404,126,3,0.61,18,1,132822,232,5.0,India,0
368,49513,Brigade Road,12.741452,77.679308,Entire home/apt,Apartment,2024-12-01,12,Winter,9189,404,126,3,0.63,20,2,183780,217,4.5,UAE,0
369,80731,Rajajinagar,12.854947,77.678772,Entire home/apt,Apartment,2024-01-01,1,Winter,5037,201,212,1,0.71,22,4,110814,79,4.1,India,0
369,80731,Rajajinagar,12.854947,77.678772,Entire home/apt,Apartment,2024-02-01,2,Winter,3747,201,212,1,0.35,10,4,37470,216,4.0,India,0
369,80731,Rajajinagar,12.854947,77.678772,Entire home/apt,Apartment,2024-03-01,3,Spring,4532,201,212,1,0.33,10,3,45320,245,4.4,India,0
369,80731,Rajajinagar,12.854947,77.678772,Entire home/apt,Apartment,2024-04-01,4,Spring,4536,201,212,1,0.61,18,2,81648,30,4.3,India,0
369,80731,Rajajinagar,12.854947,77.678772,Entire home/apt,Apartment,2024-05-01,5,Spring,4050,201,212,1,0.56,17,3,68850,226,4.4,USA,0
369,80731,Rajajinagar,12.854947,77.678772,Entire home/apt,Apartment,2024-06-01,6,Summer,3970,201,212,1,0.88,26,5,103220,220,4.8,India,0
369,80731,Rajajinagar,12.854947,77.678772,Entire home/apt,Apartment,2024-07-01,7,Monsoon,4106,201,212,1,0.47,15,3,61590,211,4.5,India,0
369,80731,Rajajinagar,12.854947,77.678772,Entire home/apt,Apartment,2024-08-01,8,Monsoon,3344,201,212,1,0.42,13,2,43472,144,5.0,India,0
369,80731,Rajajinagar,12.854947,77.678772,Entire home/apt,Apartment,2024-09-01,9,Autumn,3908,201,212,1,0.83,25,4,97700,54,4.0,India,0
369,80731,Rajajinagar,12.854947,77.678772,Entire home/apt,Apartment,2024-10-01,10,Autumn,3802,201,212,1,0.49,15,2,57030,81,4.5,France,0
369,80731,Rajajinagar,12.854947,77.678772,Entire home/apt,Apartment,2024-11-01,11,Winter,4196,201,212,1,0.61,18,3,75528,113,4.3,USA,0
369,80731,Rajajinagar,12.854947,77.678772,Entire home/apt,Apartment,2024-12-01,12,Winter,4989,201,212,1,0.49,15,4,74835,16,4.1,India,0
370,90758,Rajajinagar,13.063192,77.571662,Entire home/apt,Serviced Apartment,2024-01-01,1,Winter,2677,454,268,5,0.79,24,4,64248,157,4.4,India,0
370,90758,Rajajinagar,13.063192,77.571662,Entire home/apt,Serviced Apartment,2024-02-01,2,Winter,2280,454,268,5,0.65,19,3,43320,178,5.0,India,0
370,90758,Rajajinagar,13.063192,77.571662,Entire home/apt,Serviced Apartment,2024-03-01,3,Spring,2900,454,268,5,0.62,19,2,55100,88,4.9,Canada,0
370,90758,Rajajinagar,13.063192,77.571662,Entire home/apt,Serviced Apartment,2024-04-01,4,Spring,2334,454,268,5,0.46,14,2,32676,54,4.1,India,0
370,90758,Rajajinagar,13.063192,77.571662,Entire home/apt,Serviced Apartment,2024-05-01,5,Spring,2678,454,268,5,0.49,15,4,40170,236,4.8,India,0
370,90758,Rajajinagar,13.063192,77.571662,Entire home/apt,Serviced Apartment,2024-06-01,6,Summer,2541,454,268,5,0.41,12,2,30492,284,4.3,India,0
370,90758,Rajajinagar,13.063192,77.571662,Entire home/apt,Serviced Apartment,2024-07-01,7,Monsoon,2448,454,268,5,0.43,13,2,31824,263,4.5,India,0
370,90758,Rajajinagar,13.063192,77.571662,Entire home/apt,Serviced Apartment,2024-08-01,8,Monsoon,2034,454,268,5,0.5,16,2,32544,211,4.5,India,0
370,90758,Rajajinagar,13.063192,77.571662,Entire home/apt,Serviced Apartment,2024-09-01,9,Autumn,2278,454,268,5,0.4,12,2,27336,204,4.6,India,0
370,90758,Rajajinagar,13.063192,77.571662,Entire home/apt,Serviced Apartment,2024-10-01,10,Autumn,2266,454,268,5,0.42,13,4,29458,250,4.1,India,0
370,90758,Rajajinagar,13.063192,77.571662,Entire home/apt,Serviced Apartment,2024-11-01,11,Winter,2419,454,268,5,0.68,20,3,48380,264,5.0,India,0
370,90758,Rajajinagar,13.063192,77.571662,Entire home/apt,Serviced Apartment,2024-12-01,12,Winter,2897,454,268,5,0.87,27,3,78219,187,4.1,India,0
371,13995,Whitefield,13.08968,77.661291,Entire home/apt,Independent House,2024-01-01,1,Winter,5826,191,340,1,0.45,14,2,81564,52,4.5,India,0
371,13995,Whitefield,13.08968,77.661291,Entire home/apt,Independent House,2024-02-01,2,Winter,4915,191,340,1,0.66,19,2,93385,40,4.1,Canada,0
371,13995,Whitefield,13.08968,77.661291,Entire home/apt,Independent House,2024-03-01,3,Spring,5083,191,340,1,0.42,13,4,66079,147,4.5,India,0
371,13995,Whitefield,13.08968,77.661291,Entire home/apt,Independent House,2024-04-01,4,Spring,5238,191,340,1,0.41,12,3,62856,141,4.6,India,0
371,13995,Whitefield,13.08968,77.661291,Entire home/apt,Independent House,2024-05-01,5,Spring,5252,191,340,1,0.48,15,2,78780,205,4.3,India,0
371,13995,Whitefield,13.08968,77.661291,Entire home/apt,Independent House,2024-06-01,6,Summer,4911,191,340,1,0.47,14,3,68754,12,4.8,India,0
371,13995,Whitefield,13.08968,77.661291,Entire home/apt,Independent House,2024-07-01,7,Monsoon,4177,191,340,1,0.83,26,2,108602,178,4.6,India,0
371,13995,Whitefield,13.08968,77.661291,Entire home/apt,Independent House,2024-08-01,8,Monsoon,4196,191,340,1,0.47,15,3,62940,181,4.3,India,0
371,13995,Whitefield,13.08968,77.661291,Entire home/apt,Independent House,2024-09-01,9,Autumn,5074,191,340,1,0.37,11,3,55814,305,4.2,India,0
371,13995,Whitefield,13.08968,77.661291,Entire home/apt,Independent House,2024-10-01,10,Autumn,4688,191,340,1,0.55,17,1,79696,61,4.4,India,0
371,13995,Whitefield,13.08968,77.661291,Entire home/apt,Independent House,2024-11-01,11,Winter,4502,191,340,1,0.5,15,5,67530,102,4.5,India,0
371,13995,Whitefield,13.08968,77.661291,Entire home/apt,Independent House,2024-12-01,12,Winter,5875,191,340,1,0.66,20,2,117500,225,4.9,UAE,0
372,61593,Kalyan Nagar,13.029277,77.47368,Entire home/apt,Studio,2024-01-01,1,Winter,3824,334,203,2,0.45,14,3,53536,243,4.9,India,1
372,61593,Kalyan Nagar,13.029277,77.47368,Entire home/apt,Studio,2024-02-01,2,Winter,3321,334,203,2,0.4,12,2,39852,212,5.0,India,0
372,61593,Kalyan Nagar,13.029277,77.47368,Entire home/apt,Studio,2024-03-01,3,Spring,4108,334,203,2,0.58,18,2,73944,169,5.0,India,0
372,61593,Kalyan Nagar,13.029277,77.47368,Entire home/apt,Studio,2024-04-01,4,Spring,3300,334,203,2,0.4,12,1,39600,34,4.3,Germany,0
372,61593,Kalyan Nagar,13.029277,77.47368,Entire home/apt,Studio,2024-05-01,5,Spring,3358,334,203,2,0.44,14,1,47012,301,3.5,India,0
372,61593,Kalyan Nagar,13.029277,77.47368,Entire home/apt,Studio,2024-06-01,6,Summer,3482,334,203,2,0.6,18,2,62676,129,5.0,India,0
372,61593,Kalyan Nagar,13.029277,77.47368,Entire home/apt,Studio,2024-07-01,7,Monsoon,2907,334,203,2,0.38,12,3,34884,134,3.4,India,0
372,61593,Kalyan Nagar,13.029277,77.47368,Entire home/apt,Studio,2024-08-01,8,Monsoon,3006,334,203,2,0.65,20,3,60120,282,4.3,India,0
372,61593,Kalyan Nagar,13.029277,77.47368,Entire home/apt,Studio,2024-09-01,9,Autumn,3833,334,203,2,0.48,14,3,53662,323,4.6,India,0
372,61593,Kalyan Nagar,13.029277,77.47368,Entire home/apt,Studio,2024-10-01,10,Autumn,3133,334,203,2,0.56,17,3,53261,161,3.7,India,0
372,61593,Kalyan Nagar,13.029277,77.47368,Entire home/apt,Studio,2024-11-01,11,Winter,3543,334,203,2,0.62,19,1,67317,88,5.0,India,0
372,61593,Kalyan Nagar,13.029277,77.47368,Entire home/apt,Studio,2024-12-01,12,Winter,4053,334,203,2,0.54,17,3,68901,256,4.7,India,0
373,94749,Richmond Town,13.028685,77.728778,Entire home/apt,Studio,2024-01-01,1,Winter,4559,170,350,5,0.58,18,3,82062,331,4.4,India,0
373,94749,Richmond Town,13.028685,77.728778,Entire home/apt,Studio,2024-02-01,2,Winter,3917,170,350,5,0.64,19,2,74423,61,4.5,Germany,0
373,94749,Richmond Town,13.028685,77.728778,Entire home/apt,Studio,2024-03-01,3,Spring,4170,170,350,5,0.24,7,2,29190,284,4.0,USA,0
373,94749,Richmond Town,13.028685,77.728778,Entire home/apt,Studio,2024-04-01,4,Spring,4911,170,350,5,0.64,19,2,93309,195,4.6,Canada,0
373,94749,Richmond Town,13.028685,77.728778,Entire home/apt,Studio,2024-05-01,5,Spring,3994,170,350,5,0.49,15,2,59910,248,5.0,India,0
373,94749,Richmond Town,13.028685,77.728778,Entire home/apt,Studio,2024-06-01,6,Summer,3932,170,350,5,0.62,19,1,74708,245,4.4,India,0
373,94749,Richmond Town,13.028685,77.728778,Entire home/apt,Studio,2024-07-01,7,Monsoon,4015,170,350,5,0.64,20,2,80300,89,5.0,UK,0
373,94749,Richmond Town,13.028685,77.728778,Entire home/apt,Studio,2024-08-01,8,Monsoon,3511,170,350,5,0.69,21,2,73731,107,4.4,USA,0
373,94749,Richmond Town,13.028685,77.728778,Entire home/apt,Studio,2024-09-01,9,Autumn,4052,170,350,5,0.77,23,5,93196,342,4.1,India,0
373,94749,Richmond Town,13.028685,77.728778,Entire home/apt,Studio,2024-10-01,10,Autumn,4070,170,350,5,0.59,18,2,73260,291,4.7,UAE,0
373,94749,Richmond Town,13.028685,77.728778,Entire home/apt,Studio,2024-11-01,11,Winter,3940,170,350,5,0.84,25,2,98500,7,4.0,India,0
373,94749,Richmond Town,13.028685,77.728778,Entire home/apt,Studio,2024-12-01,12,Winter,5328,170,350,5,0.71,22,4,117216,135,5.0,India,0
374,96549,Jayanagar,12.710523,77.590181,Entire home/apt,Studio,2024-01-01,1,Winter,2290,169,167,1,0.26,8,1,18320,28,3.9,Australia,0
374,96549,Jayanagar,12.710523,77.590181,Entire home/apt,Studio,2024-02-01,2,Winter,1497,169,167,1,0.57,17,3,25449,322,5.0,Germany,0
374,96549,Jayanagar,12.710523,77.590181,Entire home/apt,Studio,2024-03-01,3,Spring,1716,169,167,1,0.45,14,3,24024,48,4.6,Australia,0
374,96549,Jayanagar,12.710523,77.590181,Entire home/apt,Studio,2024-04-01,4,Spring,1846,169,167,1,0.61,18,4,33228,279,4.4,Canada,0
374,96549,Jayanagar,12.710523,77.590181,Entire home/apt,Studio,2024-05-01,5,Spring,1203,169,167,1,0.41,13,3,15639,120,5.0,India,0
374,96549,Jayanagar,12.710523,77.590181,Entire home/apt,Studio,2024-06-01,6,Summer,1631,169,167,1,0.49,15,3,24465,314,4.9,India,0
374,96549,Jayanagar,12.710523,77.590181,Entire home/apt,Studio,2024-07-01,7,Monsoon,1208,169,167,1,0.51,16,3,19328,299,4.6,India,0
374,96549,Jayanagar,12.710523,77.590181,Entire home/apt,Studio,2024-08-01,8,Monsoon,1346,169,167,1,0.56,17,2,22882,57,4.4,India,0
374,96549,Jayanagar,12.710523,77.590181,Entire home/apt,Studio,2024-09-01,9,Autumn,1315,169,167,1,0.57,17,2,22355,11,4.0,USA,0
374,96549,Jayanagar,12.710523,77.590181,Entire home/apt,Studio,2024-10-01,10,Autumn,1627,169,167,1,0.75,23,3,37421,320,4.4,India,0
374,96549,Jayanagar,12.710523,77.590181,Entire home/apt,Studio,2024-11-01,11,Winter,1360,169,167,1,0.52,16,3,21760,15,4.2,Germany,0
374,96549,Jayanagar,12.710523,77.590181,Entire home/apt,Studio,2024-12-01,12,Winter,2110,169,167,1,0.52,16,4,33760,279,5.0,UAE,0
375,49860,Residency Road,12.755296,77.67735,Entire home/apt,Villa,2024-01-01,1,Winter,6261,277,347,2,0.5,16,3,100176,225,4.5,Netherlands,0
375,49860,Residency Road,12.755296,77.67735,Entire home/apt,Villa,2024-02-01,2,Winter,4823,277,347,2,0.67,19,4,91637,276,5.0,India,0
375,49860,Residency Road,12.755296,77.67735,Entire home/apt,Villa,2024-03-01,3,Spring,5543,277,347,2,0.7,22,4,121946,132,4.9,India,0
375,49860,Residency Road,12.755296,77.67735,Entire home/apt,Villa,2024-04-01,4,Spring,5494,277,347,2,0.39,12,2,65928,163,5.0,India,0
375,49860,Residency Road,12.755296,77.67735,Entire home/apt,Villa,2024-05-01,5,Spring,5255,277,347,2,0.52,16,1,84080,92,4.4,Australia,0
375,49860,Residency Road,12.755296,77.67735,Entire home/apt,Villa,2024-06-01,6,Summer,5017,277,347,2,0.64,19,2,95323,43,4.4,India,0
375,49860,Residency Road,12.755296,77.67735,Entire home/apt,Villa,2024-07-01,7,Monsoon,4155,277,347,2,0.6,19,2,78945,331,4.7,India,0
375,49860,Residency Road,12.755296,77.67735,Entire home/apt,Villa,2024-08-01,8,Monsoon,4550,277,347,2,0.61,19,4,86450,261,4.4,UAE,0
375,49860,Residency Road,12.755296,77.67735,Entire home/apt,Villa,2024-09-01,9,Autumn,5093,277,347,2,0.57,17,3,86581,302,4.3,India,0
375,49860,Residency Road,12.755296,77.67735,Entire home/apt,Villa,2024-10-01,10,Autumn,4859,277,347,2,0.3,9,2,43731,343,4.4,India,0
375,49860,Residency Road,12.755296,77.67735,Entire home/apt,Villa,2024-11-01,11,Winter,5032,277,347,2,0.61,18,2,90576,200,5.0,India,0
375,49860,Residency Road,12.755296,77.67735,Entire home/apt,Villa,2024-12-01,12,Winter,6066,277,347,2,0.63,20,5,121320,244,4.8,India,1
376,15653,Ulsoor,12.841856,77.664015,Entire home/apt,Apartment,2024-01-01,1,Winter,7680,321,296,1,0.67,21,2,161280,22,5.0,India,0
376,15653,Ulsoor,12.841856,77.664015,Entire home/apt,Apartment,2024-02-01,2,Winter,6247,321,296,1,0.67,19,2,118693,249,5.0,India,0
376,15653,Ulsoor,12.841856,77.664015,Entire home/apt,Apartment,2024-03-01,3,Spring,7145,321,296,1,0.56,17,4,121465,283,4.2,India,0
376,15653,Ulsoor,12.841856,77.664015,Entire home/apt,Apartment,2024-04-01,4,Spring,6926,321,296,1,0.61,18,2,124668,193,4.9,India,0
376,15653,Ulsoor,12.841856,77.664015,Entire home/apt,Apartment,2024-05-01,5,Spring,6377,321,296,1,0.49,15,3,95655,235,4.7,India,0
376,15653,Ulsoor,12.841856,77.664015,Entire home/apt,Apartment,2024-06-01,6,Summer,6483,321,296,1,0.6,18,4,116694,337,4.2,India,0
376,15653,Ulsoor,12.841856,77.664015,Entire home/apt,Apartment,2024-07-01,7,Monsoon,5643,321,296,1,0.69,21,2,118503,149,3.9,India,0
376,15653,Ulsoor,12.841856,77.664015,Entire home/apt,Apartment,2024-08-01,8,Monsoon,5261,321,296,1,0.77,24,4,126264,215,4.7,USA,0
376,15653,Ulsoor,12.841856,77.664015,Entire home/apt,Apartment,2024-09-01,9,Autumn,6432,321,296,1,0.38,11,2,70752,312,4.8,India,0
376,15653,Ulsoor,12.841856,77.664015,Entire home/apt,Apartment,2024-10-01,10,Autumn,6366,321,296,1,0.31,10,3,63660,135,5.0,UAE,0
376,15653,Ulsoor,12.841856,77.664015,Entire home/apt,Apartment,2024-11-01,11,Winter,6342,321,296,1,0.48,14,2,88788,261,4.3,India,0
376,15653,Ulsoor,12.841856,77.664015,Entire home/apt,Apartment,2024-12-01,12,Winter,7485,321,296,1,0.63,20,1,149700,5,4.6,India,0
377,60585,Jayanagar,12.763923,77.730025,Entire home/apt,Independent House,2024-01-01,1,Winter,3807,491,288,3,0.45,14,3,53298,64,4.2,India,0
377,60585,Jayanagar,12.763923,77.730025,Entire home/apt,Independent House,2024-02-01,2,Winter,3212,491,288,3,0.55,16,5,51392,113,4.7,India,0
377,60585,Jayanagar,12.763923,77.730025,Entire home/apt,Independent House,2024-03-01,3,Spring,3524,491,288,3,0.41,13,2,45812,256,5.0,India,0
377,60585,Jayanagar,12.763923,77.730025,Entire home/apt,Independent House,2024-04-01,4,Spring,4075,491,288,3,0.56,17,1,69275,223,4.2,India,0
377,60585,Jayanagar,12.763923,77.730025,Entire home/apt,Independent House,2024-05-01,5,Spring,3562,491,288,3,0.33,10,2,35620,245,4.4,India,0
377,60585,Jayanagar,12.763923,77.730025,Entire home/apt,Independent House,2024-06-01,6,Summer,3128,491,288,3,0.37,11,5,34408,269,4.4,India,0
377,60585,Jayanagar,12.763923,77.730025,Entire home/apt,Independent House,2024-07-01,7,Monsoon,2768,491,288,3,0.54,17,3,47056,217,4.5,India,0
377,60585,Jayanagar,12.763923,77.730025,Entire home/apt,Independent House,2024-08-01,8,Monsoon,2816,491,288,3,0.49,15,4,42240,45,4.4,India,0
377,60585,Jayanagar,12.763923,77.730025,Entire home/apt,Independent House,2024-09-01,9,Autumn,3428,491,288,3,0.52,16,2,54848,57,4.8,India,0
377,60585,Jayanagar,12.763923,77.730025,Entire home/apt,Independent House,2024-10-01,10,Autumn,3384,491,288,3,0.63,20,3,67680,127,5.0,India,0
377,60585,Jayanagar,12.763923,77.730025,Entire home/apt,Independent House,2024-11-01,11,Winter,3044,491,288,3,0.47,14,3,42616,83,5.0,Netherlands,0
377,60585,Jayanagar,12.763923,77.730025,Entire home/apt,Independent House,2024-12-01,12,Winter,4032,491,288,3,0.12,4,4,16128,208,4.4,India,0
378,63429,Indiranagar,12.836692,77.744304,Entire home/apt,Villa,2024-01-01,1,Winter,4842,0,244,1,0.49,15,2,72630,11,4.6,UAE,0
378,63429,Indiranagar,12.836692,77.744304,Entire home/apt,Villa,2024-02-01,2,Winter,3616,0,244,1,0.41,12,5,43392,154,4.1,India,0
378,63429,Indiranagar,12.836692,77.744304,Entire home/apt,Villa,2024-03-01,3,Spring,3840,0,244,1,0.76,24,2,92160,315,4.4,India,0
378,63429,Indiranagar,12.836692,77.744304,Entire home/apt,Villa,2024-04-01,4,Spring,3923,0,244,1,0.46,14,2,54922,16,5.0,Singapore,0
378,63429,Indiranagar,12.836692,77.744304,Entire home/apt,Villa,2024-05-01,5,Spring,3953,0,244,1,0.78,24,3,94872,140,4.7,India,0
378,63429,Indiranagar,12.836692,77.744304,Entire home/apt,Villa,2024-06-01,6,Summer,3718,0,244,1,0.42,13,3,48334,205,4.4,Australia,0
378,63429,Indiranagar,12.836692,77.744304,Entire home/apt,Villa,2024-07-01,7,Monsoon,3158,0,244,1,0.33,10,2,31580,247,4.9,UAE,0
378,63429,Indiranagar,12.836692,77.744304,Entire home/apt,Villa,2024-08-01,8,Monsoon,3155,0,244,1,0.78,24,4,75720,33,4.9,UK,0
378,63429,Indiranagar,12.836692,77.744304,Entire home/apt,Villa,2024-09-01,9,Autumn,3772,0,244,1,0.69,21,2,79212,132,4.3,India,0
378,63429,Indiranagar,12.836692,77.744304,Entire home/apt,Villa,2024-10-01,10,Autumn,4032,0,244,1,0.61,19,3,76608,279,4.6,India,0
378,63429,Indiranagar,12.836692,77.744304,Entire home/apt,Villa,2024-11-01,11,Winter,3532,0,244,1,0.46,14,5,49448,1,4.7,Singapore,0
378,63429,Indiranagar,12.836692,77.744304,Entire home/apt,Villa,2024-12-01,12,Winter,4619,0,244,1,0.48,15,2,69285,282,3.9,India,0
379,68045,Bellandur,12.86548,77.704337,Entire home/apt,Independent House,2024-01-01,1,Winter,2348,479,247,2,0.53,16,4,37568,320,5.0,India,0
379,68045,Bellandur,12.86548,77.704337,Entire home/apt,Independent House,2024-02-01,2,Winter,1752,479,247,2,0.48,14,2,24528,339,4.2,India,0
379,68045,Bellandur,12.86548,77.704337,Entire home/apt,Independent House,2024-03-01,3,Spring,2496,479,247,2,0.88,27,4,67392,127,4.8,India,0
379,68045,Bellandur,12.86548,77.704337,Entire home/apt,Independent House,2024-04-01,4,Spring,2329,479,247,2,0.5,15,3,34935,316,5.0,India,0
379,68045,Bellandur,12.86548,77.704337,Entire home/apt,Independent House,2024-05-01,5,Spring,2029,479,247,2,0.71,22,2,44638,259,4.5,India,0
379,68045,Bellandur,12.86548,77.704337,Entire home/apt,Independent House,2024-06-01,6,Summer,1923,479,247,2,0.84,25,2,48075,46,4.7,India,0
379,68045,Bellandur,12.86548,77.704337,Entire home/apt,Independent House,2024-07-01,7,Monsoon,2068,479,247,2,0.62,19,3,39292,160,4.2,Germany,0
379,68045,Bellandur,12.86548,77.704337,Entire home/apt,Independent House,2024-08-01,8,Monsoon,1662,479,247,2,0.6,19,1,31578,63,4.2,India,0
379,68045,Bellandur,12.86548,77.704337,Entire home/apt,Independent House,2024-09-01,9,Autumn,1755,479,247,2,0.77,23,3,40365,347,4.3,India,0
379,68045,Bellandur,12.86548,77.704337,Entire home/apt,Independent House,2024-10-01,10,Autumn,2003,479,247,2,0.63,20,4,40060,244,4.3,Netherlands,0
379,68045,Bellandur,12.86548,77.704337,Entire home/apt,Independent House,2024-11-01,11,Winter,2266,479,247,2,0.42,13,4,29458,22,4.6,India,0
379,68045,Bellandur,12.86548,77.704337,Entire home/apt,Independent House,2024-12-01,12,Winter,2519,479,247,2,0.58,18,1,45342,40,4.0,India,0
380,39762,Richmond Town,12.915127,77.681388,Private room,Independent House,2024-01-01,1,Winter,5545,411,295,3,0.63,20,2,110900,331,4.6,India,0
380,39762,Richmond Town,12.915127,77.681388,Private room,Independent House,2024-02-01,2,Winter,4288,411,295,3,0.4,12,2,51456,190,5.0,India,0
380,39762,Richmond Town,12.915127,77.681388,Private room,Independent House,2024-03-01,3,Spring,5059,411,295,3,0.44,14,2,70826,3,4.2,India,0
380,39762,Richmond Town,12.915127,77.681388,Private room,Independent House,2024-04-01,4,Spring,4895,411,295,3,0.46,14,3,68530,333,4.2,India,0
380,39762,Richmond Town,12.915127,77.681388,Private room,Independent House,2024-05-01,5,Spring,4196,411,295,3,0.7,22,4,92312,152,4.9,India,0
380,39762,Richmond Town,12.915127,77.681388,Private room,Independent House,2024-06-01,6,Summer,4290,411,295,3,0.55,16,3,68640,91,4.1,India,0
380,39762,Richmond Town,12.915127,77.681388,Private room,Independent House,2024-07-01,7,Monsoon,4037,411,295,3,0.48,15,4,60555,192,4.3,India,0
380,39762,Richmond Town,12.915127,77.681388,Private room,Independent House,2024-08-01,8,Monsoon,4489,411,295,3,0.46,14,2,62846,285,4.2,India,0
380,39762,Richmond Town,12.915127,77.681388,Private room,Independent House,2024-09-01,9,Autumn,4392,411,295,3,0.69,21,2,92232,210,3.8,India,0
380,39762,Richmond Town,12.915127,77.681388,Private room,Independent House,2024-10-01,10,Autumn,4392,411,295,3,0.75,23,3,101016,134,4.6,India,0
380,39762,Richmond Town,12.915127,77.681388,Private room,Independent House,2024-11-01,11,Winter,4582,411,295,3,0.85,26,4,119132,161,4.6,India,0
380,39762,Richmond Town,12.915127,77.681388,Private room,Independent House,2024-12-01,12,Winter,5539,411,295,3,0.49,15,2,83085,226,4.0,India,0
381,84869,Electronic City,13.013007,77.542556,Entire home/apt,Independent House,2024-01-01,1,Winter,6482,386,178,1,0.78,24,2,155568,124,4.3,Australia,0
381,84869,Electronic City,13.013007,77.542556,Entire home/apt,Independent House,2024-02-01,2,Winter,4819,386,178,1,0.59,17,3,81923,195,4.2,UK,0
381,84869,Electronic City,13.013007,77.542556,Entire home/apt,Independent House,2024-03-01,3,Spring,5539,386,178,1,0.77,24,4,132936,94,4.4,UK,0
381,84869,Electronic City,13.013007,77.542556,Entire home/apt,Independent House,2024-04-01,4,Spring,5536,386,178,1,0.59,18,2,99648,148,4.8,India,0
381,84869,Electronic City,13.013007,77.542556,Entire home/apt,Independent House,2024-05-01,5,Spring,4874,386,178,1,0.27,8,2,38992,171,4.7,India,0
381,84869,Electronic City,13.013007,77.542556,Entire home/apt,Independent House,2024-06-01,6,Summer,5204,386,178,1,0.67,20,2,104080,27,4.2,India,0
381,84869,Electronic City,13.013007,77.542556,Entire home/apt,Independent House,2024-07-01,7,Monsoon,4279,386,178,1,0.67,21,4,89859,217,4.6,India,0
381,84869,Electronic City,13.013007,77.542556,Entire home/apt,Independent House,2024-08-01,8,Monsoon,4481,386,178,1,0.87,27,2,120987,89,4.1,India,0
381,84869,Electronic City,13.013007,77.542556,Entire home/apt,Independent House,2024-09-01,9,Autumn,5362,386,178,1,0.6,18,2,96516,231,3.8,India,0
381,84869,Electronic City,13.013007,77.542556,Entire home/apt,Independent House,2024-10-01,10,Autumn,4972,386,178,1,0.74,23,4,114356,336,4.4,India,0
381,84869,Electronic City,13.013007,77.542556,Entire home/apt,Independent House,2024-11-01,11,Winter,4713,386,178,1,0.58,17,3,80121,313,4.2,India,0
381,84869,Electronic City,13.013007,77.542556,Entire home/apt,Independent House,2024-12-01,12,Winter,6356,386,178,1,0.72,22,1,139832,40,4.1,India,0
382,23096,MG Road,12.849004,77.741724,Entire home/apt,Villa,2024-01-01,1,Winter,3145,413,353,5,0.41,13,5,40885,3,4.0,UK,0
382,23096,MG Road,12.849004,77.741724,Entire home/apt,Villa,2024-02-01,2,Winter,2723,413,353,5,0.62,18,1,49014,242,4.2,India,0
382,23096,MG Road,12.849004,77.741724,Entire home/apt,Villa,2024-03-01,3,Spring,2919,413,353,5,0.8,25,5,72975,246,4.1,USA,0
382,23096,MG Road,12.849004,77.741724,Entire home/apt,Villa,2024-04-01,4,Spring,2528,413,353,5,0.64,19,5,48032,65,4.5,India,0
382,23096,MG Road,12.849004,77.741724,Entire home/apt,Villa,2024-05-01,5,Spring,2511,413,353,5,0.67,21,1,52731,295,4.8,India,0
382,23096,MG Road,12.849004,77.741724,Entire home/apt,Villa,2024-06-01,6,Summer,2212,413,353,5,0.47,14,4,30968,227,5.0,UAE,0
382,23096,MG Road,12.849004,77.741724,Entire home/apt,Villa,2024-07-01,7,Monsoon,2503,413,353,5,0.67,21,4,52563,139,5.0,India,0
382,23096,MG Road,12.849004,77.741724,Entire home/apt,Villa,2024-08-01,8,Monsoon,2390,413,353,5,0.69,21,5,50190,209,4.8,Germany,0
382,23096,MG Road,12.849004,77.741724,Entire home/apt,Villa,2024-09-01,9,Autumn,2760,413,353,5,0.52,16,4,44160,326,4.6,Germany,0
382,23096,MG Road,12.849004,77.741724,Entire home/apt,Villa,2024-10-01,10,Autumn,2536,413,353,5,0.57,18,1,45648,56,4.0,UAE,1
382,23096,MG Road,12.849004,77.741724,Entire home/apt,Villa,2024-11-01,11,Winter,2495,413,353,5,0.53,16,3,39920,117,4.1,USA,0
382,23096,MG Road,12.849004,77.741724,Entire home/apt,Villa,2024-12-01,12,Winter,3215,413,353,5,0.55,17,4,54655,175,4.7,India,0
383,87167,Malleshwaram,13.046559,77.609687,Entire home/apt,Villa,2024-01-01,1,Winter,6065,230,166,3,0.67,21,5,127365,263,4.7,India,0
383,87167,Malleshwaram,13.046559,77.609687,Entire home/apt,Villa,2024-02-01,2,Winter,4669,230,166,3,0.58,17,3,79373,119,5.0,India,0
383,87167,Malleshwaram,13.046559,77.609687,Entire home/apt,Villa,2024-03-01,3,Spring,5346,230,166,3,0.73,23,4,122958,185,4.5,Germany,0
383,87167,Malleshwaram,13.046559,77.609687,Entire home/apt,Villa,2024-04-01,4,Spring,5212,230,166,3,0.73,22,5,114664,137,4.3,India,0
383,87167,Malleshwaram,13.046559,77.609687,Entire home/apt,Villa,2024-05-01,5,Spring,4576,230,166,3,0.53,16,3,73216,219,4.9,India,0
383,87167,Malleshwaram,13.046559,77.609687,Entire home/apt,Villa,2024-06-01,6,Summer,4822,230,166,3,0.49,15,3,72330,146,3.9,India,0
383,87167,Malleshwaram,13.046559,77.609687,Entire home/apt,Villa,2024-07-01,7,Monsoon,4224,230,166,3,0.39,12,2,50688,74,3.9,Singapore,0
383,87167,Malleshwaram,13.046559,77.609687,Entire home/apt,Villa,2024-08-01,8,Monsoon,3923,230,166,3,0.58,18,4,70614,39,5.0,India,0
383,87167,Malleshwaram,13.046559,77.609687,Entire home/apt,Villa,2024-09-01,9,Autumn,4646,230,166,3,0.56,17,4,78982,78,5.0,UAE,0
383,87167,Malleshwaram,13.046559,77.609687,Entire home/apt,Villa,2024-10-01,10,Autumn,4331,230,166,3,0.61,19,5,82289,146,4.5,UK,0
383,87167,Malleshwaram,13.046559,77.609687,Entire home/apt,Villa,2024-11-01,11,Winter,4752,230,166,3,0.46,14,3,66528,251,4.2,India,0
383,87167,Malleshwaram,13.046559,77.609687,Entire home/apt,Villa,2024-12-01,12,Winter,5826,230,166,3,0.78,24,3,139824,43,4.8,India,0
384,62185,Hebbal,12.797158,77.538041,Entire home/apt,Independent House,2024-01-01,1,Winter,3276,98,330,2,0.71,22,1,72072,284,4.1,India,0
384,62185,Hebbal,12.797158,77.538041,Entire home/apt,Independent House,2024-02-01,2,Winter,2825,98,330,2,0.71,21,4,59325,243,3.9,India,0
384,62185,Hebbal,12.797158,77.538041,Entire home/apt,Independent House,2024-03-01,3,Spring,3477,98,330,2,0.48,15,1,52155,277,4.0,India,0
384,62185,Hebbal,12.797158,77.538041,Entire home/apt,Independent House,2024-04-01,4,Spring,3130,98,330,2,0.41,12,4,37560,310,4.7,UK,0
384,62185,Hebbal,12.797158,77.538041,Entire home/apt,Independent House,2024-05-01,5,Spring,2761,98,330,2,0.23,7,5,19327,21,4.4,India,0
384,62185,Hebbal,12.797158,77.538041,Entire home/apt,Independent House,2024-06-01,6,Summer,2619,98,330,2,0.54,16,3,41904,99,4.0,India,0
384,62185,Hebbal,12.797158,77.538041,Entire home/apt,Independent House,2024-07-01,7,Monsoon,2504,98,330,2,0.54,17,3,42568,117,4.4,India,0
384,62185,Hebbal,12.797158,77.538041,Entire home/apt,Independent House,2024-08-01,8,Monsoon,2651,98,330,2,0.62,19,3,50369,74,4.0,India,0
384,62185,Hebbal,12.797158,77.538041,Entire home/apt,Independent House,2024-09-01,9,Autumn,2878,98,330,2,0.1,3,4,8634,169,4.6,Australia,0
384,62185,Hebbal,12.797158,77.538041,Entire home/apt,Independent House,2024-10-01,10,Autumn,2830,98,330,2,0.37,11,4,31130,6,4.6,India,0
384,62185,Hebbal,12.797158,77.538041,Entire home/apt,Independent House,2024-11-01,11,Winter,3124,98,330,2,0.44,13,3,40612,324,4.1,USA,0
384,62185,Hebbal,12.797158,77.538041,Entire home/apt,Independent House,2024-12-01,12,Winter,3645,98,330,2,0.31,10,3,36450,202,4.2,India,0
385,77395,MG Road,13.037024,77.553602,Entire home/apt,Villa,2024-01-01,1,Winter,5832,309,210,3,0.3,9,2,52488,218,4.6,India,0
385,77395,MG Road,13.037024,77.553602,Entire home/apt,Villa,2024-02-01,2,Winter,5138,309,210,3,0.33,10,4,51380,185,4.7,India,0
385,77395,MG Road,13.037024,77.553602,Entire home/apt,Villa,2024-03-01,3,Spring,5728,309,210,3,0.85,26,2,148928,317,4.6,India,0
385,77395,MG Road,13.037024,77.553602,Entire home/apt,Villa,2024-04-01,4,Spring,5563,309,210,3,0.25,8,3,44504,282,5.0,India,0
385,77395,MG Road,13.037024,77.553602,Entire home/apt,Villa,2024-05-01,5,Spring,4851,309,210,3,0.43,13,3,63063,333,4.4,UK,0
385,77395,MG Road,13.037024,77.553602,Entire home/apt,Villa,2024-06-01,6,Summer,5268,309,210,3,0.9,27,4,142236,342,4.6,India,0
385,77395,MG Road,13.037024,77.553602,Entire home/apt,Villa,2024-07-01,7,Monsoon,4668,309,210,3,0.58,18,3,84024,63,4.1,India,0
385,77395,MG Road,13.037024,77.553602,Entire home/apt,Villa,2024-08-01,8,Monsoon,4764,309,210,3,0.48,15,2,71460,257,5.0,India,0
385,77395,MG Road,13.037024,77.553602,Entire home/apt,Villa,2024-09-01,9,Autumn,5225,309,210,3,0.66,20,2,104500,275,5.0,USA,0
385,77395,MG Road,13.037024,77.553602,Entire home/apt,Villa,2024-10-01,10,Autumn,5412,309,210,3,0.55,17,4,92004,290,4.2,India,0
385,77395,MG Road,13.037024,77.553602,Entire home/apt,Villa,2024-11-01,11,Winter,4594,309,210,3,0.91,27,3,124038,79,4.3,Singapore,0
385,77395,MG Road,13.037024,77.553602,Entire home/apt,Villa,2024-12-01,12,Winter,6434,309,210,3,0.46,14,3,90076,306,5.0,India,0
386,51222,Marathahalli,12.93151,77.489853,Entire home/apt,Villa,2024-01-01,1,Winter,3282,121,310,2,0.51,16,2,52512,119,4.7,India,0
386,51222,Marathahalli,12.93151,77.489853,Entire home/apt,Villa,2024-02-01,2,Winter,2649,121,310,2,0.68,20,3,52980,306,4.4,India,0
386,51222,Marathahalli,12.93151,77.489853,Entire home/apt,Villa,2024-03-01,3,Spring,2791,121,310,2,0.5,16,5,44656,129,5.0,India,0
386,51222,Marathahalli,12.93151,77.489853,Entire home/apt,Villa,2024-04-01,4,Spring,2969,121,310,2,0.29,9,2,26721,104,4.3,France,0
386,51222,Marathahalli,12.93151,77.489853,Entire home/apt,Villa,2024-05-01,5,Spring,2678,121,310,2,0.86,27,3,72306,303,4.9,India,0
386,51222,Marathahalli,12.93151,77.489853,Entire home/apt,Villa,2024-06-01,6,Summer,2475,121,310,2,0.95,28,3,69300,121,4.5,India,0
386,51222,Marathahalli,12.93151,77.489853,Entire home/apt,Villa,2024-07-01,7,Monsoon,2642,121,310,2,0.41,13,2,34346,57,3.5,Netherlands,0
386,51222,Marathahalli,12.93151,77.489853,Entire home/apt,Villa,2024-08-01,8,Monsoon,2112,121,310,2,0.1,3,3,6336,255,5.0,India,0
386,51222,Marathahalli,12.93151,77.489853,Entire home/apt,Villa,2024-09-01,9,Autumn,2701,121,310,2,0.45,14,4,37814,80,4.7,Canada,0
386,51222,Marathahalli,12.93151,77.489853,Entire home/apt,Villa,2024-10-01,10,Autumn,2696,121,310,2,0.68,21,3,56616,88,5.0,India,0
386,51222,Marathahalli,12.93151,77.489853,Entire home/apt,Villa,2024-11-01,11,Winter,2602,121,310,2,0.45,14,1,36428,295,4.8,India,0
386,51222,Marathahalli,12.93151,77.489853,Entire home/apt,Villa,2024-12-01,12,Winter,3483,121,310,2,0.6,19,2,66177,74,5.0,India,0
387,11953,HSR Layout,12.792008,77.716689,Entire home/apt,Studio,2024-01-01,1,Winter,3800,165,277,5,0.43,13,2,49400,58,4.7,India,1
387,11953,HSR Layout,12.792008,77.716689,Entire home/apt,Studio,2024-02-01,2,Winter,2808,165,277,5,0.47,14,4,39312,305,5.0,India,0
387,11953,HSR Layout,12.792008,77.716689,Entire home/apt,Studio,2024-03-01,3,Spring,3190,165,277,5,0.41,13,3,41470,346,5.0,India,0
387,11953,HSR Layout,12.792008,77.716689,Entire home/apt,Studio,2024-04-01,4,Spring,3061,165,277,5,0.42,13,2,39793,5,4.7,India,0
387,11953,HSR Layout,12.792008,77.716689,Entire home/apt,Studio,2024-05-01,5,Spring,3161,165,277,5,0.71,22,4,69542,96,4.2,India,0
387,11953,HSR Layout,12.792008,77.716689,Entire home/apt,Studio,2024-06-01,6,Summer,3093,165,277,5,0.46,14,3,43302,147,4.3,India,0
387,11953,HSR Layout,12.792008,77.716689,Entire home/apt,Studio,2024-07-01,7,Monsoon,2916,165,277,5,0.45,14,3,40824,283,4.6,India,0
387,11953,HSR Layout,12.792008,77.716689,Entire home/apt,Studio,2024-08-01,8,Monsoon,2707,165,277,5,0.37,11,2,29777,124,4.9,India,0
387,11953,HSR Layout,12.792008,77.716689,Entire home/apt,Studio,2024-09-01,9,Autumn,3086,165,277,5,0.23,7,1,21602,261,4.6,UK,0
387,11953,HSR Layout,12.792008,77.716689,Entire home/apt,Studio,2024-10-01,10,Autumn,2820,165,277,5,0.69,21,3,59220,141,3.9,India,0
387,11953,HSR Layout,12.792008,77.716689,Entire home/apt,Studio,2024-11-01,11,Winter,2903,165,277,5,0.58,17,4,49351,328,4.5,India,0
387,11953,HSR Layout,12.792008,77.716689,Entire home/apt,Studio,2024-12-01,12,Winter,3869,165,277,5,0.3,9,2,34821,209,5.0,Singapore,0
388,98641,Whitefield,12.713948,77.509567,Private room,Apartment,2024-01-01,1,Winter,5336,503,314,5,0.56,17,4,90712,1,4.0,India,0
388,98641,Whitefield,12.713948,77.509567,Private room,Apartment,2024-02-01,2,Winter,4018,503,314,5,0.8,23,4,92414,301,5.0,India,0
388,98641,Whitefield,12.713948,77.509567,Private room,Apartment,2024-03-01,3,Spring,4420,503,314,5,0.13,4,4,17680,169,4.4,India,0
388,98641,Whitefield,12.713948,77.509567,Private room,Apartment,2024-04-01,4,Spring,4486,503,314,5,0.52,16,3,71776,223,4.7,India,0
388,98641,Whitefield,12.713948,77.509567,Private room,Apartment,2024-05-01,5,Spring,4305,503,314,5,0.71,22,4,94710,199,4.7,India,0
388,98641,Whitefield,12.713948,77.509567,Private room,Apartment,2024-06-01,6,Summer,3770,503,314,5,0.51,15,1,56550,6,5.0,UAE,0
388,98641,Whitefield,12.713948,77.509567,Private room,Apartment,2024-07-01,7,Monsoon,3791,503,314,5,0.61,19,2,72029,189,4.6,India,0
388,98641,Whitefield,12.713948,77.509567,Private room,Apartment,2024-08-01,8,Monsoon,3800,503,314,5,0.2,6,1,22800,46,4.4,USA,0
388,98641,Whitefield,12.713948,77.509567,Private room,Apartment,2024-09-01,9,Autumn,4123,503,314,5,0.75,22,4,90706,115,4.5,Netherlands,0
388,98641,Whitefield,12.713948,77.509567,Private room,Apartment,2024-10-01,10,Autumn,3801,503,314,5,0.62,19,1,72219,228,4.2,India,0
388,98641,Whitefield,12.713948,77.509567,Private room,Apartment,2024-11-01,11,Winter,3887,503,314,5,0.43,13,3,50531,302,4.7,India,0
388,98641,Whitefield,12.713948,77.509567,Private room,Apartment,2024-12-01,12,Winter,5413,503,314,5,0.63,20,3,108260,21,4.8,India,1
389,83622,Hebbal,12.871959,77.61447,Entire home/apt,Independent House,2024-01-01,1,Winter,5222,315,273,5,0.15,5,2,26110,310,4.5,India,1
389,83622,Hebbal,12.871959,77.61447,Entire home/apt,Independent House,2024-02-01,2,Winter,3859,315,273,5,0.69,20,2,77180,221,4.4,India,0
389,83622,Hebbal,12.871959,77.61447,Entire home/apt,Independent House,2024-03-01,3,Spring,4479,315,273,5,0.29,9,3,40311,325,4.9,India,0
389,83622,Hebbal,12.871959,77.61447,Entire home/apt,Independent House,2024-04-01,4,Spring,4598,315,273,5,0.6,18,2,82764,349,4.2,India,0
389,83622,Hebbal,12.871959,77.61447,Entire home/apt,Independent House,2024-05-01,5,Spring,3913,315,273,5,0.55,17,2,66521,314,4.2,India,0
389,83622,Hebbal,12.871959,77.61447,Entire home/apt,Independent House,2024-06-01,6,Summer,4153,315,273,5,0.19,6,1,24918,302,4.3,India,0
389,83622,Hebbal,12.871959,77.61447,Entire home/apt,Independent House,2024-07-01,7,Monsoon,4019,315,273,5,0.58,18,2,72342,39,4.6,India,0
389,83622,Hebbal,12.871959,77.61447,Entire home/apt,Independent House,2024-08-01,8,Monsoon,4057,315,273,5,0.16,5,4,20285,11,4.2,India,0
389,83622,Hebbal,12.871959,77.61447,Entire home/apt,Independent House,2024-09-01,9,Autumn,3987,315,273,5,0.64,19,2,75753,11,4.9,Canada,0
389,83622,Hebbal,12.871959,77.61447,Entire home/apt,Independent House,2024-10-01,10,Autumn,3894,315,273,5,0.66,20,2,77880,183,4.3,India,0
389,83622,Hebbal,12.871959,77.61447,Entire home/apt,Independent House,2024-11-01,11,Winter,4309,315,273,5,0.36,11,3,47399,286,4.5,France,0
389,83622,Hebbal,12.871959,77.61447,Entire home/apt,Independent House,2024-12-01,12,Winter,4985,315,273,5,0.67,21,2,104685,7,4.3,India,1
390,10766,Ulsoor,12.847418,77.49176,Entire home/apt,Serviced Apartment,2024-01-01,1,Winter,4420,376,264,3,0.68,21,3,92820,60,4.6,India,0
390,10766,Ulsoor,12.847418,77.49176,Entire home/apt,Serviced Apartment,2024-02-01,2,Winter,3366,376,264,3,0.49,14,3,47124,343,4.5,USA,0
390,10766,Ulsoor,12.847418,77.49176,Entire home/apt,Serviced Apartment,2024-03-01,3,Spring,3842,376,264,3,0.52,16,2,61472,197,4.5,India,0
390,10766,Ulsoor,12.847418,77.49176,Entire home/apt,Serviced Apartment,2024-04-01,4,Spring,3490,376,264,3,0.64,19,3,66310,49,4.6,India,0
390,10766,Ulsoor,12.847418,77.49176,Entire home/apt,Serviced Apartment,2024-05-01,5,Spring,3649,376,264,3,0.54,17,3,62033,330,3.8,India,0
390,10766,Ulsoor,12.847418,77.49176,Entire home/apt,Serviced Apartment,2024-06-01,6,Summer,3378,376,264,3,0.51,15,2,50670,311,4.8,USA,0
390,10766,Ulsoor,12.847418,77.49176,Entire home/apt,Serviced Apartment,2024-07-01,7,Monsoon,2690,376,264,3,0.55,17,2,45730,70,4.7,India,0
390,10766,Ulsoor,12.847418,77.49176,Entire home/apt,Serviced Apartment,2024-08-01,8,Monsoon,2972,376,264,3,0.55,17,2,50524,72,4.2,India,0
390,10766,Ulsoor,12.847418,77.49176,Entire home/apt,Serviced Apartment,2024-09-01,9,Autumn,3304,376,264,3,0.48,14,2,46256,262,4.2,India,0
390,10766,Ulsoor,12.847418,77.49176,Entire home/apt,Serviced Apartment,2024-10-01,10,Autumn,3585,376,264,3,0.43,13,2,46605,135,4.1,USA,0
390,10766,Ulsoor,12.847418,77.49176,Entire home/apt,Serviced Apartment,2024-11-01,11,Winter,3802,376,264,3,0.69,21,4,79842,53,3.8,France,0
390,10766,Ulsoor,12.847418,77.49176,Entire home/apt,Serviced Apartment,2024-12-01,12,Winter,4159,376,264,3,0.58,18,2,74862,150,4.6,India,0
391,15946,Yeshwanthpur,12.874047,77.601739,Entire home/apt,Studio,2024-01-01,1,Winter,2303,473,152,2,0.63,20,4,46060,187,5.0,India,1
391,15946,Yeshwanthpur,12.874047,77.601739,Entire home/apt,Studio,2024-02-01,2,Winter,1801,473,152,2,0.62,18,3,32418,25,5.0,India,0
391,15946,Yeshwanthpur,12.874047,77.601739,Entire home/apt,Studio,2024-03-01,3,Spring,2102,473,152,2,0.43,13,2,27326,175,4.8,India,0
391,15946,Yeshwanthpur,12.874047,77.601739,Entire home/apt,Studio,2024-04-01,4,Spring,1750,473,152,2,0.63,19,5,33250,235,4.7,India,0
391,15946,Yeshwanthpur,12.874047,77.601739,Entire home/apt,Studio,2024-05-01,5,Spring,1435,473,152,2,0.54,17,4,24395,142,4.6,Australia,0
391,15946,Yeshwanthpur,12.874047,77.601739,Entire home/apt,Studio,2024-06-01,6,Summer,1624,473,152,2,0.6,18,2,29232,90,4.8,India,0
391,15946,Yeshwanthpur,12.874047,77.601739,Entire home/apt,Studio,2024-07-01,7,Monsoon,1533,473,152,2,0.59,18,4,27594,312,5.0,India,0
391,15946,Yeshwanthpur,12.874047,77.601739,Entire home/apt,Studio,2024-08-01,8,Monsoon,1633,473,152,2,0.59,18,3,29394,143,4.1,India,0
391,15946,Yeshwanthpur,12.874047,77.601739,Entire home/apt,Studio,2024-09-01,9,Autumn,1845,473,152,2,0.61,18,1,33210,266,5.0,India,0
391,15946,Yeshwanthpur,12.874047,77.601739,Entire home/apt,Studio,2024-10-01,10,Autumn,1720,473,152,2,0.28,9,4,15480,264,3.8,India,0
391,15946,Yeshwanthpur,12.874047,77.601739,Entire home/apt,Studio,2024-11-01,11,Winter,1858,473,152,2,0.47,14,3,26012,123,4.7,India,0
391,15946,Yeshwanthpur,12.874047,77.601739,Entire home/apt,Studio,2024-12-01,12,Winter,2160,473,152,2,0.53,16,5,34560,37,4.5,India,0
392,58908,Indiranagar,12.892588,77.467675,Entire home/apt,Studio,2024-01-01,1,Winter,2960,297,110,1,0.54,17,2,50320,190,4.4,Netherlands,0
392,58908,Indiranagar,12.892588,77.467675,Entire home/apt,Studio,2024-02-01,2,Winter,2416,297,110,1,0.74,21,4,50736,55,4.4,Netherlands,0
392,58908,Indiranagar,12.892588,77.467675,Entire home/apt,Studio,2024-03-01,3,Spring,2911,297,110,1,0.83,26,3,75686,161,4.8,India,0
392,58908,Indiranagar,12.892588,77.467675,Entire home/apt,Studio,2024-04-01,4,Spring,2813,297,110,1,0.65,20,1,56260,22,4.8,USA,0
392,58908,Indiranagar,12.892588,77.467675,Entire home/apt,Studio,2024-05-01,5,Spring,2478,297,110,1,0.75,23,2,56994,225,4.7,India,0
392,58908,Indiranagar,12.892588,77.467675,Entire home/apt,Studio,2024-06-01,6,Summer,2390,297,110,1,0.73,22,3,52580,102,4.5,India,0
392,58908,Indiranagar,12.892588,77.467675,Entire home/apt,Studio,2024-07-01,7,Monsoon,2193,297,110,1,0.53,16,2,35088,220,4.6,India,0
392,58908,Indiranagar,12.892588,77.467675,Entire home/apt,Studio,2024-08-01,8,Monsoon,2413,297,110,1,0.73,23,3,55499,2,4.6,Canada,0
392,58908,Indiranagar,12.892588,77.467675,Entire home/apt,Studio,2024-09-01,9,Autumn,2580,297,110,1,0.79,24,2,61920,334,4.4,India,0
392,58908,Indiranagar,12.892588,77.467675,Entire home/apt,Studio,2024-10-01,10,Autumn,2238,297,110,1,0.8,25,3,55950,159,4.3,India,0
392,58908,Indiranagar,12.892588,77.467675,Entire home/apt,Studio,2024-11-01,11,Winter,2323,297,110,1,0.33,10,2,23230,330,4.7,India,0
392,58908,Indiranagar,12.892588,77.467675,Entire home/apt,Studio,2024-12-01,12,Winter,2752,297,110,1,0.49,15,3,41280,239,4.7,India,0
393,37962,Kalyan Nagar,12.837846,77.628553,Entire home/apt,Serviced Apartment,2024-01-01,1,Winter,5431,202,139,5,0.38,12,4,65172,45,4.3,Canada,0
393,37962,Kalyan Nagar,12.837846,77.628553,Entire home/apt,Serviced Apartment,2024-02-01,2,Winter,4419,202,139,5,0.44,13,3,57447,72,4.4,Netherlands,0
393,37962,Kalyan Nagar,12.837846,77.628553,Entire home/apt,Serviced Apartment,2024-03-01,3,Spring,4510,202,139,5,0.68,21,2,94710,159,4.7,Germany,0
393,37962,Kalyan Nagar,12.837846,77.628553,Entire home/apt,Serviced Apartment,2024-04-01,4,Spring,4960,202,139,5,0.71,21,1,104160,36,4.2,India,0
393,37962,Kalyan Nagar,12.837846,77.628553,Entire home/apt,Serviced Apartment,2024-05-01,5,Spring,4295,202,139,5,0.23,7,2,30065,78,5.0,India,0
393,37962,Kalyan Nagar,12.837846,77.628553,Entire home/apt,Serviced Apartment,2024-06-01,6,Summer,4337,202,139,5,0.67,20,3,86740,312,4.0,India,0
393,37962,Kalyan Nagar,12.837846,77.628553,Entire home/apt,Serviced Apartment,2024-07-01,7,Monsoon,4128,202,139,5,0.79,24,3,99072,35,4.5,India,0
393,37962,Kalyan Nagar,12.837846,77.628553,Entire home/apt,Serviced Apartment,2024-08-01,8,Monsoon,3727,202,139,5,0.49,15,2,55905,184,3.6,India,0
393,37962,Kalyan Nagar,12.837846,77.628553,Entire home/apt,Serviced Apartment,2024-09-01,9,Autumn,4359,202,139,5,0.64,19,3,82821,123,4.5,India,0
393,37962,Kalyan Nagar,12.837846,77.628553,Entire home/apt,Serviced Apartment,2024-10-01,10,Autumn,4310,202,139,5,0.59,18,4,77580,215,4.7,India,0
393,37962,Kalyan Nagar,12.837846,77.628553,Entire home/apt,Serviced Apartment,2024-11-01,11,Winter,4035,202,139,5,0.53,16,2,64560,279,5.0,India,0
393,37962,Kalyan Nagar,12.837846,77.628553,Entire home/apt,Serviced Apartment,2024-12-01,12,Winter,5190,202,139,5,0.5,16,3,83040,229,5.0,India,0
394,42947,Basavanagudi,13.07238,77.601014,Entire home/apt,Independent House,2024-01-01,1,Winter,6072,222,242,2,0.57,18,2,109296,322,4.2,Canada,0
394,42947,Basavanagudi,13.07238,77.601014,Entire home/apt,Independent House,2024-02-01,2,Winter,4811,222,242,2,0.53,15,4,72165,276,4.5,India,0
394,42947,Basavanagudi,13.07238,77.601014,Entire home/apt,Independent House,2024-03-01,3,Spring,5158,222,242,2,0.38,12,2,61896,228,4.5,Germany,0
394,42947,Basavanagudi,13.07238,77.601014,Entire home/apt,Independent House,2024-04-01,4,Spring,5650,222,242,2,0.58,17,4,96050,25,4.4,India,0
394,42947,Basavanagudi,13.07238,77.601014,Entire home/apt,Independent House,2024-05-01,5,Spring,4975,222,242,2,0.55,17,2,84575,171,5.0,India,0
394,42947,Basavanagudi,13.07238,77.601014,Entire home/apt,Independent House,2024-06-01,6,Summer,4825,222,242,2,0.68,20,2,96500,203,4.2,India,0
394,42947,Basavanagudi,13.07238,77.601014,Entire home/apt,Independent House,2024-07-01,7,Monsoon,4442,222,242,2,0.61,19,3,84398,4,4.5,India,0
394,42947,Basavanagudi,13.07238,77.601014,Entire home/apt,Independent House,2024-08-01,8,Monsoon,4242,222,242,2,0.48,15,3,63630,170,4.6,UAE,0
394,42947,Basavanagudi,13.07238,77.601014,Entire home/apt,Independent House,2024-09-01,9,Autumn,4950,222,242,2,0.55,16,2,79200,21,4.6,India,0
394,42947,Basavanagudi,13.07238,77.601014,Entire home/apt,Independent House,2024-10-01,10,Autumn,4818,222,242,2,0.59,18,3,86724,14,4.4,India,0
394,42947,Basavanagudi,13.07238,77.601014,Entire home/apt,Independent House,2024-11-01,11,Winter,4828,222,242,2,0.98,29,4,140012,51,4.6,Canada,0
394,42947,Basavanagudi,13.07238,77.601014,Entire home/apt,Independent House,2024-12-01,12,Winter,6160,222,242,2,0.64,20,5,123200,236,4.4,UK,0
395,22419,Richmond Town,13.094512,77.455729,Entire home/apt,Villa,2024-01-01,1,Winter,6526,256,307,5,0.48,15,1,97890,90,4.1,India,1
395,22419,Richmond Town,13.094512,77.455729,Entire home/apt,Villa,2024-02-01,2,Winter,5125,256,307,5,0.36,10,3,51250,189,4.7,UAE,0
395,22419,Richmond Town,13.094512,77.455729,Entire home/apt,Villa,2024-03-01,3,Spring,5319,256,307,5,0.48,15,2,79785,137,3.9,India,0
395,22419,Richmond Town,13.094512,77.455729,Entire home/apt,Villa,2024-04-01,4,Spring,6121,256,307,5,0.28,8,1,48968,90,4.5,Netherlands,0
395,22419,Richmond Town,13.094512,77.455729,Entire home/apt,Villa,2024-05-01,5,Spring,5280,256,307,5,0.68,21,4,110880,341,4.8,India,0
395,22419,Richmond Town,13.094512,77.455729,Entire home/apt,Villa,2024-06-01,6,Summer,4989,256,307,5,0.73,22,2,109758,160,4.9,UK,0
395,22419,Richmond Town,13.094512,77.455729,Entire home/apt,Villa,2024-07-01,7,Monsoon,4588,256,307,5,0.56,17,4,77996,182,4.4,Singapore,0
395,22419,Richmond Town,13.094512,77.455729,Entire home/apt,Villa,2024-08-01,8,Monsoon,4365,256,307,5,0.71,22,1,96030,80,5.0,Australia,0
395,22419,Richmond Town,13.094512,77.455729,Entire home/apt,Villa,2024-09-01,9,Autumn,4876,256,307,5,0.51,15,3,73140,25,4.4,India,0
395,22419,Richmond Town,13.094512,77.455729,Entire home/apt,Villa,2024-10-01,10,Autumn,5046,256,307,5,0.54,17,2,85782,109,4.9,Singapore,0
395,22419,Richmond Town,13.094512,77.455729,Entire home/apt,Villa,2024-11-01,11,Winter,4903,256,307,5,0.4,12,4,58836,177,5.0,Canada,0
395,22419,Richmond Town,13.094512,77.455729,Entire home/apt,Villa,2024-12-01,12,Winter,6223,256,307,5,0.34,11,3,68453,301,4.3,India,0
396,90954,Yeshwanthpur,12.712796,77.534756,Shared room,Serviced Apartment,2024-01-01,1,Winter,4062,533,131,5,0.73,23,3,93426,66,4.8,India,0
396,90954,Yeshwanthpur,12.712796,77.534756,Shared room,Serviced Apartment,2024-02-01,2,Winter,3292,533,131,5,0.45,13,4,42796,302,4.4,India,0
396,90954,Yeshwanthpur,12.712796,77.534756,Shared room,Serviced Apartment,2024-03-01,3,Spring,3216,533,131,5,0.53,16,3,51456,118,4.8,India,0
396,90954,Yeshwanthpur,12.712796,77.534756,Shared room,Serviced Apartment,2024-04-01,4,Spring,3439,533,131,5,0.75,22,4,75658,24,4.0,India,0
396,90954,Yeshwanthpur,12.712796,77.534756,Shared room,Serviced Apartment,2024-05-01,5,Spring,3203,533,131,5,0.37,11,2,35233,346,4.5,India,0
396,90954,Yeshwanthpur,12.712796,77.534756,Shared room,Serviced Apartment,2024-06-01,6,Summer,3251,533,131,5,0.52,16,5,52016,6,4.7,India,0
396,90954,Yeshwanthpur,12.712796,77.534756,Shared room,Serviced Apartment,2024-07-01,7,Monsoon,2601,533,131,5,0.31,10,4,26010,60,4.7,India,0
396,90954,Yeshwanthpur,12.712796,77.534756,Shared room,Serviced Apartment,2024-08-01,8,Monsoon,3140,533,131,5,0.41,13,2,40820,16,5.0,Singapore,0
396,90954,Yeshwanthpur,12.712796,77.534756,Shared room,Serviced Apartment,2024-09-01,9,Autumn,3111,533,131,5,0.36,11,2,34221,259,4.0,India,0
396,90954,Yeshwanthpur,12.712796,77.534756,Shared room,Serviced Apartment,2024-10-01,10,Autumn,3106,533,131,5,0.5,16,5,49696,145,4.0,India,0
396,90954,Yeshwanthpur,12.712796,77.534756,Shared room,Serviced Apartment,2024-11-01,11,Winter,2765,533,131,5,0.43,13,3,35945,48,4.6,Canada,0
396,90954,Yeshwanthpur,12.712796,77.534756,Shared room,Serviced Apartment,2024-12-01,12,Winter,3877,533,131,5,0.48,15,5,58155,172,4.6,Singapore,0
397,32840,Residency Road,12.84367,77.67799,Entire home/apt,Villa,2024-01-01,1,Winter,5911,359,254,2,0.7,22,1,130042,198,4.1,India,1
397,32840,Residency Road,12.84367,77.67799,Entire home/apt,Villa,2024-02-01,2,Winter,4704,359,254,2,0.53,15,5,70560,291,4.0,Canada,0
397,32840,Residency Road,12.84367,77.67799,Entire home/apt,Villa,2024-03-01,3,Spring,5139,359,254,2,0.25,8,1,41112,9,5.0,India,0
397,32840,Residency Road,12.84367,77.67799,Entire home/apt,Villa,2024-04-01,4,Spring,5035,359,254,2,0.8,24,2,120840,280,4.5,India,0
397,32840,Residency Road,12.84367,77.67799,Entire home/apt,Villa,2024-05-01,5,Spring,4860,359,254,2,0.48,15,3,72900,224,4.6,India,0
397,32840,Residency Road,12.84367,77.67799,Entire home/apt,Villa,2024-06-01,6,Summer,4878,359,254,2,0.66,20,1,97560,123,4.8,Netherlands,0
397,32840,Residency Road,12.84367,77.67799,Entire home/apt,Villa,2024-07-01,7,Monsoon,4200,359,254,2,0.49,15,3,63000,348,3.9,India,0
397,32840,Residency Road,12.84367,77.67799,Entire home/apt,Villa,2024-08-01,8,Monsoon,4377,359,254,2,0.72,22,4,96294,111,5.0,India,0
397,32840,Residency Road,12.84367,77.67799,Entire home/apt,Villa,2024-09-01,9,Autumn,4809,359,254,2,0.44,13,3,62517,147,3.8,India,0
397,32840,Residency Road,12.84367,77.67799,Entire home/apt,Villa,2024-10-01,10,Autumn,4956,359,254,2,0.29,9,3,44604,191,4.4,Singapore,1
397,32840,Residency Road,12.84367,77.67799,Entire home/apt,Villa,2024-11-01,11,Winter,4704,359,254,2,0.55,16,2,75264,234,4.5,India,0
397,32840,Residency Road,12.84367,77.67799,Entire home/apt,Villa,2024-12-01,12,Winter,5962,359,254,2,0.19,6,4,35772,80,4.5,India,1
398,31060,Rajajinagar,13.031377,77.471864,Entire home/apt,Serviced Apartment,2024-01-01,1,Winter,919,409,240,3,0.22,7,2,6433,200,4.2,India,0
398,31060,Rajajinagar,13.031377,77.471864,Entire home/apt,Serviced Apartment,2024-02-01,2,Winter,710,409,240,3,0.72,21,3,14910,94,4.6,India,0
398,31060,Rajajinagar,13.031377,77.471864,Entire home/apt,Serviced Apartment,2024-03-01,3,Spring,974,409,240,3,0.72,22,3,21428,338,4.5,Canada,0
398,31060,Rajajinagar,13.031377,77.471864,Entire home/apt,Serviced Apartment,2024-04-01,4,Spring,1056,409,240,3,0.65,20,3,21120,76,4.0,India,0
398,31060,Rajajinagar,13.031377,77.471864,Entire home/apt,Serviced Apartment,2024-05-01,5,Spring,1118,409,240,3,0.33,10,2,11180,169,4.9,Australia,0
398,31060,Rajajinagar,13.031377,77.471864,Entire home/apt,Serviced Apartment,2024-06-01,6,Summer,521,409,240,3,0.63,19,1,9899,16,5.0,India,0
398,31060,Rajajinagar,13.031377,77.471864,Entire home/apt,Serviced Apartment,2024-07-01,7,Monsoon,699,409,240,3,0.5,16,3,11184,215,4.7,France,0
398,31060,Rajajinagar,13.031377,77.471864,Entire home/apt,Serviced Apartment,2024-08-01,8,Monsoon,676,409,240,3,0.82,25,1,16900,125,4.6,India,0
398,31060,Rajajinagar,13.031377,77.471864,Entire home/apt,Serviced Apartment,2024-09-01,9,Autumn,760,409,240,3,0.46,14,3,10640,276,4.1,India,0
398,31060,Rajajinagar,13.031377,77.471864,Entire home/apt,Serviced Apartment,2024-10-01,10,Autumn,699,409,240,3,0.49,15,2,10485,129,4.3,India,0
398,31060,Rajajinagar,13.031377,77.471864,Entire home/apt,Serviced Apartment,2024-11-01,11,Winter,693,409,240,3,0.86,26,4,18018,45,4.1,India,0
398,31060,Rajajinagar,13.031377,77.471864,Entire home/apt,Serviced Apartment,2024-12-01,12,Winter,1059,409,240,3,0.63,20,2,21180,69,4.8,India,1
399,98911,Yeshwanthpur,13.083075,77.727059,Entire home/apt,Studio,2024-01-01,1,Winter,4376,263,364,5,0.6,19,2,83144,289,4.4,Singapore,0
399,98911,Yeshwanthpur,13.083075,77.727059,Entire home/apt,Studio,2024-02-01,2,Winter,3117,263,364,5,0.49,14,3,43638,303,4.0,UK,0
399,98911,Yeshwanthpur,13.083075,77.727059,Entire home/apt,Studio,2024-03-01,3,Spring,3638,263,364,5,0.56,17,2,61846,202,4.6,India,0
399,98911,Yeshwanthpur,13.083075,77.727059,Entire home/apt,Studio,2024-04-01,4,Spring,4127,263,364,5,0.48,14,5,57778,123,4.8,India,0
399,98911,Yeshwanthpur,13.083075,77.727059,Entire home/apt,Studio,2024-05-01,5,Spring,3490,263,364,5,0.75,23,4,80270,91,4.7,Germany,0
399,98911,Yeshwanthpur,13.083075,77.727059,Entire home/apt,Studio,2024-06-01,6,Summer,3228,263,364,5,0.3,9,4,29052,72,4.6,India,0
399,98911,Yeshwanthpur,13.083075,77.727059,Entire home/apt,Studio,2024-07-01,7,Monsoon,2981,263,364,5,0.41,13,2,38753,95,4.0,India,0
399,98911,Yeshwanthpur,13.083075,77.727059,Entire home/apt,Studio,2024-08-01,8,Monsoon,3118,263,364,5,0.78,24,2,74832,237,4.3,Singapore,0
399,98911,Yeshwanthpur,13.083075,77.727059,Entire home/apt,Studio,2024-09-01,9,Autumn,3547,263,364,5,0.54,16,3,56752,64,4.0,India,0
399,98911,Yeshwanthpur,13.083075,77.727059,Entire home/apt,Studio,2024-10-01,10,Autumn,3575,263,364,5,0.39,12,2,42900,46,4.5,Germany,0
399,98911,Yeshwanthpur,13.083075,77.727059,Entire home/apt,Studio,2024-11-01,11,Winter,3361,263,364,5,0.69,21,2,70581,281,4.1,India,0
399,98911,Yeshwanthpur,13.083075,77.727059,Entire home/apt,Studio,2024-12-01,12,Winter,4364,263,364,5,0.43,13,2,56732,86,4.3,India,0
400,96540,HSR Layout,12.72701,77.722071,Entire home/apt,Apartment,2024-01-01,1,Winter,1110,613,347,5,0.41,13,3,14430,187,4.1,India,0
400,96540,HSR Layout,12.72701,77.722071,Entire home/apt,Apartment,2024-02-01,2,Winter,701,613,347,5,0.64,19,3,13319,257,3.7,India,0
400,96540,HSR Layout,12.72701,77.722071,Entire home/apt,Apartment,2024-03-01,3,Spring,852,613,347,5,0.79,24,3,20448,170,4.0,India,0
400,96540,HSR Layout,12.72701,77.722071,Entire home/apt,Apartment,2024-04-01,4,Spring,896,613,347,5,0.86,26,1,23296,301,4.8,Singapore,0
400,96540,HSR Layout,12.72701,77.722071,Entire home/apt,Apartment,2024-05-01,5,Spring,825,613,347,5,0.6,19,3,15675,237,4.3,India,0
400,96540,HSR Layout,12.72701,77.722071,Entire home/apt,Apartment,2024-06-01,6,Summer,1059,613,347,5,0.47,14,2,14826,48,3.7,India,0
400,96540,HSR Layout,12.72701,77.722071,Entire home/apt,Apartment,2024-07-01,7,Monsoon,642,613,347,5,0.38,12,3,7704,25,4.4,UK,0
400,96540,HSR Layout,12.72701,77.722071,Entire home/apt,Apartment,2024-08-01,8,Monsoon,669,613,347,5,0.71,22,3,14718,121,4.8,India,0
400,96540,HSR Layout,12.72701,77.722071,Entire home/apt,Apartment,2024-09-01,9,Autumn,852,613,347,5,0.53,16,3,13632,309,4.1,Australia,0
400,96540,HSR Layout,12.72701,77.722071,Entire home/apt,Apartment,2024-10-01,10,Autumn,500,613,347,5,0.55,17,1,8500,192,4.8,India,0
400,96540,HSR Layout,12.72701,77.722071,Entire home/apt,Apartment,2024-11-01,11,Winter,779,613,347,5,0.45,14,4,10906,245,4.7,UAE,0
400,96540,HSR Layout,12.72701,77.722071,Entire home/apt,Apartment,2024-12-01,12,Winter,984,613,347,5,0.78,24,4,23616,141,5.0,India,0
401,17001,Whitefield,13.098172,77.491431,Private room,Serviced Apartment,2024-01-01,1,Winter,5555,413,163,1,0.66,20,1,111100,282,4.7,India,0
401,17001,Whitefield,13.098172,77.491431,Private room,Serviced Apartment,2024-02-01,2,Winter,4772,413,163,1,0.63,18,2,85896,117,4.7,India,0
401,17001,Whitefield,13.098172,77.491431,Private room,Serviced Apartment,2024-03-01,3,Spring,5656,413,163,1,0.55,17,4,96152,30,4.9,India,0
401,17001,Whitefield,13.098172,77.491431,Private room,Serviced Apartment,2024-04-01,4,Spring,5022,413,163,1,0.68,20,2,100440,249,4.9,Netherlands,0
401,17001,Whitefield,13.098172,77.491431,Private room,Serviced Apartment,2024-05-01,5,Spring,4723,413,163,1,0.81,25,3,118075,67,4.1,UAE,0
401,17001,Whitefield,13.098172,77.491431,Private room,Serviced Apartment,2024-06-01,6,Summer,4554,413,163,1,0.59,18,4,81972,56,4.9,India,0
401,17001,Whitefield,13.098172,77.491431,Private room,Serviced Apartment,2024-07-01,7,Monsoon,4220,413,163,1,0.75,23,5,97060,184,4.2,India,0
401,17001,Whitefield,13.098172,77.491431,Private room,Serviced Apartment,2024-08-01,8,Monsoon,3957,413,163,1,0.6,19,3,75183,5,4.5,India,0
401,17001,Whitefield,13.098172,77.491431,Private room,Serviced Apartment,2024-09-01,9,Autumn,4759,413,163,1,0.55,16,3,76144,6,4.4,India,0
401,17001,Whitefield,13.098172,77.491431,Private room,Serviced Apartment,2024-10-01,10,Autumn,4637,413,163,1,0.56,17,3,78829,25,4.4,India,0
401,17001,Whitefield,13.098172,77.491431,Private room,Serviced Apartment,2024-11-01,11,Winter,4611,413,163,1,0.5,15,2,69165,67,4.8,India,0
401,17001,Whitefield,13.098172,77.491431,Private room,Serviced Apartment,2024-12-01,12,Winter,5851,413,163,1,0.9,28,2,163828,183,4.6,Australia,0
402,23531,Frazer Town,12.849172,77.508189,Private room,Independent House,2024-01-01,1,Winter,3629,700,337,1,0.75,23,2,83467,24,4.7,India,0
402,23531,Frazer Town,12.849172,77.508189,Private room,Independent House,2024-02-01,2,Winter,2962,700,337,1,0.68,20,1,59240,29,4.1,India,0
402,23531,Frazer Town,12.849172,77.508189,Private room,Independent House,2024-03-01,3,Spring,3194,700,337,1,0.4,12,3,38328,118,4.4,UAE,0
402,23531,Frazer Town,12.849172,77.508189,Private room,Independent House,2024-04-01,4,Spring,2976,700,337,1,0.65,20,2,59520,235,4.6,India,0
402,23531,Frazer Town,12.849172,77.508189,Private room,Independent House,2024-05-01,5,Spring,2934,700,337,1,0.64,20,4,58680,49,4.3,India,0
402,23531,Frazer Town,12.849172,77.508189,Private room,Independent House,2024-06-01,6,Summer,2786,700,337,1,0.74,22,2,61292,36,4.9,India,0
402,23531,Frazer Town,12.849172,77.508189,Private room,Independent House,2024-07-01,7,Monsoon,2325,700,337,1,0.37,11,3,25575,306,4.2,India,0
402,23531,Frazer Town,12.849172,77.508189,Private room,Independent House,2024-08-01,8,Monsoon,2763,700,337,1,0.78,24,3,66312,37,4.1,India,0
402,23531,Frazer Town,12.849172,77.508189,Private room,Independent House,2024-09-01,9,Autumn,2899,700,337,1,0.88,26,2,75374,311,4.7,India,0
402,23531,Frazer Town,12.849172,77.508189,Private room,Independent House,2024-10-01,10,Autumn,3122,700,337,1,0.75,23,4,71806,298,4.1,USA,0
402,23531,Frazer Town,12.849172,77.508189,Private room,Independent House,2024-11-01,11,Winter,2801,700,337,1,0.61,18,2,50418,14,4.5,India,0
402,23531,Frazer Town,12.849172,77.508189,Private room,Independent House,2024-12-01,12,Winter,3730,700,337,1,0.66,20,4,74600,277,3.3,France,1
403,60737,Malleshwaram,12.764881,77.620247,Private room,Independent House,2024-01-01,1,Winter,2440,0,140,5,0.56,17,2,41480,256,4.6,India,0
403,60737,Malleshwaram,12.764881,77.620247,Private room,Independent House,2024-02-01,2,Winter,1733,0,140,5,0.63,18,4,31194,213,4.8,Australia,0
403,60737,Malleshwaram,12.764881,77.620247,Private room,Independent House,2024-03-01,3,Spring,1865,0,140,5,0.31,10,4,18650,235,4.5,Canada,0
403,60737,Malleshwaram,12.764881,77.620247,Private room,Independent House,2024-04-01,4,Spring,2474,0,140,5,0.78,23,4,56902,20,4.7,India,0
403,60737,Malleshwaram,12.764881,77.620247,Private room,Independent House,2024-05-01,5,Spring,1779,0,140,5,0.66,20,3,35580,78,4.3,India,0
403,60737,Malleshwaram,12.764881,77.620247,Private room,Independent House,2024-06-01,6,Summer,1771,0,140,5,0.21,6,3,10626,201,4.5,India,0
403,60737,Malleshwaram,12.764881,77.620247,Private room,Independent House,2024-07-01,7,Monsoon,1606,0,140,5,0.54,17,1,27302,297,3.6,India,0
403,60737,Malleshwaram,12.764881,77.620247,Private room,Independent House,2024-08-01,8,Monsoon,1764,0,140,5,0.16,5,3,8820,130,4.9,India,0
403,60737,Malleshwaram,12.764881,77.620247,Private room,Independent House,2024-09-01,9,Autumn,2028,0,140,5,0.49,15,1,30420,220,4.7,India,0
403,60737,Malleshwaram,12.764881,77.620247,Private room,Independent House,2024-10-01,10,Autumn,1729,0,140,5,0.54,17,2,29393,156,4.8,India,0
403,60737,Malleshwaram,12.764881,77.620247,Private room,Independent House,2024-11-01,11,Winter,1306,0,140,5,0.46,14,2,18284,213,4.5,India,0
403,60737,Malleshwaram,12.764881,77.620247,Private room,Independent House,2024-12-01,12,Winter,2366,0,140,5,0.75,23,2,54418,309,4.1,India,0
404,26970,HSR Layout,12.854136,77.580152,Private room,Apartment,2024-01-01,1,Winter,3744,12,231,2,0.49,15,2,56160,210,4.3,India,0
404,26970,HSR Layout,12.854136,77.580152,Private room,Apartment,2024-02-01,2,Winter,2744,12,231,2,0.62,18,3,49392,335,4.6,India,0
404,26970,HSR Layout,12.854136,77.580152,Private room,Apartment,2024-03-01,3,Spring,3558,12,231,2,0.6,19,2,67602,344,4.3,India,0
404,26970,HSR Layout,12.854136,77.580152,Private room,Apartment,2024-04-01,4,Spring,2917,12,231,2,0.47,14,3,40838,262,3.9,India,0
404,26970,HSR Layout,12.854136,77.580152,Private room,Apartment,2024-05-01,5,Spring,2761,12,231,2,0.65,20,5,55220,273,4.3,USA,0
404,26970,HSR Layout,12.854136,77.580152,Private room,Apartment,2024-06-01,6,Summer,2593,12,231,2,0.76,23,4,59639,304,3.9,Canada,0
404,26970,HSR Layout,12.854136,77.580152,Private room,Apartment,2024-07-01,7,Monsoon,2065,12,231,2,0.36,11,3,22715,318,3.9,UAE,0
404,26970,HSR Layout,12.854136,77.580152,Private room,Apartment,2024-08-01,8,Monsoon,2555,12,231,2,0.47,15,2,38325,122,4.4,USA,0
404,26970,HSR Layout,12.854136,77.580152,Private room,Apartment,2024-09-01,9,Autumn,2984,12,231,2,0.42,13,4,38792,43,4.8,India,0
404,26970,HSR Layout,12.854136,77.580152,Private room,Apartment,2024-10-01,10,Autumn,3056,12,231,2,0.46,14,3,42784,194,4.8,India,0
404,26970,HSR Layout,12.854136,77.580152,Private room,Apartment,2024-11-01,11,Winter,2706,12,231,2,0.67,20,2,54120,122,3.9,Singapore,0
404,26970,HSR Layout,12.854136,77.580152,Private room,Apartment,2024-12-01,12,Winter,3113,12,231,2,0.47,15,3,46695,144,4.1,Canada,0
405,34465,Rajajinagar,12.966684,77.559401,Entire home/apt,Independent House,2024-01-01,1,Winter,3742,267,213,2,0.48,15,4,56130,17,4.2,Germany,0
405,34465,Rajajinagar,12.966684,77.559401,Entire home/apt,Independent House,2024-02-01,2,Winter,2809,267,213,2,0.43,12,1,33708,187,4.1,Australia,0
405,34465,Rajajinagar,12.966684,77.559401,Entire home/apt,Independent House,2024-03-01,3,Spring,2844,267,213,2,0.55,17,3,48348,207,4.3,India,0
405,34465,Rajajinagar,12.966684,77.559401,Entire home/apt,Independent House,2024-04-01,4,Spring,3359,267,213,2,0.33,10,5,33590,136,4.3,India,0
405,34465,Rajajinagar,12.966684,77.559401,Entire home/apt,Independent House,2024-05-01,5,Spring,3241,267,213,2,0.4,12,2,38892,199,4.4,UAE,0
405,34465,Rajajinagar,12.966684,77.559401,Entire home/apt,Independent House,2024-06-01,6,Summer,2636,267,213,2,0.34,10,3,26360,137,5.0,India,0
405,34465,Rajajinagar,12.966684,77.559401,Entire home/apt,Independent House,2024-07-01,7,Monsoon,2625,267,213,2,0.56,17,3,44625,205,3.8,India,0
405,34465,Rajajinagar,12.966684,77.559401,Entire home/apt,Independent House,2024-08-01,8,Monsoon,2662,267,213,2,0.72,22,4,58564,137,5.0,USA,0
405,34465,Rajajinagar,12.966684,77.559401,Entire home/apt,Independent House,2024-09-01,9,Autumn,3012,267,213,2,0.37,11,4,33132,325,4.6,India,0
405,34465,Rajajinagar,12.966684,77.559401,Entire home/apt,Independent House,2024-10-01,10,Autumn,3012,267,213,2,0.27,8,2,24096,122,4.1,India,0
405,34465,Rajajinagar,12.966684,77.559401,Entire home/apt,Independent House,2024-11-01,11,Winter,3056,267,213,2,0.67,20,5,61120,138,3.9,India,0
405,34465,Rajajinagar,12.966684,77.559401,Entire home/apt,Independent House,2024-12-01,12,Winter,3757,267,213,2,0.56,17,4,63869,304,4.8,UK,0
406,18333,Kalyan Nagar,12.783449,77.534107,Entire home/apt,Villa,2024-01-01,1,Winter,3590,396,226,3,0.46,14,1,50260,4,4.5,India,0
406,18333,Kalyan Nagar,12.783449,77.534107,Entire home/apt,Villa,2024-02-01,2,Winter,2609,396,226,3,0.76,22,4,57398,156,4.5,India,0
406,18333,Kalyan Nagar,12.783449,77.534107,Entire home/apt,Villa,2024-03-01,3,Spring,2827,396,226,3,0.41,13,4,36751,94,4.6,UK,0
406,18333,Kalyan Nagar,12.783449,77.534107,Entire home/apt,Villa,2024-04-01,4,Spring,3161,396,226,3,0.31,9,3,28449,165,5.0,UK,0
406,18333,Kalyan Nagar,12.783449,77.534107,Entire home/apt,Villa,2024-05-01,5,Spring,2799,396,226,3,0.58,18,2,50382,195,4.5,India,0
406,18333,Kalyan Nagar,12.783449,77.534107,Entire home/apt,Villa,2024-06-01,6,Summer,2741,396,226,3,0.49,15,4,41115,93,4.9,India,0
406,18333,Kalyan Nagar,12.783449,77.534107,Entire home/apt,Villa,2024-07-01,7,Monsoon,2463,396,226,3,0.63,20,4,49260,6,4.3,India,0
406,18333,Kalyan Nagar,12.783449,77.534107,Entire home/apt,Villa,2024-08-01,8,Monsoon,2503,396,226,3,0.39,12,5,30036,69,5.0,India,0
406,18333,Kalyan Nagar,12.783449,77.534107,Entire home/apt,Villa,2024-09-01,9,Autumn,2572,396,226,3,0.47,14,3,36008,301,4.4,Netherlands,0
406,18333,Kalyan Nagar,12.783449,77.534107,Entire home/apt,Villa,2024-10-01,10,Autumn,2668,396,226,3,0.62,19,2,50692,197,4.4,India,0
406,18333,Kalyan Nagar,12.783449,77.534107,Entire home/apt,Villa,2024-11-01,11,Winter,3016,396,226,3,0.39,12,1,36192,341,4.6,Canada,0
406,18333,Kalyan Nagar,12.783449,77.534107,Entire home/apt,Villa,2024-12-01,12,Winter,3267,396,226,3,0.58,18,3,58806,298,4.5,India,0
407,30632,Kalyan Nagar,13.026631,77.540299,Entire home/apt,Villa,2024-01-01,1,Winter,4011,478,189,1,0.6,19,2,76209,211,4.2,India,0
407,30632,Kalyan Nagar,13.026631,77.540299,Entire home/apt,Villa,2024-02-01,2,Winter,3335,478,189,1,0.33,10,2,33350,348,4.2,UAE,0
407,30632,Kalyan Nagar,13.026631,77.540299,Entire home/apt,Villa,2024-03-01,3,Spring,3628,478,189,1,0.79,24,1,87072,330,4.5,India,0
407,30632,Kalyan Nagar,13.026631,77.540299,Entire home/apt,Villa,2024-04-01,4,Spring,3974,478,189,1,0.55,16,2,63584,271,4.3,France,0
407,30632,Kalyan Nagar,13.026631,77.540299,Entire home/apt,Villa,2024-05-01,5,Spring,3620,478,189,1,0.58,18,4,65160,72,4.2,UAE,0
407,30632,Kalyan Nagar,13.026631,77.540299,Entire home/apt,Villa,2024-06-01,6,Summer,3407,478,189,1,0.47,14,1,47698,281,3.7,India,0
407,30632,Kalyan Nagar,13.026631,77.540299,Entire home/apt,Villa,2024-07-01,7,Monsoon,3168,478,189,1,0.68,21,4,66528,285,5.0,India,0
407,30632,Kalyan Nagar,13.026631,77.540299,Entire home/apt,Villa,2024-08-01,8,Monsoon,3065,478,189,1,0.48,15,2,45975,185,4.8,Germany,0
407,30632,Kalyan Nagar,13.026631,77.540299,Entire home/apt,Villa,2024-09-01,9,Autumn,3482,478,189,1,0.76,23,3,80086,90,4.5,India,0
407,30632,Kalyan Nagar,13.026631,77.540299,Entire home/apt,Villa,2024-10-01,10,Autumn,3280,478,189,1,0.41,13,4,42640,235,4.7,India,0
407,30632,Kalyan Nagar,13.026631,77.540299,Entire home/apt,Villa,2024-11-01,11,Winter,3004,478,189,1,0.63,19,3,57076,347,4.7,India,0
407,30632,Kalyan Nagar,13.026631,77.540299,Entire home/apt,Villa,2024-12-01,12,Winter,4258,478,189,1,0.54,17,2,72386,99,5.0,India,0
408,94948,Indiranagar,12.9766,77.573277,Entire home/apt,Independent House,2024-01-01,1,Winter,5565,208,193,5,0.47,15,2,83475,67,4.7,India,0
408,94948,Indiranagar,12.9766,77.573277,Entire home/apt,Independent House,2024-02-01,2,Winter,4346,208,193,5,0.76,22,2,95612,96,5.0,India,0
408,94948,Indiranagar,12.9766,77.573277,Entire home/apt,Independent House,2024-03-01,3,Spring,4825,208,193,5,0.57,18,1,86850,142,4.5,UAE,0
408,94948,Indiranagar,12.9766,77.573277,Entire home/apt,Independent House,2024-04-01,4,Spring,5176,208,193,5,0.84,25,3,129400,23,3.8,UAE,0
408,94948,Indiranagar,12.9766,77.573277,Entire home/apt,Independent House,2024-05-01,5,Spring,4483,208,193,5,0.56,17,3,76211,182,3.9,Germany,0
408,94948,Indiranagar,12.9766,77.573277,Entire home/apt,Independent House,2024-06-01,6,Summer,4449,208,193,5,0.66,20,4,88980,274,4.4,India,0
408,94948,Indiranagar,12.9766,77.573277,Entire home/apt,Independent House,2024-07-01,7,Monsoon,3783,208,193,5,0.99,31,4,117273,188,4.6,India,0
408,94948,Indiranagar,12.9766,77.573277,Entire home/apt,Independent House,2024-08-01,8,Monsoon,4113,208,193,5,0.44,14,3,57582,23,4.6,India,0
408,94948,Indiranagar,12.9766,77.573277,Entire home/apt,Independent House,2024-09-01,9,Autumn,4514,208,193,5,0.32,10,4,45140,247,4.1,Australia,0
408,94948,Indiranagar,12.9766,77.573277,Entire home/apt,Independent House,2024-10-01,10,Autumn,4704,208,193,5,0.89,28,2,131712,65,4.6,India,0
408,94948,Indiranagar,12.9766,77.573277,Entire home/apt,Independent House,2024-11-01,11,Winter,4766,208,193,5,0.58,17,2,81022,99,4.5,India,0
408,94948,Indiranagar,12.9766,77.573277,Entire home/apt,Independent House,2024-12-01,12,Winter,5900,208,193,5,0.85,26,1,153400,154,5.0,India,0
409,26176,Hebbal,13.005226,77.608726,Entire home/apt,Apartment,2024-01-01,1,Winter,2830,289,333,2,0.48,15,4,42450,101,4.7,India,0
409,26176,Hebbal,13.005226,77.608726,Entire home/apt,Apartment,2024-02-01,2,Winter,2384,289,333,2,0.66,19,2,45296,78,5.0,India,0
409,26176,Hebbal,13.005226,77.608726,Entire home/apt,Apartment,2024-03-01,3,Spring,2377,289,333,2,0.31,10,2,23770,13,4.6,India,0
409,26176,Hebbal,13.005226,77.608726,Entire home/apt,Apartment,2024-04-01,4,Spring,2818,289,333,2,0.44,13,2,36634,323,4.8,Australia,0
409,26176,Hebbal,13.005226,77.608726,Entire home/apt,Apartment,2024-05-01,5,Spring,2359,289,333,2,0.54,17,3,40103,176,4.5,India,0
409,26176,Hebbal,13.005226,77.608726,Entire home/apt,Apartment,2024-06-01,6,Summer,2036,289,333,2,0.17,5,2,10180,315,4.1,India,0
409,26176,Hebbal,13.005226,77.608726,Entire home/apt,Apartment,2024-07-01,7,Monsoon,1920,289,333,2,0.68,21,4,40320,337,4.5,India,0
409,26176,Hebbal,13.005226,77.608726,Entire home/apt,Apartment,2024-08-01,8,Monsoon,1895,289,333,2,0.38,12,4,22740,75,4.8,India,0
409,26176,Hebbal,13.005226,77.608726,Entire home/apt,Apartment,2024-09-01,9,Autumn,2491,289,333,2,0.67,20,3,49820,226,4.7,India,0
409,26176,Hebbal,13.005226,77.608726,Entire home/apt,Apartment,2024-10-01,10,Autumn,1925,289,333,2,0.46,14,3,26950,267,5.0,India,0
409,26176,Hebbal,13.005226,77.608726,Entire home/apt,Apartment,2024-11-01,11,Winter,2444,289,333,2,0.28,8,2,19552,242,4.5,India,0
409,26176,Hebbal,13.005226,77.608726,Entire home/apt,Apartment,2024-12-01,12,Winter,2847,289,333,2,0.4,12,4,34164,113,3.6,UK,0
410,39705,Kalyan Nagar,12.870729,77.602183,Shared room,Serviced Apartment,2024-01-01,1,Winter,4366,181,283,1,0.46,14,4,61124,282,4.4,Netherlands,1
410,39705,Kalyan Nagar,12.870729,77.602183,Shared room,Serviced Apartment,2024-02-01,2,Winter,3617,181,283,1,0.38,11,2,39787,310,4.4,India,0
410,39705,Kalyan Nagar,12.870729,77.602183,Shared room,Serviced Apartment,2024-03-01,3,Spring,3628,181,283,1,0.56,17,5,61676,258,3.4,Germany,0
410,39705,Kalyan Nagar,12.870729,77.602183,Shared room,Serviced Apartment,2024-04-01,4,Spring,3922,181,283,1,0.65,20,4,78440,102,4.1,India,0
410,39705,Kalyan Nagar,12.870729,77.602183,Shared room,Serviced Apartment,2024-05-01,5,Spring,3761,181,283,1,0.69,21,1,78981,251,3.2,India,0
410,39705,Kalyan Nagar,12.870729,77.602183,Shared room,Serviced Apartment,2024-06-01,6,Summer,3588,181,283,1,0.1,3,2,10764,181,4.5,India,0
410,39705,Kalyan Nagar,12.870729,77.602183,Shared room,Serviced Apartment,2024-07-01,7,Monsoon,3255,181,283,1,0.14,4,5,13020,283,5.0,India,0
410,39705,Kalyan Nagar,12.870729,77.602183,Shared room,Serviced Apartment,2024-08-01,8,Monsoon,3313,181,283,1,0.39,12,5,39756,347,5.0,India,0
410,39705,Kalyan Nagar,12.870729,77.602183,Shared room,Serviced Apartment,2024-09-01,9,Autumn,3259,181,283,1,0.33,10,5,32590,45,3.6,Canada,0
410,39705,Kalyan Nagar,12.870729,77.602183,Shared room,Serviced Apartment,2024-10-01,10,Autumn,3978,181,283,1,0.56,17,2,67626,322,4.8,India,0
410,39705,Kalyan Nagar,12.870729,77.602183,Shared room,Serviced Apartment,2024-11-01,11,Winter,3678,181,283,1,0.6,18,2,66204,132,4.5,UK,0
410,39705,Kalyan Nagar,12.870729,77.602183,Shared room,Serviced Apartment,2024-12-01,12,Winter,4576,181,283,1,0.53,16,2,73216,166,4.3,India,0
411,29024,Hebbal,13.091871,77.739252,Shared room,Independent House,2024-01-01,1,Winter,4327,341,152,2,0.29,9,4,38943,260,4.0,India,0
411,29024,Hebbal,13.091871,77.739252,Shared room,Independent House,2024-02-01,2,Winter,3660,341,152,2,0.47,14,3,51240,129,4.7,Netherlands,0
411,29024,Hebbal,13.091871,77.739252,Shared room,Independent House,2024-03-01,3,Spring,3570,341,152,2,0.29,9,2,32130,343,4.2,Australia,0
411,29024,Hebbal,13.091871,77.739252,Shared room,Independent House,2024-04-01,4,Spring,3744,341,152,2,0.41,12,3,44928,340,5.0,Netherlands,0
411,29024,Hebbal,13.091871,77.739252,Shared room,Independent House,2024-05-01,5,Spring,3479,341,152,2,0.79,24,3,83496,94,4.7,India,0
411,29024,Hebbal,13.091871,77.739252,Shared room,Independent House,2024-06-01,6,Summer,2962,341,152,2,0.67,20,5,59240,207,3.9,India,0
411,29024,Hebbal,13.091871,77.739252,Shared room,Independent House,2024-07-01,7,Monsoon,3145,341,152,2,0.4,12,2,37740,316,5.0,Netherlands,0
411,29024,Hebbal,13.091871,77.739252,Shared room,Independent House,2024-08-01,8,Monsoon,3386,341,152,2,0.4,12,2,40632,190,4.4,India,0
411,29024,Hebbal,13.091871,77.739252,Shared room,Independent House,2024-09-01,9,Autumn,3492,341,152,2,0.64,19,4,66348,124,4.5,France,0
411,29024,Hebbal,13.091871,77.739252,Shared room,Independent House,2024-10-01,10,Autumn,3240,341,152,2,0.41,13,3,42120,245,4.5,Singapore,0
411,29024,Hebbal,13.091871,77.739252,Shared room,Independent House,2024-11-01,11,Winter,3690,341,152,2,0.58,17,4,62730,58,4.2,India,0
411,29024,Hebbal,13.091871,77.739252,Shared room,Independent House,2024-12-01,12,Winter,4434,341,152,2,0.46,14,2,62076,350,4.9,Germany,0
412,40974,Indiranagar,12.894227,77.544577,Private room,Villa,2024-01-01,1,Winter,8325,246,142,3,0.49,15,2,124875,337,4.5,India,0
412,40974,Indiranagar,12.894227,77.544577,Private room,Villa,2024-02-01,2,Winter,6537,246,142,3,0.57,17,2,111129,338,5.0,India,0
412,40974,Indiranagar,12.894227,77.544577,Private room,Villa,2024-03-01,3,Spring,7124,246,142,3,0.69,21,3,149604,339,3.7,India,0
412,40974,Indiranagar,12.894227,77.544577,Private room,Villa,2024-04-01,4,Spring,7271,246,142,3,0.77,23,3,167233,242,4.3,India,0
412,40974,Indiranagar,12.894227,77.544577,Private room,Villa,2024-05-01,5,Spring,6030,246,142,3,0.59,18,2,108540,160,4.5,USA,0
412,40974,Indiranagar,12.894227,77.544577,Private room,Villa,2024-06-01,6,Summer,6676,246,142,3,0.9,27,3,180252,23,4.3,India,0
412,40974,Indiranagar,12.894227,77.544577,Private room,Villa,2024-07-01,7,Monsoon,5707,246,142,3,0.42,13,2,74191,37,4.6,Germany,0
412,40974,Indiranagar,12.894227,77.544577,Private room,Villa,2024-08-01,8,Monsoon,5973,246,142,3,0.52,16,4,95568,337,4.8,India,0
412,40974,Indiranagar,12.894227,77.544577,Private room,Villa,2024-09-01,9,Autumn,6625,246,142,3,0.61,18,1,119250,137,4.1,India,0
412,40974,Indiranagar,12.894227,77.544577,Private room,Villa,2024-10-01,10,Autumn,6436,246,142,3,0.24,7,3,45052,344,4.6,India,0
412,40974,Indiranagar,12.894227,77.544577,Private room,Villa,2024-11-01,11,Winter,6537,246,142,3,0.63,19,1,124203,343,4.7,India,0
412,40974,Indiranagar,12.894227,77.544577,Private room,Villa,2024-12-01,12,Winter,8242,246,142,3,0.58,18,3,148356,303,4.5,Netherlands,0
413,69095,Residency Road,12.89866,77.691456,Entire home/apt,Apartment,2024-01-01,1,Winter,2277,212,150,1,0.45,14,2,31878,222,4.8,Netherlands,0
413,69095,Residency Road,12.89866,77.691456,Entire home/apt,Apartment,2024-02-01,2,Winter,1683,212,150,1,0.59,17,1,28611,333,4.5,India,0
413,69095,Residency Road,12.89866,77.691456,Entire home/apt,Apartment,2024-03-01,3,Spring,2144,212,150,1,0.69,21,2,45024,338,4.8,India,0
413,69095,Residency Road,12.89866,77.691456,Entire home/apt,Apartment,2024-04-01,4,Spring,1574,212,150,1,0.74,22,2,34628,103,5.0,India,0
413,69095,Residency Road,12.89866,77.691456,Entire home/apt,Apartment,2024-05-01,5,Spring,1718,212,150,1,0.59,18,3,30924,220,4.1,UAE,0
413,69095,Residency Road,12.89866,77.691456,Entire home/apt,Apartment,2024-06-01,6,Summer,1425,212,150,1,0.45,14,3,19950,236,4.3,India,0
413,69095,Residency Road,12.89866,77.691456,Entire home/apt,Apartment,2024-07-01,7,Monsoon,1562,212,150,1,0.41,13,3,20306,207,4.2,India,0
413,69095,Residency Road,12.89866,77.691456,Entire home/apt,Apartment,2024-08-01,8,Monsoon,1630,212,150,1,0.44,14,5,22820,242,4.7,India,0
413,69095,Residency Road,12.89866,77.691456,Entire home/apt,Apartment,2024-09-01,9,Autumn,1950,212,150,1,0.91,27,2,52650,251,5.0,UAE,0
413,69095,Residency Road,12.89866,77.691456,Entire home/apt,Apartment,2024-10-01,10,Autumn,1862,212,150,1,0.46,14,2,26068,308,4.6,Netherlands,0
413,69095,Residency Road,12.89866,77.691456,Entire home/apt,Apartment,2024-11-01,11,Winter,1879,212,150,1,0.48,14,2,26306,199,4.8,India,0
413,69095,Residency Road,12.89866,77.691456,Entire home/apt,Apartment,2024-12-01,12,Winter,1988,212,150,1,0.52,16,1,31808,173,4.7,India,0
414,80092,Richmond Town,12.890062,77.613409,Entire home/apt,Independent House,2024-01-01,1,Winter,3915,268,238,2,0.4,12,2,46980,46,5.0,India,0
414,80092,Richmond Town,12.890062,77.613409,Entire home/apt,Independent House,2024-02-01,2,Winter,2951,268,238,2,0.58,17,2,50167,15,4.7,Canada,0
414,80092,Richmond Town,12.890062,77.613409,Entire home/apt,Independent House,2024-03-01,3,Spring,3280,268,238,2,0.54,17,3,55760,296,4.1,India,0
414,80092,Richmond Town,12.890062,77.613409,Entire home/apt,Independent House,2024-04-01,4,Spring,3747,268,238,2,0.36,11,2,41217,63,4.2,India,0
414,80092,Richmond Town,12.890062,77.613409,Entire home/apt,Independent House,2024-05-01,5,Spring,2910,268,238,2,0.32,10,2,29100,300,5.0,India,0
414,80092,Richmond Town,12.890062,77.613409,Entire home/apt,Independent House,2024-06-01,6,Summer,3262,268,238,2,0.55,16,4,52192,178,4.2,India,0
414,80092,Richmond Town,12.890062,77.613409,Entire home/apt,Independent House,2024-07-01,7,Monsoon,3019,268,238,2,0.4,12,2,36228,144,4.8,India,0
414,80092,Richmond Town,12.890062,77.613409,Entire home/apt,Independent House,2024-08-01,8,Monsoon,2664,268,238,2,0.43,13,2,34632,145,4.8,India,0
414,80092,Richmond Town,12.890062,77.613409,Entire home/apt,Independent House,2024-09-01,9,Autumn,3326,268,238,2,0.62,19,3,63194,0,4.1,India,0
414,80092,Richmond Town,12.890062,77.613409,Entire home/apt,Independent House,2024-10-01,10,Autumn,3065,268,238,2,0.55,17,5,52105,237,4.2,India,0
414,80092,Richmond Town,12.890062,77.613409,Entire home/apt,Independent House,2024-11-01,11,Winter,3428,268,238,2,0.17,5,3,17140,222,4.2,India,0
414,80092,Richmond Town,12.890062,77.613409,Entire home/apt,Independent House,2024-12-01,12,Winter,3841,268,238,2,0.1,3,2,11523,229,3.9,India,0
415,21668,Kalyan Nagar,13.026486,77.565697,Entire home/apt,Apartment,2024-01-01,1,Winter,5626,304,211,3,0.75,23,1,129398,208,4.7,India,0
415,21668,Kalyan Nagar,13.026486,77.565697,Entire home/apt,Apartment,2024-02-01,2,Winter,4312,304,211,3,0.52,15,2,64680,101,3.4,India,0
415,21668,Kalyan Nagar,13.026486,77.565697,Entire home/apt,Apartment,2024-03-01,3,Spring,4397,304,211,3,0.53,16,3,70352,139,4.7,India,0
415,21668,Kalyan Nagar,13.026486,77.565697,Entire home/apt,Apartment,2024-04-01,4,Spring,4732,304,211,3,0.38,11,3,52052,237,4.9,India,0
415,21668,Kalyan Nagar,13.026486,77.565697,Entire home/apt,Apartment,2024-05-01,5,Spring,4546,304,211,3,0.65,20,2,90920,325,4.9,India,0
415,21668,Kalyan Nagar,13.026486,77.565697,Entire home/apt,Apartment,2024-06-01,6,Summer,4139,304,211,3,0.68,20,2,82780,291,4.6,India,0
415,21668,Kalyan Nagar,13.026486,77.565697,Entire home/apt,Apartment,2024-07-01,7,Monsoon,3927,304,211,3,0.57,18,2,70686,105,4.5,India,0
415,21668,Kalyan Nagar,13.026486,77.565697,Entire home/apt,Apartment,2024-08-01,8,Monsoon,3653,304,211,3,0.5,16,2,58448,238,4.9,USA,0
415,21668,Kalyan Nagar,13.026486,77.565697,Entire home/apt,Apartment,2024-09-01,9,Autumn,4162,304,211,3,0.65,20,2,83240,179,4.8,India,0
415,21668,Kalyan Nagar,13.026486,77.565697,Entire home/apt,Apartment,2024-10-01,10,Autumn,4191,304,211,3,0.72,22,3,92202,236,4.4,India,0
415,21668,Kalyan Nagar,13.026486,77.565697,Entire home/apt,Apartment,2024-11-01,11,Winter,4551,304,211,3,0.58,17,2,77367,40,4.5,Australia,0
415,21668,Kalyan Nagar,13.026486,77.565697,Entire home/apt,Apartment,2024-12-01,12,Winter,5135,304,211,3,0.5,16,3,82160,268,4.4,India,0
416,84700,Yeshwanthpur,12.94469,77.554604,Entire home/apt,Serviced Apartment,2024-01-01,1,Winter,2327,267,206,3,0.65,20,5,46540,134,5.0,Singapore,0
416,84700,Yeshwanthpur,12.94469,77.554604,Entire home/apt,Serviced Apartment,2024-02-01,2,Winter,1745,267,206,3,0.81,23,2,40135,113,4.4,India,0
416,84700,Yeshwanthpur,12.94469,77.554604,Entire home/apt,Serviced Apartment,2024-03-01,3,Spring,1994,267,206,3,0.67,21,2,41874,37,4.3,Germany,0
416,84700,Yeshwanthpur,12.94469,77.554604,Entire home/apt,Serviced Apartment,2024-04-01,4,Spring,2173,267,206,3,0.5,15,2,32595,62,4.2,India,0
416,84700,Yeshwanthpur,12.94469,77.554604,Entire home/apt,Serviced Apartment,2024-05-01,5,Spring,2134,267,206,3,0.51,16,4,34144,301,3.9,India,0
416,84700,Yeshwanthpur,12.94469,77.554604,Entire home/apt,Serviced Apartment,2024-06-01,6,Summer,2100,267,206,3,0.38,11,3,23100,132,4.0,India,0
416,84700,Yeshwanthpur,12.94469,77.554604,Entire home/apt,Serviced Apartment,2024-07-01,7,Monsoon,2029,267,206,3,0.38,12,2,24348,115,3.6,India,0
416,84700,Yeshwanthpur,12.94469,77.554604,Entire home/apt,Serviced Apartment,2024-08-01,8,Monsoon,1915,267,206,3,0.51,16,2,30640,209,4.4,India,0
416,84700,Yeshwanthpur,12.94469,77.554604,Entire home/apt,Serviced Apartment,2024-09-01,9,Autumn,1928,267,206,3,0.59,18,3,34704,346,4.2,France,0
416,84700,Yeshwanthpur,12.94469,77.554604,Entire home/apt,Serviced Apartment,2024-10-01,10,Autumn,2285,267,206,3,0.34,11,3,25135,87,4.7,India,1
416,84700,Yeshwanthpur,12.94469,77.554604,Entire home/apt,Serviced Apartment,2024-11-01,11,Winter,2118,267,206,3,0.44,13,2,27534,215,4.1,India,0
416,84700,Yeshwanthpur,12.94469,77.554604,Entire home/apt,Serviced Apartment,2024-12-01,12,Winter,2690,267,206,3,0.41,13,3,34970,111,4.3,Netherlands,0
417,79884,Brigade Road,12.933055,77.730127,Entire home/apt,Independent House,2024-01-01,1,Winter,5346,305,133,1,0.83,26,5,138996,292,4.3,India,1
417,79884,Brigade Road,12.933055,77.730127,Entire home/apt,Independent House,2024-02-01,2,Winter,4484,305,133,1,0.61,18,2,80712,245,4.8,UK,0
417,79884,Brigade Road,12.933055,77.730127,Entire home/apt,Independent House,2024-03-01,3,Spring,5412,305,133,1,0.32,10,2,54120,154,4.8,UAE,0
417,79884,Brigade Road,12.933055,77.730127,Entire home/apt,Independent House,2024-04-01,4,Spring,5168,305,133,1,0.55,16,3,82688,98,4.8,India,0
417,79884,Brigade Road,12.933055,77.730127,Entire home/apt,Independent House,2024-05-01,5,Spring,4750,305,133,1,0.36,11,3,52250,211,5.0,India,0
417,79884,Brigade Road,12.933055,77.730127,Entire home/apt,Independent House,2024-06-01,6,Summer,4253,305,133,1,0.4,12,2,51036,299,4.4,India,0
417,79884,Brigade Road,12.933055,77.730127,Entire home/apt,Independent House,2024-07-01,7,Monsoon,4491,305,133,1,0.53,16,3,71856,19,4.5,India,0
417,79884,Brigade Road,12.933055,77.730127,Entire home/apt,Independent House,2024-08-01,8,Monsoon,4393,305,133,1,0.53,16,1,70288,142,4.0,India,0
417,79884,Brigade Road,12.933055,77.730127,Entire home/apt,Independent House,2024-09-01,9,Autumn,4481,305,133,1,0.78,23,4,103063,195,4.5,UAE,0
417,79884,Brigade Road,12.933055,77.730127,Entire home/apt,Independent House,2024-10-01,10,Autumn,4950,305,133,1,0.68,21,2,103950,312,4.2,India,1
417,79884,Brigade Road,12.933055,77.730127,Entire home/apt,Independent House,2024-11-01,11,Winter,4574,305,133,1,0.44,13,1,59462,182,4.2,India,0
417,79884,Brigade Road,12.933055,77.730127,Entire home/apt,Independent House,2024-12-01,12,Winter,6600,305,133,1,0.72,22,3,145200,104,4.8,USA,0
418,61574,Rajajinagar,12.911506,77.628472,Entire home/apt,Studio,2024-01-01,1,Winter,3659,535,252,5,0.83,26,5,95134,284,5.0,UAE,0
418,61574,Rajajinagar,12.911506,77.628472,Entire home/apt,Studio,2024-02-01,2,Winter,2457,535,252,5,0.38,11,1,27027,293,4.1,India,0
418,61574,Rajajinagar,12.911506,77.628472,Entire home/apt,Studio,2024-03-01,3,Spring,2839,535,252,5,0.59,18,4,51102,133,4.3,USA,0
418,61574,Rajajinagar,12.911506,77.628472,Entire home/apt,Studio,2024-04-01,4,Spring,3441,535,252,5,0.83,25,3,86025,96,4.5,India,0
418,61574,Rajajinagar,12.911506,77.628472,Entire home/apt,Studio,2024-05-01,5,Spring,3143,535,252,5,0.77,24,2,75432,198,4.3,India,0
418,61574,Rajajinagar,12.911506,77.628472,Entire home/apt,Studio,2024-06-01,6,Summer,2351,535,252,5,0.51,15,1,35265,277,4.2,India,0
418,61574,Rajajinagar,12.911506,77.628472,Entire home/apt,Studio,2024-07-01,7,Monsoon,2517,535,252,5,0.56,17,1,42789,104,4.5,India,0
418,61574,Rajajinagar,12.911506,77.628472,Entire home/apt,Studio,2024-08-01,8,Monsoon,2580,535,252,5,0.36,11,2,28380,208,4.7,India,0
418,61574,Rajajinagar,12.911506,77.628472,Entire home/apt,Studio,2024-09-01,9,Autumn,2665,535,252,5,0.57,17,3,45305,69,4.9,India,0
418,61574,Rajajinagar,12.911506,77.628472,Entire home/apt,Studio,2024-10-01,10,Autumn,2508,535,252,5,0.5,16,2,40128,158,4.5,India,0
418,61574,Rajajinagar,12.911506,77.628472,Entire home/apt,Studio,2024-11-01,11,Winter,2650,535,252,5,0.68,20,2,53000,335,4.2,India,0
418,61574,Rajajinagar,12.911506,77.628472,Entire home/apt,Studio,2024-12-01,12,Winter,3329,535,252,5,0.44,14,2,46606,339,4.9,India,0
419,76117,Malleshwaram,13.012572,77.612082,Entire home/apt,Studio,2024-01-01,1,Winter,4031,369,240,2,0.52,16,3,64496,143,4.9,India,0
419,76117,Malleshwaram,13.012572,77.612082,Entire home/apt,Studio,2024-02-01,2,Winter,3243,369,240,2,0.68,20,1,64860,334,4.5,India,0
419,76117,Malleshwaram,13.012572,77.612082,Entire home/apt,Studio,2024-03-01,3,Spring,3327,369,240,2,0.34,11,3,36597,249,4.2,India,0
419,76117,Malleshwaram,13.012572,77.612082,Entire home/apt,Studio,2024-04-01,4,Spring,3079,369,240,2,0.86,26,2,80054,238,4.2,India,0
419,76117,Malleshwaram,13.012572,77.612082,Entire home/apt,Studio,2024-05-01,5,Spring,2744,369,240,2,0.37,11,5,30184,154,4.7,India,0
419,76117,Malleshwaram,13.012572,77.612082,Entire home/apt,Studio,2024-06-01,6,Summer,2937,369,240,2,0.69,21,2,61677,79,4.8,India,0
419,76117,Malleshwaram,13.012572,77.612082,Entire home/apt,Studio,2024-07-01,7,Monsoon,2342,369,240,2,0.41,13,3,30446,187,5.0,Canada,0
419,76117,Malleshwaram,13.012572,77.612082,Entire home/apt,Studio,2024-08-01,8,Monsoon,2578,369,240,2,0.71,22,2,56716,286,4.4,India,0
419,76117,Malleshwaram,13.012572,77.612082,Entire home/apt,Studio,2024-09-01,9,Autumn,2716,369,240,2,0.48,14,2,38024,200,4.1,India,0
419,76117,Malleshwaram,13.012572,77.612082,Entire home/apt,Studio,2024-10-01,10,Autumn,2796,369,240,2,0.56,17,2,47532,172,4.7,USA,0
419,76117,Malleshwaram,13.012572,77.612082,Entire home/apt,Studio,2024-11-01,11,Winter,2591,369,240,2,0.53,16,3,41456,101,4.3,India,0
419,76117,Malleshwaram,13.012572,77.612082,Entire home/apt,Studio,2024-12-01,12,Winter,3507,369,240,2,0.55,17,3,59619,78,4.3,India,0
420,27864,Indiranagar,12.753777,77.570382,Shared room,Independent House,2024-01-01,1,Winter,6683,478,184,1,0.53,16,2,106928,112,4.1,India,0
420,27864,Indiranagar,12.753777,77.570382,Shared room,Independent House,2024-02-01,2,Winter,5174,478,184,1,0.58,17,2,87958,62,4.3,India,0
420,27864,Indiranagar,12.753777,77.570382,Shared room,Independent House,2024-03-01,3,Spring,5438,478,184,1,0.59,18,2,97884,233,4.3,India,0
420,27864,Indiranagar,12.753777,77.570382,Shared room,Independent House,2024-04-01,4,Spring,5810,478,184,1,0.7,21,4,122010,224,4.9,Australia,0
420,27864,Indiranagar,12.753777,77.570382,Shared room,Independent House,2024-05-01,5,Spring,4907,478,184,1,0.66,20,2,98140,244,4.2,India,0
420,27864,Indiranagar,12.753777,77.570382,Shared room,Independent House,2024-06-01,6,Summer,4914,478,184,1,0.54,16,2,78624,161,4.9,India,0
420,27864,Indiranagar,12.753777,77.570382,Shared room,Independent House,2024-07-01,7,Monsoon,4568,478,184,1,0.83,26,3,118768,88,4.7,India,0
420,27864,Indiranagar,12.753777,77.570382,Shared room,Independent House,2024-08-01,8,Monsoon,4564,478,184,1,0.77,24,2,109536,28,4.7,India,0
420,27864,Indiranagar,12.753777,77.570382,Shared room,Independent House,2024-09-01,9,Autumn,4972,478,184,1,0.88,26,4,129272,118,4.6,USA,0
420,27864,Indiranagar,12.753777,77.570382,Shared room,Independent House,2024-10-01,10,Autumn,5161,478,184,1,0.47,15,3,77415,132,5.0,Germany,0
420,27864,Indiranagar,12.753777,77.570382,Shared room,Independent House,2024-11-01,11,Winter,5261,478,184,1,0.69,21,1,110481,138,4.3,USA,0
420,27864,Indiranagar,12.753777,77.570382,Shared room,Independent House,2024-12-01,12,Winter,6613,478,184,1,0.74,23,5,152099,67,4.2,India,0
421,70090,MG Road,13.078619,77.689866,Private room,Apartment,2024-01-01,1,Winter,1934,387,126,5,0.59,18,3,34812,83,4.3,India,0
421,70090,MG Road,13.078619,77.689866,Private room,Apartment,2024-02-01,2,Winter,2042,387,126,5,0.51,15,1,30630,191,4.9,India,0
421,70090,MG Road,13.078619,77.689866,Private room,Apartment,2024-03-01,3,Spring,1876,387,126,5,0.72,22,4,41272,211,5.0,UAE,0
421,70090,MG Road,13.078619,77.689866,Private room,Apartment,2024-04-01,4,Spring,1765,387,126,5,0.62,19,2,33535,279,5.0,India,0
421,70090,MG Road,13.078619,77.689866,Private room,Apartment,2024-05-01,5,Spring,1812,387,126,5,0.58,18,3,32616,52,4.8,France,0
421,70090,MG Road,13.078619,77.689866,Private room,Apartment,2024-06-01,6,Summer,1807,387,126,5,0.32,10,2,18070,325,5.0,India,0
421,70090,MG Road,13.078619,77.689866,Private room,Apartment,2024-07-01,7,Monsoon,1219,387,126,5,0.51,16,2,19504,133,5.0,India,0
421,70090,MG Road,13.078619,77.689866,Private room,Apartment,2024-08-01,8,Monsoon,1548,387,126,5,0.47,15,3,23220,307,4.9,UAE,0
421,70090,MG Road,13.078619,77.689866,Private room,Apartment,2024-09-01,9,Autumn,1629,387,126,5,0.39,12,2,19548,135,4.6,India,0
421,70090,MG Road,13.078619,77.689866,Private room,Apartment,2024-10-01,10,Autumn,1763,387,126,5,0.38,12,2,21156,277,4.8,India,0
421,70090,MG Road,13.078619,77.689866,Private room,Apartment,2024-11-01,11,Winter,1891,387,126,5,0.52,16,2,30256,346,4.4,India,0
421,70090,MG Road,13.078619,77.689866,Private room,Apartment,2024-12-01,12,Winter,2342,387,126,5,0.75,23,2,53866,258,4.4,Singapore,1
422,30388,Yeshwanthpur,12.939519,77.690799,Entire home/apt,Villa,2024-01-01,1,Winter,5531,384,277,5,0.56,17,3,94027,144,4.1,USA,0
422,30388,Yeshwanthpur,12.939519,77.690799,Entire home/apt,Villa,2024-02-01,2,Winter,4193,384,277,5,0.61,18,3,75474,75,5.0,Canada,0
422,30388,Yeshwanthpur,12.939519,77.690799,Entire home/apt,Villa,2024-03-01,3,Spring,4617,384,277,5,0.68,21,2,96957,321,4.4,India,0
422,30388,Yeshwanthpur,12.939519,77.690799,Entire home/apt,Villa,2024-04-01,4,Spring,4735,384,277,5,0.78,23,3,108905,39,4.8,Germany,0
422,30388,Yeshwanthpur,12.939519,77.690799,Entire home/apt,Villa,2024-05-01,5,Spring,4037,384,277,5,0.47,15,1,60555,43,5.0,India,0
422,30388,Yeshwanthpur,12.939519,77.690799,Entire home/apt,Villa,2024-06-01,6,Summer,4313,384,277,5,0.38,11,1,47443,271,4.2,India,0
422,30388,Yeshwanthpur,12.939519,77.690799,Entire home/apt,Villa,2024-07-01,7,Monsoon,3996,384,277,5,0.71,22,3,87912,120,4.5,India,0
422,30388,Yeshwanthpur,12.939519,77.690799,Entire home/apt,Villa,2024-08-01,8,Monsoon,4351,384,277,5,0.68,21,5,91371,283,4.4,India,0
422,30388,Yeshwanthpur,12.939519,77.690799,Entire home/apt,Villa,2024-09-01,9,Autumn,4122,384,277,5,0.41,12,4,49464,314,4.6,India,0
422,30388,Yeshwanthpur,12.939519,77.690799,Entire home/apt,Villa,2024-10-01,10,Autumn,4188,384,277,5,0.81,25,4,104700,37,5.0,India,1
422,30388,Yeshwanthpur,12.939519,77.690799,Entire home/apt,Villa,2024-11-01,11,Winter,4411,384,277,5,0.38,11,4,48521,149,4.2,India,0
422,30388,Yeshwanthpur,12.939519,77.690799,Entire home/apt,Villa,2024-12-01,12,Winter,5607,384,277,5,0.47,15,3,84105,115,4.9,India,0
423,87038,Richmond Town,12.9469,77.658333,Entire home/apt,Villa,2024-01-01,1,Winter,4946,307,136,5,0.51,16,2,79136,89,4.6,India,0
423,87038,Richmond Town,12.9469,77.658333,Entire home/apt,Villa,2024-02-01,2,Winter,4275,307,136,5,0.4,12,2,51300,130,4.4,India,0
423,87038,Richmond Town,12.9469,77.658333,Entire home/apt,Villa,2024-03-01,3,Spring,4483,307,136,5,0.63,20,3,89660,93,4.1,India,0
423,87038,Richmond Town,12.9469,77.658333,Entire home/apt,Villa,2024-04-01,4,Spring,4212,307,136,5,0.63,19,2,80028,148,3.9,India,0
423,87038,Richmond Town,12.9469,77.658333,Entire home/apt,Villa,2024-05-01,5,Spring,4325,307,136,5,0.51,16,2,69200,90,3.9,India,0
423,87038,Richmond Town,12.9469,77.658333,Entire home/apt,Villa,2024-06-01,6,Summer,3973,307,136,5,0.59,18,2,71514,133,4.3,India,0
423,87038,Richmond Town,12.9469,77.658333,Entire home/apt,Villa,2024-07-01,7,Monsoon,3666,307,136,5,0.64,20,3,73320,98,4.4,UAE,0
423,87038,Richmond Town,12.9469,77.658333,Entire home/apt,Villa,2024-08-01,8,Monsoon,3475,307,136,5,0.48,15,3,52125,0,5.0,India,0
423,87038,Richmond Town,12.9469,77.658333,Entire home/apt,Villa,2024-09-01,9,Autumn,4406,307,136,5,0.23,7,4,30842,103,4.9,Netherlands,0
423,87038,Richmond Town,12.9469,77.658333,Entire home/apt,Villa,2024-10-01,10,Autumn,4119,307,136,5,0.67,21,2,86499,226,4.3,Singapore,0
423,87038,Richmond Town,12.9469,77.658333,Entire home/apt,Villa,2024-11-01,11,Winter,3716,307,136,5,0.62,19,2,70604,265,4.1,India,0
423,87038,Richmond Town,12.9469,77.658333,Entire home/apt,Villa,2024-12-01,12,Winter,4809,307,136,5,0.33,10,3,48090,169,4.7,India,0
424,31785,Indiranagar,13.044073,77.634155,Entire home/apt,Studio,2024-01-01,1,Winter,4716,417,258,1,0.54,17,3,80172,160,4.5,India,0
424,31785,Indiranagar,13.044073,77.634155,Entire home/apt,Studio,2024-02-01,2,Winter,3565,417,258,1,0.57,17,2,60605,319,4.1,USA,0
424,31785,Indiranagar,13.044073,77.634155,Entire home/apt,Studio,2024-03-01,3,Spring,4111,417,258,1,0.76,24,2,98664,218,4.2,India,0
424,31785,Indiranagar,13.044073,77.634155,Entire home/apt,Studio,2024-04-01,4,Spring,4289,417,258,1,0.62,19,2,81491,306,4.6,USA,0
424,31785,Indiranagar,13.044073,77.634155,Entire home/apt,Studio,2024-05-01,5,Spring,3328,417,258,1,0.33,10,2,33280,137,4.6,India,0
424,31785,Indiranagar,13.044073,77.634155,Entire home/apt,Studio,2024-06-01,6,Summer,3824,417,258,1,0.5,15,4,57360,242,5.0,India,0
424,31785,Indiranagar,13.044073,77.634155,Entire home/apt,Studio,2024-07-01,7,Monsoon,3446,417,258,1,0.46,14,2,48244,183,4.5,India,0
424,31785,Indiranagar,13.044073,77.634155,Entire home/apt,Studio,2024-08-01,8,Monsoon,3795,417,258,1,0.41,13,1,49335,41,4.7,Singapore,0
424,31785,Indiranagar,13.044073,77.634155,Entire home/apt,Studio,2024-09-01,9,Autumn,3603,417,258,1,0.71,21,2,75663,42,5.0,India,0
424,31785,Indiranagar,13.044073,77.634155,Entire home/apt,Studio,2024-10-01,10,Autumn,3590,417,258,1,0.77,24,3,86160,14,5.0,India,0
424,31785,Indiranagar,13.044073,77.634155,Entire home/apt,Studio,2024-11-01,11,Winter,3680,417,258,1,0.72,22,4,80960,77,4.3,India,0
424,31785,Indiranagar,13.044073,77.634155,Entire home/apt,Studio,2024-12-01,12,Winter,4586,417,258,1,0.57,18,2,82548,165,4.8,UAE,0
425,63806,Hebbal,12.716817,77.627424,Entire home/apt,Studio,2024-01-01,1,Winter,6487,283,285,2,0.74,23,2,149201,237,4.8,India,0
425,63806,Hebbal,12.716817,77.627424,Entire home/apt,Studio,2024-02-01,2,Winter,4842,283,285,2,0.42,12,3,58104,88,4.2,France,0
425,63806,Hebbal,12.716817,77.627424,Entire home/apt,Studio,2024-03-01,3,Spring,5628,283,285,2,0.33,10,3,56280,340,4.8,UK,0
425,63806,Hebbal,12.716817,77.627424,Entire home/apt,Studio,2024-04-01,4,Spring,5223,283,285,2,0.64,19,2,99237,220,4.5,India,0
425,63806,Hebbal,12.716817,77.627424,Entire home/apt,Studio,2024-05-01,5,Spring,5211,283,285,2,0.69,21,2,109431,132,5.0,India,0
425,63806,Hebbal,12.716817,77.627424,Entire home/apt,Studio,2024-06-01,6,Summer,5237,283,285,2,0.54,16,1,83792,342,4.0,India,0
425,63806,Hebbal,12.716817,77.627424,Entire home/apt,Studio,2024-07-01,7,Monsoon,4240,283,285,2,0.2,6,1,25440,104,4.1,USA,0
425,63806,Hebbal,12.716817,77.627424,Entire home/apt,Studio,2024-08-01,8,Monsoon,4463,283,285,2,0.43,13,2,58019,275,4.4,UK,0
425,63806,Hebbal,12.716817,77.627424,Entire home/apt,Studio,2024-09-01,9,Autumn,5043,283,285,2,0.47,14,1,70602,139,4.1,India,0
425,63806,Hebbal,12.716817,77.627424,Entire home/apt,Studio,2024-10-01,10,Autumn,4935,283,285,2,0.38,12,4,59220,114,4.4,USA,0
425,63806,Hebbal,12.716817,77.627424,Entire home/apt,Studio,2024-11-01,11,Winter,5213,283,285,2,0.47,14,4,72982,42,5.0,India,0
425,63806,Hebbal,12.716817,77.627424,Entire home/apt,Studio,2024-12-01,12,Winter,6467,283,285,2,0.43,13,2,84071,88,4.1,UK,0
426,48806,Brigade Road,12.965099,77.715031,Private room,Studio,2024-01-01,1,Winter,4197,472,158,5,0.71,22,3,92334,274,5.0,India,0
426,48806,Brigade Road,12.965099,77.715031,Private room,Studio,2024-02-01,2,Winter,3282,472,158,5,0.47,14,4,45948,53,4.8,UK,0
426,48806,Brigade Road,12.965099,77.715031,Private room,Studio,2024-03-01,3,Spring,3809,472,158,5,0.47,15,2,57135,167,4.4,India,0
426,48806,Brigade Road,12.965099,77.715031,Private room,Studio,2024-04-01,4,Spring,3765,472,158,5,0.34,10,3,37650,199,4.8,India,0
426,48806,Brigade Road,12.965099,77.715031,Private room,Studio,2024-05-01,5,Spring,3341,472,158,5,0.15,5,2,16705,68,4.5,France,0
426,48806,Brigade Road,12.965099,77.715031,Private room,Studio,2024-06-01,6,Summer,3288,472,158,5,0.82,25,3,82200,21,4.3,Germany,0
426,48806,Brigade Road,12.965099,77.715031,Private room,Studio,2024-07-01,7,Monsoon,2873,472,158,5,0.65,20,2,57460,257,4.2,UAE,0
426,48806,Brigade Road,12.965099,77.715031,Private room,Studio,2024-08-01,8,Monsoon,2937,472,158,5,0.65,20,2,58740,326,4.1,India,0
426,48806,Brigade Road,12.965099,77.715031,Private room,Studio,2024-09-01,9,Autumn,3145,472,158,5,0.83,25,2,78625,160,4.7,India,0
426,48806,Brigade Road,12.965099,77.715031,Private room,Studio,2024-10-01,10,Autumn,3384,472,158,5,0.57,18,3,60912,198,4.7,India,0
426,48806,Brigade Road,12.965099,77.715031,Private room,Studio,2024-11-01,11,Winter,3630,472,158,5,0.46,14,4,50820,159,4.6,UK,0
426,48806,Brigade Road,12.965099,77.715031,Private room,Studio,2024-12-01,12,Winter,4194,472,158,5,0.54,17,2,71298,222,4.6,USA,0
427,96311,HSR Layout,12.744717,77.492273,Private room,Independent House,2024-01-01,1,Winter,4460,410,171,1,0.3,9,2,40140,8,4.0,India,1
427,96311,HSR Layout,12.744717,77.492273,Private room,Independent House,2024-02-01,2,Winter,3418,410,171,1,0.8,23,2,78614,313,4.2,India,0
427,96311,HSR Layout,12.744717,77.492273,Private room,Independent House,2024-03-01,3,Spring,3799,410,171,1,0.45,14,2,53186,57,4.3,India,0
427,96311,HSR Layout,12.744717,77.492273,Private room,Independent House,2024-04-01,4,Spring,3875,410,171,1,0.74,22,2,85250,261,4.7,UAE,0
427,96311,HSR Layout,12.744717,77.492273,Private room,Independent House,2024-05-01,5,Spring,3331,410,171,1,0.94,29,3,96599,57,4.5,India,0
427,96311,HSR Layout,12.744717,77.492273,Private room,Independent House,2024-06-01,6,Summer,3376,410,171,1,0.74,22,4,74272,228,4.3,India,0
427,96311,HSR Layout,12.744717,77.492273,Private room,Independent House,2024-07-01,7,Monsoon,3473,410,171,1,0.4,12,3,41676,301,5.0,India,0
427,96311,HSR Layout,12.744717,77.492273,Private room,Independent House,2024-08-01,8,Monsoon,3181,410,171,1,0.72,22,5,69982,142,5.0,India,0
427,96311,HSR Layout,12.744717,77.492273,Private room,Independent House,2024-09-01,9,Autumn,3265,410,171,1,0.72,22,3,71830,333,3.9,India,0
427,96311,HSR Layout,12.744717,77.492273,Private room,Independent House,2024-10-01,10,Autumn,3282,410,171,1,0.41,13,3,42666,56,4.7,USA,1
427,96311,HSR Layout,12.744717,77.492273,Private room,Independent House,2024-11-01,11,Winter,3497,410,171,1,0.5,15,2,52455,221,4.6,India,0
427,96311,HSR Layout,12.744717,77.492273,Private room,Independent House,2024-12-01,12,Winter,4481,410,171,1,0.63,20,1,89620,86,4.9,USA,1
428,55591,Hebbal,12.999198,77.611772,Entire home/apt,Serviced Apartment,2024-01-01,1,Winter,7001,296,176,1,0.61,19,1,133019,323,4.0,India,0
428,55591,Hebbal,12.999198,77.611772,Entire home/apt,Serviced Apartment,2024-02-01,2,Winter,5549,296,176,1,0.66,19,2,105431,271,4.5,UAE,0
428,55591,Hebbal,12.999198,77.611772,Entire home/apt,Serviced Apartment,2024-03-01,3,Spring,6011,296,176,1,0.29,9,3,54099,0,4.5,UAE,0
428,55591,Hebbal,12.999198,77.611772,Entire home/apt,Serviced Apartment,2024-04-01,4,Spring,6480,296,176,1,0.68,20,3,129600,82,4.5,UAE,0
428,55591,Hebbal,12.999198,77.611772,Entire home/apt,Serviced Apartment,2024-05-01,5,Spring,6085,296,176,1,0.5,16,4,97360,315,4.4,India,0
428,55591,Hebbal,12.999198,77.611772,Entire home/apt,Serviced Apartment,2024-06-01,6,Summer,5171,296,176,1,0.45,14,3,72394,313,4.8,India,0
428,55591,Hebbal,12.999198,77.611772,Entire home/apt,Serviced Apartment,2024-07-01,7,Monsoon,5427,296,176,1,0.39,12,2,65124,273,4.7,India,0
428,55591,Hebbal,12.999198,77.611772,Entire home/apt,Serviced Apartment,2024-08-01,8,Monsoon,5324,296,176,1,0.52,16,2,85184,234,3.6,UK,0
428,55591,Hebbal,12.999198,77.611772,Entire home/apt,Serviced Apartment,2024-09-01,9,Autumn,5733,296,176,1,0.63,19,4,108927,116,4.1,India,0
428,55591,Hebbal,12.999198,77.611772,Entire home/apt,Serviced Apartment,2024-10-01,10,Autumn,5634,296,176,1,0.34,11,3,61974,105,3.5,Singapore,0
428,55591,Hebbal,12.999198,77.611772,Entire home/apt,Serviced Apartment,2024-11-01,11,Winter,5889,296,176,1,0.51,15,4,88335,344,5.0,UK,0
428,55591,Hebbal,12.999198,77.611772,Entire home/apt,Serviced Apartment,2024-12-01,12,Winter,7276,296,176,1,0.46,14,5,101864,109,4.5,Germany,0
429,20918,Brigade Road,12.834489,77.484213,Entire home/apt,Studio,2024-01-01,1,Winter,5287,445,286,2,0.74,23,2,121601,53,4.4,India,0
429,20918,Brigade Road,12.834489,77.484213,Entire home/apt,Studio,2024-02-01,2,Winter,3980,445,286,2,0.56,16,5,63680,55,4.6,India,0
429,20918,Brigade Road,12.834489,77.484213,Entire home/apt,Studio,2024-03-01,3,Spring,4356,445,286,2,0.37,11,1,47916,79,4.7,India,0
429,20918,Brigade Road,12.834489,77.484213,Entire home/apt,Studio,2024-04-01,4,Spring,4515,445,286,2,0.55,16,3,72240,102,4.4,UAE,0
429,20918,Brigade Road,12.834489,77.484213,Entire home/apt,Studio,2024-05-01,5,Spring,4483,445,286,2,0.76,24,3,107592,78,4.0,India,0
429,20918,Brigade Road,12.834489,77.484213,Entire home/apt,Studio,2024-06-01,6,Summer,4073,445,286,2,0.7,21,3,85533,260,4.7,USA,0
429,20918,Brigade Road,12.834489,77.484213,Entire home/apt,Studio,2024-07-01,7,Monsoon,3753,445,286,2,0.4,12,2,45036,95,4.2,India,0
429,20918,Brigade Road,12.834489,77.484213,Entire home/apt,Studio,2024-08-01,8,Monsoon,3658,445,286,2,0.61,19,3,69502,32,5.0,India,0
429,20918,Brigade Road,12.834489,77.484213,Entire home/apt,Studio,2024-09-01,9,Autumn,4042,445,286,2,0.42,13,2,52546,10,4.5,India,0
429,20918,Brigade Road,12.834489,77.484213,Entire home/apt,Studio,2024-10-01,10,Autumn,4385,445,286,2,0.35,11,4,48235,252,5.0,India,0
429,20918,Brigade Road,12.834489,77.484213,Entire home/apt,Studio,2024-11-01,11,Winter,4145,445,286,2,0.46,14,2,58030,322,3.9,USA,0
429,20918,Brigade Road,12.834489,77.484213,Entire home/apt,Studio,2024-12-01,12,Winter,5364,445,286,2,0.55,17,4,91188,85,4.6,India,0
430,80546,Brigade Road,12.74018,77.646257,Entire home/apt,Apartment,2024-01-01,1,Winter,2926,252,145,5,0.56,17,3,49742,209,4.2,India,0
430,80546,Brigade Road,12.74018,77.646257,Entire home/apt,Apartment,2024-02-01,2,Winter,2113,252,145,5,0.98,28,3,59164,180,4.0,Canada,0
430,80546,Brigade Road,12.74018,77.646257,Entire home/apt,Apartment,2024-03-01,3,Spring,2696,252,145,5,0.31,10,2,26960,273,3.7,India,0
430,80546,Brigade Road,12.74018,77.646257,Entire home/apt,Apartment,2024-04-01,4,Spring,2679,252,145,5,0.6,18,3,48222,153,5.0,India,0
430,80546,Brigade Road,12.74018,77.646257,Entire home/apt,Apartment,2024-05-01,5,Spring,2498,252,145,5,0.55,17,2,42466,345,4.1,India,0
430,80546,Brigade Road,12.74018,77.646257,Entire home/apt,Apartment,2024-06-01,6,Summer,2718,252,145,5,0.71,21,3,57078,77,4.0,USA,0
430,80546,Brigade Road,12.74018,77.646257,Entire home/apt,Apartment,2024-07-01,7,Monsoon,2184,252,145,5,0.59,18,2,39312,204,4.4,India,0
430,80546,Brigade Road,12.74018,77.646257,Entire home/apt,Apartment,2024-08-01,8,Monsoon,2331,252,145,5,0.7,22,3,51282,313,4.4,Singapore,0
430,80546,Brigade Road,12.74018,77.646257,Entire home/apt,Apartment,2024-09-01,9,Autumn,2363,252,145,5,0.8,24,3,56712,48,4.9,India,0
430,80546,Brigade Road,12.74018,77.646257,Entire home/apt,Apartment,2024-10-01,10,Autumn,2433,252,145,5,0.33,10,2,24330,157,4.6,India,0
430,80546,Brigade Road,12.74018,77.646257,Entire home/apt,Apartment,2024-11-01,11,Winter,2558,252,145,5,0.16,5,4,12790,83,4.6,India,0
430,80546,Brigade Road,12.74018,77.646257,Entire home/apt,Apartment,2024-12-01,12,Winter,2940,252,145,5,0.54,17,2,49980,139,4.1,India,0
431,11183,Electronic City,12.99527,77.715978,Entire home/apt,Studio,2024-01-01,1,Winter,4063,508,91,5,0.74,23,2,93449,243,4.2,India,0
431,11183,Electronic City,12.99527,77.715978,Entire home/apt,Studio,2024-02-01,2,Winter,3473,508,91,5,0.6,17,2,59041,155,4.6,India,0
431,11183,Electronic City,12.99527,77.715978,Entire home/apt,Studio,2024-03-01,3,Spring,3655,508,91,5,0.7,22,2,80410,316,3.5,India,0
431,11183,Electronic City,12.99527,77.715978,Entire home/apt,Studio,2024-04-01,4,Spring,3371,508,91,5,0.66,20,1,67420,1,3.7,India,0
431,11183,Electronic City,12.99527,77.715978,Entire home/apt,Studio,2024-05-01,5,Spring,3216,508,91,5,0.59,18,3,57888,157,4.2,India,0
431,11183,Electronic City,12.99527,77.715978,Entire home/apt,Studio,2024-06-01,6,Summer,3184,508,91,5,0.64,19,2,60496,286,4.9,India,0
431,11183,Electronic City,12.99527,77.715978,Entire home/apt,Studio,2024-07-01,7,Monsoon,2798,508,91,5,0.51,16,3,44768,292,4.2,India,0
431,11183,Electronic City,12.99527,77.715978,Entire home/apt,Studio,2024-08-01,8,Monsoon,2505,508,91,5,0.62,19,2,47595,260,4.9,India,0
431,11183,Electronic City,12.99527,77.715978,Entire home/apt,Studio,2024-09-01,9,Autumn,3525,508,91,5,0.47,14,3,49350,258,4.0,Australia,0
431,11183,Electronic City,12.99527,77.715978,Entire home/apt,Studio,2024-10-01,10,Autumn,3326,508,91,5,0.72,22,2,73172,236,4.6,India,0
431,11183,Electronic City,12.99527,77.715978,Entire home/apt,Studio,2024-11-01,11,Winter,3379,508,91,5,0.77,23,3,77717,322,4.2,India,0
431,11183,Electronic City,12.99527,77.715978,Entire home/apt,Studio,2024-12-01,12,Winter,4109,508,91,5,0.85,26,2,106834,297,4.4,India,0
432,59914,Basavanagudi,13.010562,77.610111,Entire home/apt,Villa,2024-01-01,1,Winter,2286,199,85,2,0.63,20,3,45720,263,4.1,Germany,0
432,59914,Basavanagudi,13.010562,77.610111,Entire home/apt,Villa,2024-02-01,2,Winter,2033,199,85,2,0.46,13,2,26429,87,3.7,India,0
432,59914,Basavanagudi,13.010562,77.610111,Entire home/apt,Villa,2024-03-01,3,Spring,2237,199,85,2,0.59,18,4,40266,16,4.7,India,0
432,59914,Basavanagudi,13.010562,77.610111,Entire home/apt,Villa,2024-04-01,4,Spring,2042,199,85,2,0.45,14,2,28588,234,4.7,India,0
432,59914,Basavanagudi,13.010562,77.610111,Entire home/apt,Villa,2024-05-01,5,Spring,2282,199,85,2,0.57,18,2,41076,283,4.7,India,0
432,59914,Basavanagudi,13.010562,77.610111,Entire home/apt,Villa,2024-06-01,6,Summer,1915,199,85,2,0.34,10,1,19150,278,4.9,India,0
432,59914,Basavanagudi,13.010562,77.610111,Entire home/apt,Villa,2024-07-01,7,Monsoon,1962,199,85,2,0.68,21,3,41202,129,4.4,India,0
432,59914,Basavanagudi,13.010562,77.610111,Entire home/apt,Villa,2024-08-01,8,Monsoon,1900,199,85,2,0.71,22,2,41800,113,5.0,India,0
432,59914,Basavanagudi,13.010562,77.610111,Entire home/apt,Villa,2024-09-01,9,Autumn,2176,199,85,2,0.58,17,4,36992,293,4.0,India,0
432,59914,Basavanagudi,13.010562,77.610111,Entire home/apt,Villa,2024-10-01,10,Autumn,2010,199,85,2,0.61,19,4,38190,21,4.8,India,0
432,59914,Basavanagudi,13.010562,77.610111,Entire home/apt,Villa,2024-11-01,11,Winter,2249,199,85,2,0.56,17,4,38233,282,5.0,India,0
432,59914,Basavanagudi,13.010562,77.610111,Entire home/apt,Villa,2024-12-01,12,Winter,2122,199,85,2,0.63,20,3,42440,242,4.2,India,0
433,23891,Residency Road,12.839053,77.745274,Entire home/apt,Independent House,2024-01-01,1,Winter,1222,269,308,3,0.53,16,4,19552,24,4.5,India,1
433,23891,Residency Road,12.839053,77.745274,Entire home/apt,Independent House,2024-02-01,2,Winter,1434,269,308,3,0.33,10,2,14340,199,4.9,UK,0
433,23891,Residency Road,12.839053,77.745274,Entire home/apt,Independent House,2024-03-01,3,Spring,1351,269,308,3,0.71,22,2,29722,303,4.3,Singapore,0
433,23891,Residency Road,12.839053,77.745274,Entire home/apt,Independent House,2024-04-01,4,Spring,1066,269,308,3,0.37,11,3,11726,182,4.0,India,0
433,23891,Residency Road,12.839053,77.745274,Entire home/apt,Independent House,2024-05-01,5,Spring,1306,269,308,3,0.78,24,1,31344,183,4.3,India,0
433,23891,Residency Road,12.839053,77.745274,Entire home/apt,Independent House,2024-06-01,6,Summer,1336,269,308,3,0.33,10,1,13360,133,4.6,UK,0
433,23891,Residency Road,12.839053,77.745274,Entire home/apt,Independent House,2024-07-01,7,Monsoon,1222,269,308,3,0.34,11,2,13442,224,4.4,Netherlands,0
433,23891,Residency Road,12.839053,77.745274,Entire home/apt,Independent House,2024-08-01,8,Monsoon,1232,269,308,3,0.12,4,3,4928,150,5.0,India,0
433,23891,Residency Road,12.839053,77.745274,Entire home/apt,Independent House,2024-09-01,9,Autumn,1281,269,308,3,0.66,20,3,25620,257,4.3,UK,0
433,23891,Residency Road,12.839053,77.745274,Entire home/apt,Independent House,2024-10-01,10,Autumn,867,269,308,3,0.64,20,4,17340,9,4.5,India,0
433,23891,Residency Road,12.839053,77.745274,Entire home/apt,Independent House,2024-11-01,11,Winter,1217,269,308,3,0.72,22,2,26774,329,4.8,Germany,0
433,23891,Residency Road,12.839053,77.745274,Entire home/apt,Independent House,2024-12-01,12,Winter,1897,269,308,3,0.58,18,1,34146,323,4.2,UK,0
434,26105,Koramangala,12.79237,77.72568,Entire home/apt,Villa,2024-01-01,1,Winter,4294,362,147,1,0.37,11,2,47234,140,4.5,India,0
434,26105,Koramangala,12.79237,77.72568,Entire home/apt,Villa,2024-02-01,2,Winter,3594,362,147,1,0.55,16,3,57504,205,4.9,Germany,0
434,26105,Koramangala,12.79237,77.72568,Entire home/apt,Villa,2024-03-01,3,Spring,3698,362,147,1,0.73,23,2,85054,154,4.2,UAE,0
434,26105,Koramangala,12.79237,77.72568,Entire home/apt,Villa,2024-04-01,4,Spring,3439,362,147,1,0.59,18,2,61902,64,3.9,India,0
434,26105,Koramangala,12.79237,77.72568,Entire home/apt,Villa,2024-05-01,5,Spring,3220,362,147,1,0.62,19,4,61180,312,5.0,India,0
434,26105,Koramangala,12.79237,77.72568,Entire home/apt,Villa,2024-06-01,6,Summer,3353,362,147,1,0.68,20,4,67060,70,5.0,India,0
434,26105,Koramangala,12.79237,77.72568,Entire home/apt,Villa,2024-07-01,7,Monsoon,2753,362,147,1,0.56,17,2,46801,91,5.0,India,0
434,26105,Koramangala,12.79237,77.72568,Entire home/apt,Villa,2024-08-01,8,Monsoon,2930,362,147,1,0.75,23,4,67390,63,4.9,India,0
434,26105,Koramangala,12.79237,77.72568,Entire home/apt,Villa,2024-09-01,9,Autumn,2978,362,147,1,0.63,19,2,56582,110,4.6,UAE,0
434,26105,Koramangala,12.79237,77.72568,Entire home/apt,Villa,2024-10-01,10,Autumn,3338,362,147,1,0.47,15,3,50070,150,4.1,India,1
434,26105,Koramangala,12.79237,77.72568,Entire home/apt,Villa,2024-11-01,11,Winter,3178,362,147,1,0.57,17,2,54026,245,5.0,UAE,0
434,26105,Koramangala,12.79237,77.72568,Entire home/apt,Villa,2024-12-01,12,Winter,4454,362,147,1,0.8,25,2,111350,147,4.8,India,0
435,88287,Frazer Town,12.940313,77.547877,Entire home/apt,Independent House,2024-01-01,1,Winter,2908,238,353,2,0.51,16,2,46528,250,4.7,France,0
435,88287,Frazer Town,12.940313,77.547877,Entire home/apt,Independent House,2024-02-01,2,Winter,2438,238,353,2,0.68,20,2,48760,178,4.9,India,0
435,88287,Frazer Town,12.940313,77.547877,Entire home/apt,Independent House,2024-03-01,3,Spring,2343,238,353,2,0.74,23,2,53889,305,4.2,India,0
435,88287,Frazer Town,12.940313,77.547877,Entire home/apt,Independent House,2024-04-01,4,Spring,2335,238,353,2,0.68,20,3,46700,201,5.0,India,0
435,88287,Frazer Town,12.940313,77.547877,Entire home/apt,Independent House,2024-05-01,5,Spring,2391,238,353,2,0.6,19,2,45429,46,4.6,UAE,0
435,88287,Frazer Town,12.940313,77.547877,Entire home/apt,Independent House,2024-06-01,6,Summer,2321,238,353,2,0.43,13,1,30173,241,4.0,India,0
435,88287,Frazer Town,12.940313,77.547877,Entire home/apt,Independent House,2024-07-01,7,Monsoon,2049,238,353,2,0.61,19,3,38931,73,4.5,India,0
435,88287,Frazer Town,12.940313,77.547877,Entire home/apt,Independent House,2024-08-01,8,Monsoon,2199,238,353,2,0.57,18,2,39582,80,4.7,India,0
435,88287,Frazer Town,12.940313,77.547877,Entire home/apt,Independent House,2024-09-01,9,Autumn,2266,238,353,2,0.87,26,2,58916,328,4.5,India,0
435,88287,Frazer Town,12.940313,77.547877,Entire home/apt,Independent House,2024-10-01,10,Autumn,2762,238,353,2,0.65,20,2,55240,177,4.4,India,0
435,88287,Frazer Town,12.940313,77.547877,Entire home/apt,Independent House,2024-11-01,11,Winter,2115,238,353,2,0.38,11,2,23265,166,4.1,India,0
435,88287,Frazer Town,12.940313,77.547877,Entire home/apt,Independent House,2024-12-01,12,Winter,2692,238,353,2,0.66,20,3,53840,156,4.3,India,0
436,28342,Yeshwanthpur,12.740561,77.484697,Entire home/apt,Serviced Apartment,2024-01-01,1,Winter,4638,492,268,1,0.87,27,2,125226,28,4.0,India,1
436,28342,Yeshwanthpur,12.740561,77.484697,Entire home/apt,Serviced Apartment,2024-02-01,2,Winter,3694,492,268,1,0.48,14,4,51716,24,4.9,India,0
436,28342,Yeshwanthpur,12.740561,77.484697,Entire home/apt,Serviced Apartment,2024-03-01,3,Spring,3649,492,268,1,0.34,11,3,40139,132,4.5,India,0
436,28342,Yeshwanthpur,12.740561,77.484697,Entire home/apt,Serviced Apartment,2024-04-01,4,Spring,4406,492,268,1,0.59,18,2,79308,241,4.0,India,0
436,28342,Yeshwanthpur,12.740561,77.484697,Entire home/apt,Serviced Apartment,2024-05-01,5,Spring,3485,492,268,1,0.81,25,2,87125,109,4.3,India,0
436,28342,Yeshwanthpur,12.740561,77.484697,Entire home/apt,Serviced Apartment,2024-06-01,6,Summer,3536,492,268,1,0.78,23,2,81328,224,4.9,Singapore,0
436,28342,Yeshwanthpur,12.740561,77.484697,Entire home/apt,Serviced Apartment,2024-07-01,7,Monsoon,3605,492,268,1,0.41,13,3,46865,151,3.9,India,0
436,28342,Yeshwanthpur,12.740561,77.484697,Entire home/apt,Serviced Apartment,2024-08-01,8,Monsoon,3377,492,268,1,0.61,19,3,64163,236,4.6,India,0
436,28342,Yeshwanthpur,12.740561,77.484697,Entire home/apt,Serviced Apartment,2024-09-01,9,Autumn,4019,492,268,1,0.3,9,3,36171,292,4.8,India,0
436,28342,Yeshwanthpur,12.740561,77.484697,Entire home/apt,Serviced Apartment,2024-10-01,10,Autumn,3505,492,268,1,0.69,21,2,73605,308,4.3,India,0
436,28342,Yeshwanthpur,12.740561,77.484697,Entire home/apt,Serviced Apartment,2024-11-01,11,Winter,3562,492,268,1,0.47,14,2,49868,273,3.9,India,0
436,28342,Yeshwanthpur,12.740561,77.484697,Entire home/apt,Serviced Apartment,2024-12-01,12,Winter,4663,492,268,1,0.44,14,2,65282,271,4.8,India,0
437,18997,Hebbal,12.795858,77.643293,Private room,Independent House,2024-01-01,1,Winter,5408,553,298,1,0.59,18,3,97344,259,5.0,India,0
437,18997,Hebbal,12.795858,77.643293,Private room,Independent House,2024-02-01,2,Winter,4143,553,298,1,0.29,8,4,33144,34,4.6,India,0
437,18997,Hebbal,12.795858,77.643293,Private room,Independent House,2024-03-01,3,Spring,4410,553,298,1,0.88,27,2,119070,278,5.0,India,0
437,18997,Hebbal,12.795858,77.643293,Private room,Independent House,2024-04-01,4,Spring,5126,553,298,1,0.52,16,1,82016,284,4.7,India,0
437,18997,Hebbal,12.795858,77.643293,Private room,Independent House,2024-05-01,5,Spring,4177,553,298,1,0.65,20,2,83540,32,4.0,India,0
437,18997,Hebbal,12.795858,77.643293,Private room,Independent House,2024-06-01,6,Summer,3760,553,298,1,0.4,12,2,45120,156,3.9,India,0
437,18997,Hebbal,12.795858,77.643293,Private room,Independent House,2024-07-01,7,Monsoon,4136,553,298,1,0.79,24,4,99264,108,3.9,UAE,0
437,18997,Hebbal,12.795858,77.643293,Private room,Independent House,2024-08-01,8,Monsoon,4099,553,298,1,0.66,20,3,81980,247,3.9,Germany,0
437,18997,Hebbal,12.795858,77.643293,Private room,Independent House,2024-09-01,9,Autumn,4190,553,298,1,0.43,13,3,54470,25,4.8,India,0
437,18997,Hebbal,12.795858,77.643293,Private room,Independent House,2024-10-01,10,Autumn,4023,553,298,1,0.5,16,3,64368,54,4.2,India,0
437,18997,Hebbal,12.795858,77.643293,Private room,Independent House,2024-11-01,11,Winter,4362,553,298,1,0.48,14,2,61068,142,4.3,Singapore,0
437,18997,Hebbal,12.795858,77.643293,Private room,Independent House,2024-12-01,12,Winter,5293,553,298,1,0.82,25,2,132325,245,4.3,India,0
438,31310,Ulsoor,13.023629,77.626655,Entire home/apt,Villa,2024-01-01,1,Winter,2784,387,194,2,0.33,10,4,27840,69,5.0,India,0
438,31310,Ulsoor,13.023629,77.626655,Entire home/apt,Villa,2024-02-01,2,Winter,2180,387,194,2,0.49,14,4,30520,322,4.6,Germany,0
438,31310,Ulsoor,13.023629,77.626655,Entire home/apt,Villa,2024-03-01,3,Spring,2821,387,194,2,0.29,9,2,25389,174,4.6,India,0
438,31310,Ulsoor,13.023629,77.626655,Entire home/apt,Villa,2024-04-01,4,Spring,2892,387,194,2,0.56,17,3,49164,299,4.0,Germany,0
438,31310,Ulsoor,13.023629,77.626655,Entire home/apt,Villa,2024-05-01,5,Spring,2127,387,194,2,0.57,18,3,38286,57,5.0,India,0
438,31310,Ulsoor,13.023629,77.626655,Entire home/apt,Villa,2024-06-01,6,Summer,2183,387,194,2,0.67,20,3,43660,174,3.9,India,0
438,31310,Ulsoor,13.023629,77.626655,Entire home/apt,Villa,2024-07-01,7,Monsoon,1737,387,194,2,0.47,15,3,26055,272,5.0,UAE,0
438,31310,Ulsoor,13.023629,77.626655,Entire home/apt,Villa,2024-08-01,8,Monsoon,2038,387,194,2,0.59,18,4,36684,350,4.6,USA,0
438,31310,Ulsoor,13.023629,77.626655,Entire home/apt,Villa,2024-09-01,9,Autumn,2471,387,194,2,0.45,14,2,34594,43,4.8,India,0
438,31310,Ulsoor,13.023629,77.626655,Entire home/apt,Villa,2024-10-01,10,Autumn,2084,387,194,2,0.84,26,2,54184,267,4.2,India,0
438,31310,Ulsoor,13.023629,77.626655,Entire home/apt,Villa,2024-11-01,11,Winter,2074,387,194,2,0.63,19,3,39406,199,4.5,India,0
438,31310,Ulsoor,13.023629,77.626655,Entire home/apt,Villa,2024-12-01,12,Winter,2877,387,194,2,0.58,18,4,51786,264,4.1,India,0
439,97817,Richmond Town,12.989679,77.624852,Entire home/apt,Studio,2024-01-01,1,Winter,7066,434,269,5,0.45,14,2,98924,292,4.7,India,0
439,97817,Richmond Town,12.989679,77.624852,Entire home/apt,Studio,2024-02-01,2,Winter,5475,434,269,5,0.7,20,4,109500,56,5.0,Australia,0
439,97817,Richmond Town,12.989679,77.624852,Entire home/apt,Studio,2024-03-01,3,Spring,6017,434,269,5,0.3,9,1,54153,73,5.0,India,0
439,97817,Richmond Town,12.989679,77.624852,Entire home/apt,Studio,2024-04-01,4,Spring,6090,434,269,5,0.44,13,3,79170,236,4.7,USA,0
439,97817,Richmond Town,12.989679,77.624852,Entire home/apt,Studio,2024-05-01,5,Spring,5134,434,269,5,0.69,21,3,107814,339,3.9,Australia,0
439,97817,Richmond Town,12.989679,77.624852,Entire home/apt,Studio,2024-06-01,6,Summer,5392,434,269,5,0.57,17,4,91664,70,4.9,India,0
439,97817,Richmond Town,12.989679,77.624852,Entire home/apt,Studio,2024-07-01,7,Monsoon,4913,434,269,5,0.62,19,3,93347,327,4.5,India,0
439,97817,Richmond Town,12.989679,77.624852,Entire home/apt,Studio,2024-08-01,8,Monsoon,4886,434,269,5,0.54,17,4,83062,41,4.4,India,0
439,97817,Richmond Town,12.989679,77.624852,Entire home/apt,Studio,2024-09-01,9,Autumn,5099,434,269,5,0.41,12,4,61188,297,4.6,India,0
439,97817,Richmond Town,12.989679,77.624852,Entire home/apt,Studio,2024-10-01,10,Autumn,5387,434,269,5,0.51,16,4,86192,134,4.4,UAE,0
439,97817,Richmond Town,12.989679,77.624852,Entire home/apt,Studio,2024-11-01,11,Winter,5264,434,269,5,0.45,14,3,73696,105,4.4,India,0
439,97817,Richmond Town,12.989679,77.624852,Entire home/apt,Studio,2024-12-01,12,Winter,6796,434,269,5,0.59,18,3,122328,81,4.4,India,0
440,78599,Whitefield,12.7332,77.667836,Entire home/apt,Independent House,2024-01-01,1,Winter,3349,90,350,3,0.39,12,3,40188,274,4.3,India,0
440,78599,Whitefield,12.7332,77.667836,Entire home/apt,Independent House,2024-02-01,2,Winter,2367,90,350,3,0.61,18,2,42606,251,4.7,France,0
440,78599,Whitefield,12.7332,77.667836,Entire home/apt,Independent House,2024-03-01,3,Spring,2402,90,350,3,0.59,18,1,43236,172,4.5,India,0
440,78599,Whitefield,12.7332,77.667836,Entire home/apt,Independent House,2024-04-01,4,Spring,2428,90,350,3,0.59,18,4,43704,11,4.9,USA,0
440,78599,Whitefield,12.7332,77.667836,Entire home/apt,Independent House,2024-05-01,5,Spring,2260,90,350,3,0.55,17,3,38420,293,4.9,India,0
440,78599,Whitefield,12.7332,77.667836,Entire home/apt,Independent House,2024-06-01,6,Summer,2456,90,350,3,0.79,24,2,58944,53,3.8,India,0
440,78599,Whitefield,12.7332,77.667836,Entire home/apt,Independent House,2024-07-01,7,Monsoon,2218,90,350,3,0.65,20,3,44360,189,4.1,India,0
440,78599,Whitefield,12.7332,77.667836,Entire home/apt,Independent House,2024-08-01,8,Monsoon,2087,90,350,3,0.71,22,3,45914,217,4.2,UAE,0
440,78599,Whitefield,12.7332,77.667836,Entire home/apt,Independent House,2024-09-01,9,Autumn,2352,90,350,3,0.69,21,3,49392,113,4.1,France,0
440,78599,Whitefield,12.7332,77.667836,Entire home/apt,Independent House,2024-10-01,10,Autumn,2236,90,350,3,0.6,19,2,42484,321,4.2,France,0
440,78599,Whitefield,12.7332,77.667836,Entire home/apt,Independent House,2024-11-01,11,Winter,2089,90,350,3,0.54,16,3,33424,10,4.8,UK,0
440,78599,Whitefield,12.7332,77.667836,Entire home/apt,Independent House,2024-12-01,12,Winter,2958,90,350,3,0.43,13,2,38454,6,4.8,UK,0
441,35579,Jayanagar,12.969334,77.455993,Private room,Apartment,2024-01-01,1,Winter,3047,58,203,1,0.71,22,1,67034,272,4.8,India,0
441,35579,Jayanagar,12.969334,77.455993,Private room,Apartment,2024-02-01,2,Winter,2496,58,203,1,0.48,14,2,34944,68,4.3,India,0
441,35579,Jayanagar,12.969334,77.455993,Private room,Apartment,2024-03-01,3,Spring,2766,58,203,1,0.38,12,2,33192,62,4.4,India,0
441,35579,Jayanagar,12.969334,77.455993,Private room,Apartment,2024-04-01,4,Spring,2702,58,203,1,0.34,10,2,27020,293,4.2,India,0
441,35579,Jayanagar,12.969334,77.455993,Private room,Apartment,2024-05-01,5,Spring,2578,58,203,1,0.54,17,3,43826,273,4.4,Germany,0
441,35579,Jayanagar,12.969334,77.455993,Private room,Apartment,2024-06-01,6,Summer,2314,58,203,1,0.78,23,4,53222,62,4.2,India,0
441,35579,Jayanagar,12.969334,77.455993,Private room,Apartment,2024-07-01,7,Monsoon,2296,58,203,1,0.47,15,2,34440,69,4.5,India,0
441,35579,Jayanagar,12.969334,77.455993,Private room,Apartment,2024-08-01,8,Monsoon,2337,58,203,1,0.34,11,3,25707,105,4.5,India,0
441,35579,Jayanagar,12.969334,77.455993,Private room,Apartment,2024-09-01,9,Autumn,2734,58,203,1,0.81,24,4,65616,271,4.4,India,0
441,35579,Jayanagar,12.969334,77.455993,Private room,Apartment,2024-10-01,10,Autumn,2504,58,203,1,0.87,27,2,67608,205,5.0,India,0
441,35579,Jayanagar,12.969334,77.455993,Private room,Apartment,2024-11-01,11,Winter,2373,58,203,1,0.45,14,2,33222,178,4.9,India,0
441,35579,Jayanagar,12.969334,77.455993,Private room,Apartment,2024-12-01,12,Winter,2918,58,203,1,0.71,22,3,64196,290,4.6,India,0
442,91091,Koramangala,12.981726,77.637989,Entire home/apt,Serviced Apartment,2024-01-01,1,Winter,5026,261,126,3,0.81,25,3,125650,149,4.4,India,0
442,91091,Koramangala,12.981726,77.637989,Entire home/apt,Serviced Apartment,2024-02-01,2,Winter,4039,261,126,3,0.57,17,3,68663,197,4.6,France,0
442,91091,Koramangala,12.981726,77.637989,Entire home/apt,Serviced Apartment,2024-03-01,3,Spring,4327,261,126,3,0.5,16,2,69232,249,4.3,India,0
442,91091,Koramangala,12.981726,77.637989,Entire home/apt,Serviced Apartment,2024-04-01,4,Spring,4702,261,126,3,0.45,14,2,65828,59,3.8,India,0
442,91091,Koramangala,12.981726,77.637989,Entire home/apt,Serviced Apartment,2024-05-01,5,Spring,3728,261,126,3,0.37,11,2,41008,201,5.0,Canada,0
442,91091,Koramangala,12.981726,77.637989,Entire home/apt,Serviced Apartment,2024-06-01,6,Summer,4124,261,126,3,0.66,20,3,82480,337,4.7,India,0
442,91091,Koramangala,12.981726,77.637989,Entire home/apt,Serviced Apartment,2024-07-01,7,Monsoon,3719,261,126,3,0.57,18,3,66942,122,4.9,India,0
442,91091,Koramangala,12.981726,77.637989,Entire home/apt,Serviced Apartment,2024-08-01,8,Monsoon,3737,261,126,3,0.8,25,2,93425,14,4.7,Australia,0
442,91091,Koramangala,12.981726,77.637989,Entire home/apt,Serviced Apartment,2024-09-01,9,Autumn,3998,261,126,3,0.51,15,3,59970,215,4.2,Netherlands,0
442,91091,Koramangala,12.981726,77.637989,Entire home/apt,Serviced Apartment,2024-10-01,10,Autumn,4364,261,126,3,0.52,16,3,69824,209,4.2,India,0
442,91091,Koramangala,12.981726,77.637989,Entire home/apt,Serviced Apartment,2024-11-01,11,Winter,4184,261,126,3,0.57,17,2,71128,266,4.6,India,0
442,91091,Koramangala,12.981726,77.637989,Entire home/apt,Serviced Apartment,2024-12-01,12,Winter,5528,261,126,3,0.72,22,4,121616,131,4.5,India,0
443,64029,MG Road,12.713985,77.481453,Shared room,Serviced Apartment,2024-01-01,1,Winter,2403,225,245,2,0.4,12,2,28836,325,5.0,UAE,0
443,64029,MG Road,12.713985,77.481453,Shared room,Serviced Apartment,2024-02-01,2,Winter,1811,225,245,2,0.58,17,2,30787,191,4.2,Canada,0
443,64029,MG Road,12.713985,77.481453,Shared room,Serviced Apartment,2024-03-01,3,Spring,2088,225,245,2,0.4,12,1,25056,342,5.0,India,0
443,64029,MG Road,12.713985,77.481453,Shared room,Serviced Apartment,2024-04-01,4,Spring,2252,225,245,2,0.72,22,1,49544,251,3.9,Netherlands,0
443,64029,MG Road,12.713985,77.481453,Shared room,Serviced Apartment,2024-05-01,5,Spring,1850,225,245,2,0.75,23,1,42550,73,4.7,India,0
443,64029,MG Road,12.713985,77.481453,Shared room,Serviced Apartment,2024-06-01,6,Summer,1609,225,245,2,0.47,14,2,22526,68,4.3,UAE,0
443,64029,MG Road,12.713985,77.481453,Shared room,Serviced Apartment,2024-07-01,7,Monsoon,1508,225,245,2,0.8,25,3,37700,52,3.7,India,0
443,64029,MG Road,12.713985,77.481453,Shared room,Serviced Apartment,2024-08-01,8,Monsoon,1759,225,245,2,0.38,12,2,21108,138,4.1,India,0
443,64029,MG Road,12.713985,77.481453,Shared room,Serviced Apartment,2024-09-01,9,Autumn,1408,225,245,2,0.49,15,3,21120,296,5.0,India,0
443,64029,MG Road,12.713985,77.481453,Shared room,Serviced Apartment,2024-10-01,10,Autumn,1861,225,245,2,0.39,12,2,22332,108,4.9,UAE,0
443,64029,MG Road,12.713985,77.481453,Shared room,Serviced Apartment,2024-11-01,11,Winter,2055,225,245,2,0.59,18,3,36990,22,5.0,India,0
443,64029,MG Road,12.713985,77.481453,Shared room,Serviced Apartment,2024-12-01,12,Winter,2425,225,245,2,0.67,21,2,50925,337,4.2,Singapore,0
444,10471,Ulsoor,12.76948,77.601697,Private room,Villa,2024-01-01,1,Winter,5418,332,340,5,0.44,14,3,75852,163,4.6,UK,0
444,10471,Ulsoor,12.76948,77.601697,Private room,Villa,2024-02-01,2,Winter,4089,332,340,5,0.22,6,4,24534,121,4.9,France,0
444,10471,Ulsoor,12.76948,77.601697,Private room,Villa,2024-03-01,3,Spring,4377,332,340,5,0.56,17,3,74409,275,4.6,USA,0
444,10471,Ulsoor,12.76948,77.601697,Private room,Villa,2024-04-01,4,Spring,4742,332,340,5,0.5,15,2,71130,251,4.6,India,0
444,10471,Ulsoor,12.76948,77.601697,Private room,Villa,2024-05-01,5,Spring,4346,332,340,5,0.65,20,2,86920,100,5.0,India,0
444,10471,Ulsoor,12.76948,77.601697,Private room,Villa,2024-06-01,6,Summer,4298,332,340,5,0.55,16,5,68768,283,4.1,Canada,0
444,10471,Ulsoor,12.76948,77.601697,Private room,Villa,2024-07-01,7,Monsoon,3913,332,340,5,0.64,20,5,78260,54,4.4,UK,0
444,10471,Ulsoor,12.76948,77.601697,Private room,Villa,2024-08-01,8,Monsoon,3934,332,340,5,0.5,16,4,62944,138,4.8,UK,0
444,10471,Ulsoor,12.76948,77.601697,Private room,Villa,2024-09-01,9,Autumn,4434,332,340,5,0.68,20,3,88680,17,4.5,India,0
444,10471,Ulsoor,12.76948,77.601697,Private room,Villa,2024-10-01,10,Autumn,4045,332,340,5,0.45,14,4,56630,302,4.7,India,0
444,10471,Ulsoor,12.76948,77.601697,Private room,Villa,2024-11-01,11,Winter,4741,332,340,5,0.49,15,1,71115,252,4.7,India,0
444,10471,Ulsoor,12.76948,77.601697,Private room,Villa,2024-12-01,12,Winter,5204,332,340,5,0.4,12,2,62448,333,4.2,USA,0
445,39156,Frazer Town,12.78578,77.535189,Entire home/apt,Apartment,2024-01-01,1,Winter,805,503,208,1,0.56,17,2,13685,4,4.0,India,0
445,39156,Frazer Town,12.78578,77.535189,Entire home/apt,Apartment,2024-02-01,2,Winter,825,503,208,1,0.81,23,2,18975,178,4.6,India,0
445,39156,Frazer Town,12.78578,77.535189,Entire home/apt,Apartment,2024-03-01,3,Spring,908,503,208,1,0.51,16,4,14528,214,4.2,Canada,0
445,39156,Frazer Town,12.78578,77.535189,Entire home/apt,Apartment,2024-04-01,4,Spring,1093,503,208,1,0.63,19,2,20767,65,5.0,India,0
445,39156,Frazer Town,12.78578,77.535189,Entire home/apt,Apartment,2024-05-01,5,Spring,618,503,208,1,0.59,18,2,11124,85,4.4,Canada,0
445,39156,Frazer Town,12.78578,77.535189,Entire home/apt,Apartment,2024-06-01,6,Summer,1190,503,208,1,0.65,20,4,23800,34,4.7,India,0
445,39156,Frazer Town,12.78578,77.535189,Entire home/apt,Apartment,2024-07-01,7,Monsoon,969,503,208,1,0.46,14,2,13566,119,5.0,UAE,0
445,39156,Frazer Town,12.78578,77.535189,Entire home/apt,Apartment,2024-08-01,8,Monsoon,1059,503,208,1,0.74,23,3,24357,334,5.0,India,0
445,39156,Frazer Town,12.78578,77.535189,Entire home/apt,Apartment,2024-09-01,9,Autumn,1084,503,208,1,0.82,25,2,27100,3,4.7,India,0
445,39156,Frazer Town,12.78578,77.535189,Entire home/apt,Apartment,2024-10-01,10,Autumn,958,503,208,1,0.6,19,2,18202,10,4.5,India,0
445,39156,Frazer Town,12.78578,77.535189,Entire home/apt,Apartment,2024-11-01,11,Winter,898,503,208,1,0.84,25,3,22450,139,4.6,India,0
445,39156,Frazer Town,12.78578,77.535189,Entire home/apt,Apartment,2024-12-01,12,Winter,1269,503,208,1,0.66,20,2,25380,138,5.0,India,0
446,82199,MG Road,12.723799,77.594816,Entire home/apt,Apartment,2024-01-01,1,Winter,2400,173,153,2,0.54,17,3,40800,278,4.6,Canada,1
446,82199,MG Road,12.723799,77.594816,Entire home/apt,Apartment,2024-02-01,2,Winter,2048,173,153,2,0.49,14,3,28672,285,4.6,India,0
446,82199,MG Road,12.723799,77.594816,Entire home/apt,Apartment,2024-03-01,3,Spring,2255,173,153,2,0.62,19,3,42845,130,4.9,Singapore,0
446,82199,MG Road,12.723799,77.594816,Entire home/apt,Apartment,2024-04-01,4,Spring,2490,173,153,2,0.7,21,3,52290,104,4.9,India,0
446,82199,MG Road,12.723799,77.594816,Entire home/apt,Apartment,2024-05-01,5,Spring,2197,173,153,2,0.55,17,2,37349,253,4.2,Australia,0
446,82199,MG Road,12.723799,77.594816,Entire home/apt,Apartment,2024-06-01,6,Summer,2063,173,153,2,0.49,15,3,30945,94,4.8,India,0
446,82199,MG Road,12.723799,77.594816,Entire home/apt,Apartment,2024-07-01,7,Monsoon,1995,173,153,2,0.68,21,2,41895,330,4.0,India,0
446,82199,MG Road,12.723799,77.594816,Entire home/apt,Apartment,2024-08-01,8,Monsoon,2212,173,153,2,0.51,16,2,35392,51,4.1,India,0
446,82199,MG Road,12.723799,77.594816,Entire home/apt,Apartment,2024-09-01,9,Autumn,2054,173,153,2,0.94,28,4,57512,26,4.3,India,0
446,82199,MG Road,12.723799,77.594816,Entire home/apt,Apartment,2024-10-01,10,Autumn,2076,173,153,2,0.54,17,2,35292,269,4.4,India,0
446,82199,MG Road,12.723799,77.594816,Entire home/apt,Apartment,2024-11-01,11,Winter,1985,173,153,2,0.59,18,2,35730,243,4.9,India,0
446,82199,MG Road,12.723799,77.594816,Entire home/apt,Apartment,2024-12-01,12,Winter,2738,173,153,2,0.4,12,3,32856,229,4.4,India,0
447,29850,Koramangala,12.712719,77.550566,Private room,Serviced Apartment,2024-01-01,1,Winter,3813,307,292,2,0.56,17,1,64821,184,4.5,India,0
447,29850,Koramangala,12.712719,77.550566,Private room,Serviced Apartment,2024-02-01,2,Winter,3193,307,292,2,0.72,21,3,67053,5,4.7,India,0
447,29850,Koramangala,12.712719,77.550566,Private room,Serviced Apartment,2024-03-01,3,Spring,3512,307,292,2,0.66,20,2,70240,160,3.7,India,0
447,29850,Koramangala,12.712719,77.550566,Private room,Serviced Apartment,2024-04-01,4,Spring,3287,307,292,2,0.35,10,1,32870,124,4.7,India,0
447,29850,Koramangala,12.712719,77.550566,Private room,Serviced Apartment,2024-05-01,5,Spring,2496,307,292,2,0.52,16,5,39936,288,4.4,Canada,0
447,29850,Koramangala,12.712719,77.550566,Private room,Serviced Apartment,2024-06-01,6,Summer,2684,307,292,2,0.53,16,1,42944,236,4.9,India,0
447,29850,Koramangala,12.712719,77.550566,Private room,Serviced Apartment,2024-07-01,7,Monsoon,2412,307,292,2,0.67,21,2,50652,97,4.1,UK,0
447,29850,Koramangala,12.712719,77.550566,Private room,Serviced Apartment,2024-08-01,8,Monsoon,2517,307,292,2,0.63,20,1,50340,231,4.1,India,0
447,29850,Koramangala,12.712719,77.550566,Private room,Serviced Apartment,2024-09-01,9,Autumn,2576,307,292,2,0.66,20,1,51520,104,4.9,India,0
447,29850,Koramangala,12.712719,77.550566,Private room,Serviced Apartment,2024-10-01,10,Autumn,2823,307,292,2,0.52,16,2,45168,21,4.6,USA,0
447,29850,Koramangala,12.712719,77.550566,Private room,Serviced Apartment,2024-11-01,11,Winter,2849,307,292,2,0.62,19,1,54131,199,3.5,India,0
447,29850,Koramangala,12.712719,77.550566,Private room,Serviced Apartment,2024-12-01,12,Winter,3334,307,292,2,0.46,14,2,46676,12,4.6,Germany,0
448,46612,Kalyan Nagar,13.016939,77.749638,Entire home/apt,Independent House,2024-01-01,1,Winter,4704,395,360,1,0.32,10,2,47040,3,5.0,India,0
448,46612,Kalyan Nagar,13.016939,77.749638,Entire home/apt,Independent House,2024-02-01,2,Winter,3977,395,360,1,0.33,10,2,39770,74,4.6,France,0
448,46612,Kalyan Nagar,13.016939,77.749638,Entire home/apt,Independent House,2024-03-01,3,Spring,3976,395,360,1,0.54,17,3,67592,150,4.9,Australia,0
448,46612,Kalyan Nagar,13.016939,77.749638,Entire home/apt,Independent House,2024-04-01,4,Spring,4521,395,360,1,0.63,19,4,85899,67,4.6,India,0
448,46612,Kalyan Nagar,13.016939,77.749638,Entire home/apt,Independent House,2024-05-01,5,Spring,3656,395,360,1,0.54,17,2,62152,331,5.0,India,0
448,46612,Kalyan Nagar,13.016939,77.749638,Entire home/apt,Independent House,2024-06-01,6,Summer,3715,395,360,1,0.38,11,2,40865,92,3.9,India,0
448,46612,Kalyan Nagar,13.016939,77.749638,Entire home/apt,Independent House,2024-07-01,7,Monsoon,3452,395,360,1,0.55,17,3,58684,42,4.2,India,0
448,46612,Kalyan Nagar,13.016939,77.749638,Entire home/apt,Independent House,2024-08-01,8,Monsoon,3555,395,360,1,0.45,14,3,49770,340,4.4,USA,0
448,46612,Kalyan Nagar,13.016939,77.749638,Entire home/apt,Independent House,2024-09-01,9,Autumn,3720,395,360,1,0.46,14,3,52080,156,4.6,USA,0
448,46612,Kalyan Nagar,13.016939,77.749638,Entire home/apt,Independent House,2024-10-01,10,Autumn,3953,395,360,1,0.34,11,2,43483,242,4.7,Singapore,0
448,46612,Kalyan Nagar,13.016939,77.749638,Entire home/apt,Independent House,2024-11-01,11,Winter,3757,395,360,1,0.54,16,1,60112,345,4.8,India,0
448,46612,Kalyan Nagar,13.016939,77.749638,Entire home/apt,Independent House,2024-12-01,12,Winter,4662,395,360,1,0.59,18,3,83916,180,4.8,India,0
449,27111,Marathahalli,12.86359,77.645464,Entire home/apt,Villa,2024-01-01,1,Winter,3567,344,365,1,0.57,18,5,64206,346,4.4,India,0
449,27111,Marathahalli,12.86359,77.645464,Entire home/apt,Villa,2024-02-01,2,Winter,2988,344,365,1,0.6,17,4,50796,183,4.7,India,0
449,27111,Marathahalli,12.86359,77.645464,Entire home/apt,Villa,2024-03-01,3,Spring,3180,344,365,1,0.35,11,2,34980,195,4.5,India,0
449,27111,Marathahalli,12.86359,77.645464,Entire home/apt,Villa,2024-04-01,4,Spring,3195,344,365,1,0.62,19,2,60705,294,4.3,India,0
449,27111,Marathahalli,12.86359,77.645464,Entire home/apt,Villa,2024-05-01,5,Spring,2655,344,365,1,0.68,21,2,55755,274,4.4,India,0
449,27111,Marathahalli,12.86359,77.645464,Entire home/apt,Villa,2024-06-01,6,Summer,2928,344,365,1,0.54,16,4,46848,87,4.5,Germany,0
449,27111,Marathahalli,12.86359,77.645464,Entire home/apt,Villa,2024-07-01,7,Monsoon,2515,344,365,1,0.44,14,3,35210,207,4.7,Netherlands,0
449,27111,Marathahalli,12.86359,77.645464,Entire home/apt,Villa,2024-08-01,8,Monsoon,2484,344,365,1,0.61,19,3,47196,310,4.7,Germany,0
449,27111,Marathahalli,12.86359,77.645464,Entire home/apt,Villa,2024-09-01,9,Autumn,2777,344,365,1,0.41,12,4,33324,130,5.0,India,0
449,27111,Marathahalli,12.86359,77.645464,Entire home/apt,Villa,2024-10-01,10,Autumn,2789,344,365,1,0.68,21,2,58569,263,5.0,India,0
449,27111,Marathahalli,12.86359,77.645464,Entire home/apt,Villa,2024-11-01,11,Winter,3051,344,365,1,0.54,16,2,48816,30,4.5,UAE,0
449,27111,Marathahalli,12.86359,77.645464,Entire home/apt,Villa,2024-12-01,12,Winter,3451,344,365,1,0.72,22,3,75922,137,4.7,India,0
450,77000,Frazer Town,12.875329,77.647205,Shared room,Studio,2024-01-01,1,Winter,3338,143,136,1,0.75,23,2,76774,317,4.5,Australia,0
450,77000,Frazer Town,12.875329,77.647205,Shared room,Studio,2024-02-01,2,Winter,2924,143,136,1,0.48,14,2,40936,22,3.9,India,0
450,77000,Frazer Town,12.875329,77.647205,Shared room,Studio,2024-03-01,3,Spring,3362,143,136,1,0.61,19,3,63878,270,4.9,UAE,0
450,77000,Frazer Town,12.875329,77.647205,Shared room,Studio,2024-04-01,4,Spring,3093,143,136,1,0.56,17,3,52581,103,4.8,India,0
450,77000,Frazer Town,12.875329,77.647205,Shared room,Studio,2024-05-01,5,Spring,3028,143,136,1,0.72,22,5,66616,320,4.4,India,0
450,77000,Frazer Town,12.875329,77.647205,Shared room,Studio,2024-06-01,6,Summer,3004,143,136,1,0.77,23,2,69092,166,4.5,Netherlands,0
450,77000,Frazer Town,12.875329,77.647205,Shared room,Studio,2024-07-01,7,Monsoon,2491,143,136,1,0.8,25,2,62275,137,4.2,India,0
450,77000,Frazer Town,12.875329,77.647205,Shared room,Studio,2024-08-01,8,Monsoon,2718,143,136,1,0.59,18,2,48924,20,3.8,India,0
450,77000,Frazer Town,12.875329,77.647205,Shared room,Studio,2024-09-01,9,Autumn,3107,143,136,1,0.19,6,2,18642,293,3.7,Canada,0
450,77000,Frazer Town,12.875329,77.647205,Shared room,Studio,2024-10-01,10,Autumn,2987,143,136,1,0.68,21,2,62727,140,4.2,India,0
450,77000,Frazer Town,12.875329,77.647205,Shared room,Studio,2024-11-01,11,Winter,2911,143,136,1,0.22,7,4,20377,86,4.8,India,0
450,77000,Frazer Town,12.875329,77.647205,Shared room,Studio,2024-12-01,12,Winter,3651,143,136,1,0.59,18,2,65718,251,4.5,India,0
451,11906,Rajajinagar,13.061065,77.450447,Entire home/apt,Independent House,2024-01-01,1,Winter,4739,295,81,1,0.87,27,1,127953,280,5.0,India,0
451,11906,Rajajinagar,13.061065,77.450447,Entire home/apt,Independent House,2024-02-01,2,Winter,3835,295,81,1,0.49,14,2,53690,206,4.4,India,0
451,11906,Rajajinagar,13.061065,77.450447,Entire home/apt,Independent House,2024-03-01,3,Spring,4715,295,81,1,0.22,7,3,33005,313,4.3,India,0
451,11906,Rajajinagar,13.061065,77.450447,Entire home/apt,Independent House,2024-04-01,4,Spring,4148,295,81,1,0.5,15,3,62220,292,4.3,UK,0
451,11906,Rajajinagar,13.061065,77.450447,Entire home/apt,Independent House,2024-05-01,5,Spring,4106,295,81,1,0.45,14,3,57484,46,4.2,India,0
451,11906,Rajajinagar,13.061065,77.450447,Entire home/apt,Independent House,2024-06-01,6,Summer,4214,295,81,1,0.61,18,2,75852,1,4.7,India,0
451,11906,Rajajinagar,13.061065,77.450447,Entire home/apt,Independent House,2024-07-01,7,Monsoon,3646,295,81,1,0.46,14,5,51044,47,4.5,India,0
451,11906,Rajajinagar,13.061065,77.450447,Entire home/apt,Independent House,2024-08-01,8,Monsoon,3781,295,81,1,0.22,7,3,26467,321,4.7,India,0
451,11906,Rajajinagar,13.061065,77.450447,Entire home/apt,Independent House,2024-09-01,9,Autumn,4152,295,81,1,0.55,16,2,66432,350,4.4,India,0
451,11906,Rajajinagar,13.061065,77.450447,Entire home/apt,Independent House,2024-10-01,10,Autumn,3578,295,81,1,0.48,15,4,53670,297,5.0,India,0
451,11906,Rajajinagar,13.061065,77.450447,Entire home/apt,Independent House,2024-11-01,11,Winter,4093,295,81,1,0.5,15,3,61395,235,4.5,USA,0
451,11906,Rajajinagar,13.061065,77.450447,Entire home/apt,Independent House,2024-12-01,12,Winter,5183,295,81,1,0.64,20,3,103660,198,4.4,India,0
452,54150,Basavanagudi,12.917331,77.702794,Entire home/apt,Studio,2024-01-01,1,Winter,5212,551,297,5,0.92,29,5,151148,198,4.2,India,1
452,54150,Basavanagudi,12.917331,77.702794,Entire home/apt,Studio,2024-02-01,2,Winter,4344,551,297,5,0.45,13,4,56472,301,4.6,India,0
452,54150,Basavanagudi,12.917331,77.702794,Entire home/apt,Studio,2024-03-01,3,Spring,4555,551,297,5,0.49,15,3,68325,127,4.5,India,0
452,54150,Basavanagudi,12.917331,77.702794,Entire home/apt,Studio,2024-04-01,4,Spring,4591,551,297,5,0.46,14,4,64274,125,5.0,Canada,0
452,54150,Basavanagudi,12.917331,77.702794,Entire home/apt,Studio,2024-05-01,5,Spring,3733,551,297,5,0.86,27,1,100791,49,4.9,India,0
452,54150,Basavanagudi,12.917331,77.702794,Entire home/apt,Studio,2024-06-01,6,Summer,3992,551,297,5,0.51,15,1,59880,47,4.3,India,0
452,54150,Basavanagudi,12.917331,77.702794,Entire home/apt,Studio,2024-07-01,7,Monsoon,3581,551,297,5,0.56,17,3,60877,189,5.0,India,0
452,54150,Basavanagudi,12.917331,77.702794,Entire home/apt,Studio,2024-08-01,8,Monsoon,4001,551,297,5,0.6,19,2,76019,72,4.2,UK,0
452,54150,Basavanagudi,12.917331,77.702794,Entire home/apt,Studio,2024-09-01,9,Autumn,3900,551,297,5,0.54,16,5,62400,158,4.1,India,0
452,54150,Basavanagudi,12.917331,77.702794,Entire home/apt,Studio,2024-10-01,10,Autumn,3774,551,297,5,0.89,28,1,105672,325,4.6,India,0
452,54150,Basavanagudi,12.917331,77.702794,Entire home/apt,Studio,2024-11-01,11,Winter,3843,551,297,5,0.69,21,1,80703,185,4.0,India,0
452,54150,Basavanagudi,12.917331,77.702794,Entire home/apt,Studio,2024-12-01,12,Winter,4792,551,297,5,0.45,14,3,67088,142,5.0,India,1
453,52159,Malleshwaram,13.07738,77.632163,Entire home/apt,Studio,2024-01-01,1,Winter,4237,0,219,5,0.48,15,2,63555,75,3.8,USA,0
453,52159,Malleshwaram,13.07738,77.632163,Entire home/apt,Studio,2024-02-01,2,Winter,3133,0,219,5,0.61,18,3,56394,136,4.7,Singapore,0
453,52159,Malleshwaram,13.07738,77.632163,Entire home/apt,Studio,2024-03-01,3,Spring,3874,0,219,5,0.4,12,3,46488,71,4.5,USA,0
453,52159,Malleshwaram,13.07738,77.632163,Entire home/apt,Studio,2024-04-01,4,Spring,3376,0,219,5,0.3,9,3,30384,46,4.9,India,0
453,52159,Malleshwaram,13.07738,77.632163,Entire home/apt,Studio,2024-05-01,5,Spring,3288,0,219,5,0.57,18,2,59184,70,4.7,India,0
453,52159,Malleshwaram,13.07738,77.632163,Entire home/apt,Studio,2024-06-01,6,Summer,3059,0,219,5,0.38,11,3,33649,305,4.5,UAE,0
453,52159,Malleshwaram,13.07738,77.632163,Entire home/apt,Studio,2024-07-01,7,Monsoon,3108,0,219,5,0.77,24,2,74592,0,4.8,India,0
453,52159,Malleshwaram,13.07738,77.632163,Entire home/apt,Studio,2024-08-01,8,Monsoon,2881,0,219,5,0.57,18,4,51858,72,4.5,India,0
453,52159,Malleshwaram,13.07738,77.632163,Entire home/apt,Studio,2024-09-01,9,Autumn,2991,0,219,5,0.53,16,2,47856,35,4.0,India,0
453,52159,Malleshwaram,13.07738,77.632163,Entire home/apt,Studio,2024-10-01,10,Autumn,3172,0,219,5,0.77,24,3,76128,69,4.8,India,0
453,52159,Malleshwaram,13.07738,77.632163,Entire home/apt,Studio,2024-11-01,11,Winter,3012,0,219,5,0.52,16,2,48192,98,4.2,India,0
453,52159,Malleshwaram,13.07738,77.632163,Entire home/apt,Studio,2024-12-01,12,Winter,3983,0,219,5,0.68,21,2,83643,113,4.8,India,0
454,11103,Basavanagudi,12.734876,77.635926,Shared room,Studio,2024-01-01,1,Winter,8140,478,151,3,0.67,21,2,170940,59,4.4,India,0
454,11103,Basavanagudi,12.734876,77.635926,Shared room,Studio,2024-02-01,2,Winter,6255,478,151,3,0.77,22,3,137610,323,4.9,Netherlands,0
454,11103,Basavanagudi,12.734876,77.635926,Shared room,Studio,2024-03-01,3,Spring,7080,478,151,3,0.61,19,2,134520,9,5.0,India,0
454,11103,Basavanagudi,12.734876,77.635926,Shared room,Studio,2024-04-01,4,Spring,7297,478,151,3,0.35,10,4,72970,203,4.6,India,0
454,11103,Basavanagudi,12.734876,77.635926,Shared room,Studio,2024-05-01,5,Spring,6447,478,151,3,0.74,23,1,148281,237,4.9,India,0
454,11103,Basavanagudi,12.734876,77.635926,Shared room,Studio,2024-06-01,6,Summer,6743,478,151,3,0.4,12,2,80916,135,4.2,India,0
454,11103,Basavanagudi,12.734876,77.635926,Shared room,Studio,2024-07-01,7,Monsoon,6054,478,151,3,0.48,15,1,90810,43,3.9,India,0
454,11103,Basavanagudi,12.734876,77.635926,Shared room,Studio,2024-08-01,8,Monsoon,5938,478,151,3,0.49,15,2,89070,73,5.0,India,0
454,11103,Basavanagudi,12.734876,77.635926,Shared room,Studio,2024-09-01,9,Autumn,6539,478,151,3,0.6,18,1,117702,89,4.4,India,0
454,11103,Basavanagudi,12.734876,77.635926,Shared room,Studio,2024-10-01,10,Autumn,6798,478,151,3,0.63,20,4,135960,290,4.3,USA,0
454,11103,Basavanagudi,12.734876,77.635926,Shared room,Studio,2024-11-01,11,Winter,6322,478,151,3,0.56,17,2,107474,179,4.1,India,0
454,11103,Basavanagudi,12.734876,77.635926,Shared room,Studio,2024-12-01,12,Winter,8305,478,151,3,0.3,9,1,74745,135,4.4,Canada,0
455,11511,Marathahalli,12.994171,77.580568,Entire home/apt,Villa,2024-01-01,1,Winter,5147,351,239,5,0.68,21,3,108087,156,4.1,India,0
455,11511,Marathahalli,12.994171,77.580568,Entire home/apt,Villa,2024-02-01,2,Winter,4228,351,239,5,0.68,20,5,84560,214,4.7,Netherlands,0
455,11511,Marathahalli,12.994171,77.580568,Entire home/apt,Villa,2024-03-01,3,Spring,4520,351,239,5,0.77,24,4,108480,153,4.5,India,0
455,11511,Marathahalli,12.994171,77.580568,Entire home/apt,Villa,2024-04-01,4,Spring,4803,351,239,5,0.82,25,5,120075,54,4.9,India,0
455,11511,Marathahalli,12.994171,77.580568,Entire home/apt,Villa,2024-05-01,5,Spring,4456,351,239,5,0.61,19,2,84664,3,4.8,India,0
455,11511,Marathahalli,12.994171,77.580568,Entire home/apt,Villa,2024-06-01,6,Summer,4274,351,239,5,0.4,12,3,51288,320,4.6,Netherlands,0
455,11511,Marathahalli,12.994171,77.580568,Entire home/apt,Villa,2024-07-01,7,Monsoon,3859,351,239,5,0.67,21,5,81039,158,4.4,India,0
455,11511,Marathahalli,12.994171,77.580568,Entire home/apt,Villa,2024-08-01,8,Monsoon,3656,351,239,5,0.68,21,2,76776,120,4.0,India,0
455,11511,Marathahalli,12.994171,77.580568,Entire home/apt,Villa,2024-09-01,9,Autumn,4523,351,239,5,0.55,16,5,72368,42,4.6,India,0
455,11511,Marathahalli,12.994171,77.580568,Entire home/apt,Villa,2024-10-01,10,Autumn,4343,351,239,5,0.67,21,2,91203,86,3.9,India,0
455,11511,Marathahalli,12.994171,77.580568,Entire home/apt,Villa,2024-11-01,11,Winter,4396,351,239,5,0.63,19,2,83524,347,4.2,India,0
455,11511,Marathahalli,12.994171,77.580568,Entire home/apt,Villa,2024-12-01,12,Winter,5141,351,239,5,0.54,17,2,87397,93,4.0,India,0
456,76766,Malleshwaram,13.038922,77.661078,Entire home/apt,Villa,2024-01-01,1,Winter,7047,522,284,2,0.5,16,4,112752,141,4.4,Netherlands,0
456,76766,Malleshwaram,13.038922,77.661078,Entire home/apt,Villa,2024-02-01,2,Winter,5717,522,284,2,0.79,23,3,131491,226,4.3,Singapore,0
456,76766,Malleshwaram,13.038922,77.661078,Entire home/apt,Villa,2024-03-01,3,Spring,5899,522,284,2,0.76,24,2,141576,279,3.8,India,0
456,76766,Malleshwaram,13.038922,77.661078,Entire home/apt,Villa,2024-04-01,4,Spring,5921,522,284,2,0.49,15,4,88815,138,3.9,Germany,0
456,76766,Malleshwaram,13.038922,77.661078,Entire home/apt,Villa,2024-05-01,5,Spring,5788,522,284,2,0.66,20,2,115760,239,4.3,France,0
456,76766,Malleshwaram,13.038922,77.661078,Entire home/apt,Villa,2024-06-01,6,Summer,5821,522,284,2,0.75,22,3,128062,296,4.5,India,0
456,76766,Malleshwaram,13.038922,77.661078,Entire home/apt,Villa,2024-07-01,7,Monsoon,4919,522,284,2,0.87,27,2,132813,7,4.8,India,0
456,76766,Malleshwaram,13.038922,77.661078,Entire home/apt,Villa,2024-08-01,8,Monsoon,5060,522,284,2,0.73,23,5,116380,55,4.6,Germany,0
456,76766,Malleshwaram,13.038922,77.661078,Entire home/apt,Villa,2024-09-01,9,Autumn,5465,522,284,2,0.54,16,2,87440,289,4.9,India,0
456,76766,Malleshwaram,13.038922,77.661078,Entire home/apt,Villa,2024-10-01,10,Autumn,5168,522,284,2,0.49,15,2,77520,74,5.0,India,0
456,76766,Malleshwaram,13.038922,77.661078,Entire home/apt,Villa,2024-11-01,11,Winter,5464,522,284,2,0.76,23,2,125672,107,5.0,India,0
456,76766,Malleshwaram,13.038922,77.661078,Entire home/apt,Villa,2024-12-01,12,Winter,6944,522,284,2,0.44,14,2,97216,214,4.4,Singapore,0
457,81786,Jayanagar,13.07899,77.495245,Entire home/apt,Serviced Apartment,2024-01-01,1,Winter,8396,581,209,3,0.45,14,2,117544,131,4.5,India,0
457,81786,Jayanagar,13.07899,77.495245,Entire home/apt,Serviced Apartment,2024-02-01,2,Winter,6745,581,209,3,0.36,10,5,67450,337,4.5,India,0
457,81786,Jayanagar,13.07899,77.495245,Entire home/apt,Serviced Apartment,2024-03-01,3,Spring,7630,581,209,3,0.27,8,4,61040,329,4.8,Germany,0
457,81786,Jayanagar,13.07899,77.495245,Entire home/apt,Serviced Apartment,2024-04-01,4,Spring,7640,581,209,3,0.46,14,3,106960,51,5.0,India,0
457,81786,Jayanagar,13.07899,77.495245,Entire home/apt,Serviced Apartment,2024-05-01,5,Spring,6559,581,209,3,0.61,19,3,124621,100,4.4,India,0
457,81786,Jayanagar,13.07899,77.495245,Entire home/apt,Serviced Apartment,2024-06-01,6,Summer,6636,581,209,3,0.45,14,1,92904,75,4.8,India,0
457,81786,Jayanagar,13.07899,77.495245,Entire home/apt,Serviced Apartment,2024-07-01,7,Monsoon,6196,581,209,3,0.53,16,1,99136,342,4.0,India,0
457,81786,Jayanagar,13.07899,77.495245,Entire home/apt,Serviced Apartment,2024-08-01,8,Monsoon,6107,581,209,3,0.61,19,2,116033,172,4.4,India,0
457,81786,Jayanagar,13.07899,77.495245,Entire home/apt,Serviced Apartment,2024-09-01,9,Autumn,7070,581,209,3,0.31,9,3,63630,256,3.6,Singapore,0
457,81786,Jayanagar,13.07899,77.495245,Entire home/apt,Serviced Apartment,2024-10-01,10,Autumn,6551,581,209,3,0.65,20,3,131020,91,4.1,USA,0
457,81786,Jayanagar,13.07899,77.495245,Entire home/apt,Serviced Apartment,2024-11-01,11,Winter,6501,581,209,3,0.69,21,2,136521,214,4.7,India,0
457,81786,Jayanagar,13.07899,77.495245,Entire home/apt,Serviced Apartment,2024-12-01,12,Winter,8446,581,209,3,0.66,20,5,168920,207,4.3,India,0
458,55523,Whitefield,13.026623,77.747889,Entire home/apt,Independent House,2024-01-01,1,Winter,3538,421,269,3,0.24,7,2,24766,142,4.3,India,0
458,55523,Whitefield,13.026623,77.747889,Entire home/apt,Independent House,2024-02-01,2,Winter,3231,421,269,3,0.6,17,2,54927,15,4.8,India,0
458,55523,Whitefield,13.026623,77.747889,Entire home/apt,Independent House,2024-03-01,3,Spring,2946,421,269,3,0.6,19,2,55974,159,4.8,India,0
458,55523,Whitefield,13.026623,77.747889,Entire home/apt,Independent House,2024-04-01,4,Spring,3079,421,269,3,0.69,21,5,64659,217,4.5,India,0
458,55523,Whitefield,13.026623,77.747889,Entire home/apt,Independent House,2024-05-01,5,Spring,3659,421,269,3,0.23,7,4,25613,254,5.0,India,0
458,55523,Whitefield,13.026623,77.747889,Entire home/apt,Independent House,2024-06-01,6,Summer,2967,421,269,3,0.31,9,3,26703,328,4.3,Singapore,0
458,55523,Whitefield,13.026623,77.747889,Entire home/apt,Independent House,2024-07-01,7,Monsoon,2795,421,269,3,0.71,22,2,61490,29,5.0,India,0
458,55523,Whitefield,13.026623,77.747889,Entire home/apt,Independent House,2024-08-01,8,Monsoon,3024,421,269,3,0.41,13,1,39312,103,5.0,India,0
458,55523,Whitefield,13.026623,77.747889,Entire home/apt,Independent House,2024-09-01,9,Autumn,3123,421,269,3,0.46,14,2,43722,303,4.4,India,0
458,55523,Whitefield,13.026623,77.747889,Entire home/apt,Independent House,2024-10-01,10,Autumn,2904,421,269,3,0.56,17,4,49368,25,4.2,India,0
458,55523,Whitefield,13.026623,77.747889,Entire home/apt,Independent House,2024-11-01,11,Winter,2840,421,269,3,0.63,19,1,53960,6,4.8,India,0
458,55523,Whitefield,13.026623,77.747889,Entire home/apt,Independent House,2024-12-01,12,Winter,3769,421,269,3,0.76,24,4,90456,243,4.4,Germany,0
459,75061,Whitefield,12.935878,77.58999,Entire home/apt,Serviced Apartment,2024-01-01,1,Winter,3894,399,103,1,0.57,18,4,70092,198,3.5,Singapore,0
459,75061,Whitefield,12.935878,77.58999,Entire home/apt,Serviced Apartment,2024-02-01,2,Winter,3139,399,103,1,0.28,8,5,25112,181,4.0,India,0
459,75061,Whitefield,12.935878,77.58999,Entire home/apt,Serviced Apartment,2024-03-01,3,Spring,3182,399,103,1,0.4,12,3,38184,26,4.3,USA,0
459,75061,Whitefield,12.935878,77.58999,Entire home/apt,Serviced Apartment,2024-04-01,4,Spring,3352,399,103,1,0.66,20,2,67040,297,4.6,India,0
459,75061,Whitefield,12.935878,77.58999,Entire home/apt,Serviced Apartment,2024-05-01,5,Spring,2756,399,103,1,0.57,18,4,49608,325,4.6,India,0
459,75061,Whitefield,12.935878,77.58999,Entire home/apt,Serviced Apartment,2024-06-01,6,Summer,3071,399,103,1,0.55,16,3,49136,186,4.6,UAE,0
459,75061,Whitefield,12.935878,77.58999,Entire home/apt,Serviced Apartment,2024-07-01,7,Monsoon,2974,399,103,1,0.32,10,3,29740,39,4.4,India,0
459,75061,Whitefield,12.935878,77.58999,Entire home/apt,Serviced Apartment,2024-08-01,8,Monsoon,3123,399,103,1,0.77,24,2,74952,114,4.8,India,0
459,75061,Whitefield,12.935878,77.58999,Entire home/apt,Serviced Apartment,2024-09-01,9,Autumn,3243,399,103,1,0.81,24,2,77832,61,5.0,India,0
459,75061,Whitefield,12.935878,77.58999,Entire home/apt,Serviced Apartment,2024-10-01,10,Autumn,3111,399,103,1,0.41,13,4,40443,285,4.4,India,0
459,75061,Whitefield,12.935878,77.58999,Entire home/apt,Serviced Apartment,2024-11-01,11,Winter,3755,399,103,1,0.32,10,2,37550,1,4.3,India,0
459,75061,Whitefield,12.935878,77.58999,Entire home/apt,Serviced Apartment,2024-12-01,12,Winter,3638,399,103,1,0.58,18,3,65484,306,4.0,UK,0
460,71334,Whitefield,13.078197,77.481735,Entire home/apt,Studio,2024-01-01,1,Winter,4334,7,136,5,0.74,23,5,99682,79,4.3,India,0
460,71334,Whitefield,13.078197,77.481735,Entire home/apt,Studio,2024-02-01,2,Winter,3342,7,136,5,0.53,15,3,50130,301,4.6,India,0
460,71334,Whitefield,13.078197,77.481735,Entire home/apt,Studio,2024-03-01,3,Spring,3698,7,136,5,0.67,21,2,77658,246,5.0,India,0
460,71334,Whitefield,13.078197,77.481735,Entire home/apt,Studio,2024-04-01,4,Spring,3543,7,136,5,0.51,15,2,53145,101,4.9,India,0
460,71334,Whitefield,13.078197,77.481735,Entire home/apt,Studio,2024-05-01,5,Spring,3085,7,136,5,0.26,8,4,24680,20,4.6,India,0
460,71334,Whitefield,13.078197,77.481735,Entire home/apt,Studio,2024-06-01,6,Summer,3468,7,136,5,0.45,14,2,48552,54,4.3,UAE,0
460,71334,Whitefield,13.078197,77.481735,Entire home/apt,Studio,2024-07-01,7,Monsoon,2880,7,136,5,0.43,13,1,37440,146,4.8,India,0
460,71334,Whitefield,13.078197,77.481735,Entire home/apt,Studio,2024-08-01,8,Monsoon,2796,7,136,5,0.52,16,3,44736,281,4.1,India,0
460,71334,Whitefield,13.078197,77.481735,Entire home/apt,Studio,2024-09-01,9,Autumn,3078,7,136,5,0.69,21,2,64638,256,4.3,India,0
460,71334,Whitefield,13.078197,77.481735,Entire home/apt,Studio,2024-10-01,10,Autumn,3406,7,136,5,0.33,10,2,34060,131,4.2,India,0
460,71334,Whitefield,13.078197,77.481735,Entire home/apt,Studio,2024-11-01,11,Winter,3520,7,136,5,0.95,28,3,98560,69,3.7,India,0
460,71334,Whitefield,13.078197,77.481735,Entire home/apt,Studio,2024-12-01,12,Winter,4171,7,136,5,0.62,19,2,79249,95,4.3,India,0
461,61210,Ulsoor,12.715221,77.747994,Entire home/apt,Serviced Apartment,2024-01-01,1,Winter,5678,169,362,3,0.46,14,4,79492,132,5.0,India,0
461,61210,Ulsoor,12.715221,77.747994,Entire home/apt,Serviced Apartment,2024-02-01,2,Winter,4384,169,362,3,0.49,14,2,61376,226,4.9,India,0
461,61210,Ulsoor,12.715221,77.747994,Entire home/apt,Serviced Apartment,2024-03-01,3,Spring,4765,169,362,3,0.55,17,2,81005,223,3.8,India,0
461,61210,Ulsoor,12.715221,77.747994,Entire home/apt,Serviced Apartment,2024-04-01,4,Spring,4753,169,362,3,0.6,18,2,85554,295,4.1,Australia,0
461,61210,Ulsoor,12.715221,77.747994,Entire home/apt,Serviced Apartment,2024-05-01,5,Spring,4411,169,362,3,0.62,19,4,83809,186,4.3,India,0
461,61210,Ulsoor,12.715221,77.747994,Entire home/apt,Serviced Apartment,2024-06-01,6,Summer,4683,169,362,3,0.58,17,4,79611,72,4.7,India,0
461,61210,Ulsoor,12.715221,77.747994,Entire home/apt,Serviced Apartment,2024-07-01,7,Monsoon,4315,169,362,3,0.59,18,1,77670,59,5.0,France,0
461,61210,Ulsoor,12.715221,77.747994,Entire home/apt,Serviced Apartment,2024-08-01,8,Monsoon,4249,169,362,3,0.46,14,4,59486,74,5.0,India,0
461,61210,Ulsoor,12.715221,77.747994,Entire home/apt,Serviced Apartment,2024-09-01,9,Autumn,4571,169,362,3,0.48,14,1,63994,4,4.6,India,0
461,61210,Ulsoor,12.715221,77.747994,Entire home/apt,Serviced Apartment,2024-10-01,10,Autumn,4741,169,362,3,0.61,19,2,90079,332,5.0,India,0
461,61210,Ulsoor,12.715221,77.747994,Entire home/apt,Serviced Apartment,2024-11-01,11,Winter,4736,169,362,3,0.62,19,3,89984,144,4.1,Australia,0
461,61210,Ulsoor,12.715221,77.747994,Entire home/apt,Serviced Apartment,2024-12-01,12,Winter,5613,169,362,3,0.55,17,3,95421,57,4.8,India,0
462,85744,Jayanagar,12.815423,77.706584,Entire home/apt,Independent House,2024-01-01,1,Winter,5354,325,92,1,0.65,20,2,107080,54,4.2,USA,0
462,85744,Jayanagar,12.815423,77.706584,Entire home/apt,Independent House,2024-02-01,2,Winter,4603,325,92,1,0.24,7,4,32221,7,5.0,India,0
462,85744,Jayanagar,12.815423,77.706584,Entire home/apt,Independent House,2024-03-01,3,Spring,4681,325,92,1,0.69,21,2,98301,75,4.6,India,0
462,85744,Jayanagar,12.815423,77.706584,Entire home/apt,Independent House,2024-04-01,4,Spring,4759,325,92,1,0.63,19,4,90421,193,4.8,India,0
462,85744,Jayanagar,12.815423,77.706584,Entire home/apt,Independent House,2024-05-01,5,Spring,4199,325,92,1,0.7,22,2,92378,281,4.1,Netherlands,0
462,85744,Jayanagar,12.815423,77.706584,Entire home/apt,Independent House,2024-06-01,6,Summer,4263,325,92,1,0.67,20,3,85260,206,4.9,USA,0
462,85744,Jayanagar,12.815423,77.706584,Entire home/apt,Independent House,2024-07-01,7,Monsoon,3929,325,92,1,0.48,15,2,58935,341,4.9,Singapore,0
462,85744,Jayanagar,12.815423,77.706584,Entire home/apt,Independent House,2024-08-01,8,Monsoon,3704,325,92,1,0.81,25,3,92600,168,4.5,India,0
462,85744,Jayanagar,12.815423,77.706584,Entire home/apt,Independent House,2024-09-01,9,Autumn,3957,325,92,1,0.36,11,3,43527,47,4.5,India,0
462,85744,Jayanagar,12.815423,77.706584,Entire home/apt,Independent House,2024-10-01,10,Autumn,4291,325,92,1,0.84,26,1,111566,60,4.1,Singapore,0
462,85744,Jayanagar,12.815423,77.706584,Entire home/apt,Independent House,2024-11-01,11,Winter,4271,325,92,1,0.38,11,2,46981,132,4.3,UK,0
462,85744,Jayanagar,12.815423,77.706584,Entire home/apt,Independent House,2024-12-01,12,Winter,5666,325,92,1,0.37,11,2,62326,258,4.7,France,0
463,65638,Whitefield,12.828023,77.524035,Entire home/apt,Apartment,2024-01-01,1,Winter,5066,296,150,1,0.38,12,4,60792,252,5.0,India,0
463,65638,Whitefield,12.828023,77.524035,Entire home/apt,Apartment,2024-02-01,2,Winter,4355,296,150,1,0.56,16,2,69680,190,5.0,UK,0
463,65638,Whitefield,12.828023,77.524035,Entire home/apt,Apartment,2024-03-01,3,Spring,4289,296,150,1,0.62,19,2,81491,50,5.0,India,0
463,65638,Whitefield,12.828023,77.524035,Entire home/apt,Apartment,2024-04-01,4,Spring,4277,296,150,1,0.35,10,2,42770,192,3.9,Australia,0
463,65638,Whitefield,12.828023,77.524035,Entire home/apt,Apartment,2024-05-01,5,Spring,4383,296,150,1,0.48,15,3,65745,343,4.4,Germany,0
463,65638,Whitefield,12.828023,77.524035,Entire home/apt,Apartment,2024-06-01,6,Summer,3749,296,150,1,0.7,21,2,78729,116,4.2,USA,0
463,65638,Whitefield,12.828023,77.524035,Entire home/apt,Apartment,2024-07-01,7,Monsoon,3475,296,150,1,0.6,19,1,66025,151,4.1,UK,0
463,65638,Whitefield,12.828023,77.524035,Entire home/apt,Apartment,2024-08-01,8,Monsoon,3538,296,150,1,0.77,24,2,84912,189,4.7,UK,0
463,65638,Whitefield,12.828023,77.524035,Entire home/apt,Apartment,2024-09-01,9,Autumn,3997,296,150,1,0.59,18,2,71946,236,4.3,India,0
463,65638,Whitefield,12.828023,77.524035,Entire home/apt,Apartment,2024-10-01,10,Autumn,4370,296,150,1,0.44,14,1,61180,33,4.6,India,1
463,65638,Whitefield,12.828023,77.524035,Entire home/apt,Apartment,2024-11-01,11,Winter,3994,296,150,1,0.71,21,2,83874,256,4.9,India,0
463,65638,Whitefield,12.828023,77.524035,Entire home/apt,Apartment,2024-12-01,12,Winter,4957,296,150,1,0.6,19,2,94183,134,4.6,UK,0
464,94045,Frazer Town,12.892462,77.666798,Entire home/apt,Serviced Apartment,2024-01-01,1,Winter,879,61,242,3,0.52,16,5,14064,271,4.0,India,0
464,94045,Frazer Town,12.892462,77.666798,Entire home/apt,Serviced Apartment,2024-02-01,2,Winter,949,61,242,3,0.6,17,2,16133,37,4.4,Australia,0
464,94045,Frazer Town,12.892462,77.666798,Entire home/apt,Serviced Apartment,2024-03-01,3,Spring,629,61,242,3,0.59,18,3,11322,166,3.4,USA,0
464,94045,Frazer Town,12.892462,77.666798,Entire home/apt,Serviced Apartment,2024-04-01,4,Spring,848,61,242,3,0.61,18,3,15264,196,4.6,India,0
464,94045,Frazer Town,12.892462,77.666798,Entire home/apt,Serviced Apartment,2024-05-01,5,Spring,500,61,242,3,0.63,20,3,10000,170,4.1,India,0
464,94045,Frazer Town,12.892462,77.666798,Entire home/apt,Serviced Apartment,2024-06-01,6,Summer,638,61,242,3,0.71,21,3,13398,350,5.0,India,0
464,94045,Frazer Town,12.892462,77.666798,Entire home/apt,Serviced Apartment,2024-07-01,7,Monsoon,730,61,242,3,0.48,15,5,10950,230,4.6,India,0
464,94045,Frazer Town,12.892462,77.666798,Entire home/apt,Serviced Apartment,2024-08-01,8,Monsoon,907,61,242,3,0.69,21,3,19047,153,5.0,Netherlands,0
464,94045,Frazer Town,12.892462,77.666798,Entire home/apt,Serviced Apartment,2024-09-01,9,Autumn,657,61,242,3,0.64,19,2,12483,219,5.0,India,0
464,94045,Frazer Town,12.892462,77.666798,Entire home/apt,Serviced Apartment,2024-10-01,10,Autumn,1097,61,242,3,0.31,10,1,10970,334,4.5,UAE,0
464,94045,Frazer Town,12.892462,77.666798,Entire home/apt,Serviced Apartment,2024-11-01,11,Winter,1096,61,242,3,0.99,30,2,32880,34,4.8,Australia,0
464,94045,Frazer Town,12.892462,77.666798,Entire home/apt,Serviced Apartment,2024-12-01,12,Winter,927,61,242,3,0.45,14,3,12978,173,5.0,India,0
465,62545,Marathahalli,12.867028,77.491509,Entire home/apt,Independent House,2024-01-01,1,Winter,5427,172,350,5,0.63,20,3,108540,243,4.7,India,0
465,62545,Marathahalli,12.867028,77.491509,Entire home/apt,Independent House,2024-02-01,2,Winter,4195,172,350,5,0.49,14,3,58730,15,3.8,Germany,0
465,62545,Marathahalli,12.867028,77.491509,Entire home/apt,Independent House,2024-03-01,3,Spring,5018,172,350,5,0.53,16,3,80288,267,4.7,Netherlands,0
465,62545,Marathahalli,12.867028,77.491509,Entire home/apt,Independent House,2024-04-01,4,Spring,5095,172,350,5,0.62,19,3,96805,119,4.5,India,0
465,62545,Marathahalli,12.867028,77.491509,Entire home/apt,Independent House,2024-05-01,5,Spring,4412,172,350,5,0.6,19,3,83828,189,5.0,UK,0
465,62545,Marathahalli,12.867028,77.491509,Entire home/apt,Independent House,2024-06-01,6,Summer,4436,172,350,5,0.5,15,2,66540,177,4.9,UK,0
465,62545,Marathahalli,12.867028,77.491509,Entire home/apt,Independent House,2024-07-01,7,Monsoon,4182,172,350,5,0.38,12,3,50184,309,5.0,UK,0
465,62545,Marathahalli,12.867028,77.491509,Entire home/apt,Independent House,2024-08-01,8,Monsoon,4008,172,350,5,0.63,20,2,80160,295,4.9,India,0
465,62545,Marathahalli,12.867028,77.491509,Entire home/apt,Independent House,2024-09-01,9,Autumn,4261,172,350,5,0.73,22,1,93742,167,4.3,India,0
465,62545,Marathahalli,12.867028,77.491509,Entire home/apt,Independent House,2024-10-01,10,Autumn,4080,172,350,5,0.44,14,2,57120,131,4.7,UK,0
465,62545,Marathahalli,12.867028,77.491509,Entire home/apt,Independent House,2024-11-01,11,Winter,4185,172,350,5,0.83,25,3,104625,164,5.0,India,0
465,62545,Marathahalli,12.867028,77.491509,Entire home/apt,Independent House,2024-12-01,12,Winter,5733,172,350,5,0.6,19,1,108927,242,4.6,India,0
466,75511,Yeshwanthpur,12.837705,77.497636,Private room,Studio,2024-01-01,1,Winter,2658,449,94,2,0.64,20,4,53160,269,5.0,India,0
466,75511,Yeshwanthpur,12.837705,77.497636,Private room,Studio,2024-02-01,2,Winter,1946,449,94,2,0.54,16,2,31136,206,4.6,USA,0
466,75511,Yeshwanthpur,12.837705,77.497636,Private room,Studio,2024-03-01,3,Spring,2086,449,94,2,0.53,16,2,33376,105,4.7,India,0
466,75511,Yeshwanthpur,12.837705,77.497636,Private room,Studio,2024-04-01,4,Spring,2208,449,94,2,0.75,22,3,48576,89,3.9,Canada,0
466,75511,Yeshwanthpur,12.837705,77.497636,Private room,Studio,2024-05-01,5,Spring,2291,449,94,2,0.66,20,2,45820,52,4.3,India,0
466,75511,Yeshwanthpur,12.837705,77.497636,Private room,Studio,2024-06-01,6,Summer,1883,449,94,2,0.25,8,1,15064,237,4.2,France,0
466,75511,Yeshwanthpur,12.837705,77.497636,Private room,Studio,2024-07-01,7,Monsoon,2069,449,94,2,0.55,17,3,35173,250,5.0,India,0
466,75511,Yeshwanthpur,12.837705,77.497636,Private room,Studio,2024-08-01,8,Monsoon,1737,449,94,2,0.66,20,2,34740,251,4.2,India,0
466,75511,Yeshwanthpur,12.837705,77.497636,Private room,Studio,2024-09-01,9,Autumn,1874,449,94,2,0.54,16,2,29984,150,4.2,India,0
466,75511,Yeshwanthpur,12.837705,77.497636,Private room,Studio,2024-10-01,10,Autumn,1759,449,94,2,0.53,16,4,28144,190,4.5,India,0
466,75511,Yeshwanthpur,12.837705,77.497636,Private room,Studio,2024-11-01,11,Winter,2320,449,94,2,0.7,21,3,48720,295,5.0,India,0
466,75511,Yeshwanthpur,12.837705,77.497636,Private room,Studio,2024-12-01,12,Winter,2727,449,94,2,0.61,19,1,51813,89,4.0,UAE,0
467,85836,Indiranagar,12.782932,77.706943,Entire home/apt,Apartment,2024-01-01,1,Winter,4889,389,172,5,0.7,22,5,107558,291,5.0,Germany,1
467,85836,Indiranagar,12.782932,77.706943,Entire home/apt,Apartment,2024-02-01,2,Winter,3473,389,172,5,0.55,16,5,55568,136,4.7,India,0
467,85836,Indiranagar,12.782932,77.706943,Entire home/apt,Apartment,2024-03-01,3,Spring,4278,389,172,5,0.58,18,2,77004,253,4.5,France,0
467,85836,Indiranagar,12.782932,77.706943,Entire home/apt,Apartment,2024-04-01,4,Spring,4183,389,172,5,0.43,13,1,54379,279,5.0,India,0
467,85836,Indiranagar,12.782932,77.706943,Entire home/apt,Apartment,2024-05-01,5,Spring,3504,389,172,5,0.31,10,1,35040,237,4.5,Singapore,0
467,85836,Indiranagar,12.782932,77.706943,Entire home/apt,Apartment,2024-06-01,6,Summer,4018,389,172,5,0.69,21,3,84378,110,4.8,Germany,0
467,85836,Indiranagar,12.782932,77.706943,Entire home/apt,Apartment,2024-07-01,7,Monsoon,3319,389,172,5,0.58,18,1,59742,99,3.9,India,0
467,85836,Indiranagar,12.782932,77.706943,Entire home/apt,Apartment,2024-08-01,8,Monsoon,2860,389,172,5,0.63,20,3,57200,175,5.0,India,0
467,85836,Indiranagar,12.782932,77.706943,Entire home/apt,Apartment,2024-09-01,9,Autumn,3747,389,172,5,0.69,21,4,78687,149,5.0,India,0
467,85836,Indiranagar,12.782932,77.706943,Entire home/apt,Apartment,2024-10-01,10,Autumn,3744,389,172,5,0.58,18,2,67392,211,4.2,France,0
467,85836,Indiranagar,12.782932,77.706943,Entire home/apt,Apartment,2024-11-01,11,Winter,4083,389,172,5,0.68,20,4,81660,192,4.1,India,0
467,85836,Indiranagar,12.782932,77.706943,Entire home/apt,Apartment,2024-12-01,12,Winter,4364,389,172,5,0.79,24,4,104736,225,4.1,India,0
468,68143,Kalyan Nagar,13.091555,77.724764,Entire home/apt,Independent House,2024-01-01,1,Winter,7439,0,96,5,0.59,18,3,133902,166,4.5,India,0
468,68143,Kalyan Nagar,13.091555,77.724764,Entire home/apt,Independent House,2024-02-01,2,Winter,5689,0,96,5,0.8,23,2,130847,313,4.8,Germany,0
468,68143,Kalyan Nagar,13.091555,77.724764,Entire home/apt,Independent House,2024-03-01,3,Spring,6116,0,96,5,0.26,8,3,48928,55,4.6,India,0
468,68143,Kalyan Nagar,13.091555,77.724764,Entire home/apt,Independent House,2024-04-01,4,Spring,6296,0,96,5,0.29,9,2,56664,309,4.5,India,0
468,68143,Kalyan Nagar,13.091555,77.724764,Entire home/apt,Independent House,2024-05-01,5,Spring,5610,0,96,5,0.52,16,2,89760,80,4.8,Netherlands,0
468,68143,Kalyan Nagar,13.091555,77.724764,Entire home/apt,Independent House,2024-06-01,6,Summer,6022,0,96,5,0.65,20,2,120440,276,4.2,Singapore,0
468,68143,Kalyan Nagar,13.091555,77.724764,Entire home/apt,Independent House,2024-07-01,7,Monsoon,5224,0,96,5,0.52,16,2,83584,293,4.0,India,0
468,68143,Kalyan Nagar,13.091555,77.724764,Entire home/apt,Independent House,2024-08-01,8,Monsoon,5230,0,96,5,0.79,24,2,125520,178,4.5,India,0
468,68143,Kalyan Nagar,13.091555,77.724764,Entire home/apt,Independent House,2024-09-01,9,Autumn,5406,0,96,5,0.52,16,2,86496,288,4.0,Germany,0
468,68143,Kalyan Nagar,13.091555,77.724764,Entire home/apt,Independent House,2024-10-01,10,Autumn,5896,0,96,5,0.59,18,1,106128,220,4.4,USA,0
468,68143,Kalyan Nagar,13.091555,77.724764,Entire home/apt,Independent House,2024-11-01,11,Winter,5658,0,96,5,0.48,14,3,79212,87,4.5,India,0
468,68143,Kalyan Nagar,13.091555,77.724764,Entire home/apt,Independent House,2024-12-01,12,Winter,7001,0,96,5,0.31,10,2,70010,329,5.0,India,0
469,87085,Marathahalli,12.80591,77.674676,Entire home/apt,Apartment,2024-01-01,1,Winter,3853,325,311,1,0.63,20,3,77060,279,4.0,India,0
469,87085,Marathahalli,12.80591,77.674676,Entire home/apt,Apartment,2024-02-01,2,Winter,2702,325,311,1,0.5,14,2,37828,253,4.7,Netherlands,0
469,87085,Marathahalli,12.80591,77.674676,Entire home/apt,Apartment,2024-03-01,3,Spring,3195,325,311,1,0.53,16,3,51120,11,5.0,India,0
469,87085,Marathahalli,12.80591,77.674676,Entire home/apt,Apartment,2024-04-01,4,Spring,2971,325,311,1,0.47,14,3,41594,340,5.0,USA,0
469,87085,Marathahalli,12.80591,77.674676,Entire home/apt,Apartment,2024-05-01,5,Spring,3029,325,311,1,0.48,15,2,45435,87,5.0,India,0
469,87085,Marathahalli,12.80591,77.674676,Entire home/apt,Apartment,2024-06-01,6,Summer,3048,325,311,1,0.53,16,2,48768,39,4.6,UAE,0
469,87085,Marathahalli,12.80591,77.674676,Entire home/apt,Apartment,2024-07-01,7,Monsoon,2602,325,311,1,0.43,13,3,33826,153,4.5,Singapore,0
469,87085,Marathahalli,12.80591,77.674676,Entire home/apt,Apartment,2024-08-01,8,Monsoon,2531,325,311,1,0.59,18,2,45558,16,4.6,India,0
469,87085,Marathahalli,12.80591,77.674676,Entire home/apt,Apartment,2024-09-01,9,Autumn,3207,325,311,1,0.75,22,3,70554,17,4.3,India,0
469,87085,Marathahalli,12.80591,77.674676,Entire home/apt,Apartment,2024-10-01,10,Autumn,3136,325,311,1,0.66,20,2,62720,80,4.6,India,0
469,87085,Marathahalli,12.80591,77.674676,Entire home/apt,Apartment,2024-11-01,11,Winter,2942,325,311,1,0.43,13,2,38246,3,4.7,Canada,0
469,87085,Marathahalli,12.80591,77.674676,Entire home/apt,Apartment,2024-12-01,12,Winter,3455,325,311,1,0.55,17,2,58735,34,3.5,India,0
470,95455,Yeshwanthpur,12.837621,77.742028,Entire home/apt,Independent House,2024-01-01,1,Winter,2589,168,252,3,0.66,20,2,51780,349,4.3,UAE,0
470,95455,Yeshwanthpur,12.837621,77.742028,Entire home/apt,Independent House,2024-02-01,2,Winter,2041,168,252,3,0.69,20,2,40820,258,4.4,Germany,0
470,95455,Yeshwanthpur,12.837621,77.742028,Entire home/apt,Independent House,2024-03-01,3,Spring,1809,168,252,3,0.53,16,4,28944,145,4.5,India,0
470,95455,Yeshwanthpur,12.837621,77.742028,Entire home/apt,Independent House,2024-04-01,4,Spring,1839,168,252,3,0.61,18,2,33102,99,4.6,UK,0
470,95455,Yeshwanthpur,12.837621,77.742028,Entire home/apt,Independent House,2024-05-01,5,Spring,1985,168,252,3,0.6,19,2,37715,83,4.8,India,0
470,95455,Yeshwanthpur,12.837621,77.742028,Entire home/apt,Independent House,2024-06-01,6,Summer,1861,168,252,3,0.59,18,2,33498,83,4.3,India,0
470,95455,Yeshwanthpur,12.837621,77.742028,Entire home/apt,Independent House,2024-07-01,7,Monsoon,1590,168,252,3,0.76,24,2,38160,275,3.7,India,0
470,95455,Yeshwanthpur,12.837621,77.742028,Entire home/apt,Independent House,2024-08-01,8,Monsoon,1881,168,252,3,0.46,14,3,26334,275,4.2,Netherlands,0
470,95455,Yeshwanthpur,12.837621,77.742028,Entire home/apt,Independent House,2024-09-01,9,Autumn,1948,168,252,3,0.33,10,2,19480,64,4.2,France,0
470,95455,Yeshwanthpur,12.837621,77.742028,Entire home/apt,Independent House,2024-10-01,10,Autumn,1727,168,252,3,0.52,16,3,27632,138,4.2,India,0
470,95455,Yeshwanthpur,12.837621,77.742028,Entire home/apt,Independent House,2024-11-01,11,Winter,2216,168,252,3,0.83,25,1,55400,170,3.7,UK,0
470,95455,Yeshwanthpur,12.837621,77.742028,Entire home/apt,Independent House,2024-12-01,12,Winter,2478,168,252,3,0.69,21,2,52038,313,4.7,India,0
471,17397,Whitefield,12.757057,77.740094,Entire home/apt,Apartment,2024-01-01,1,Winter,3238,263,326,5,0.49,15,2,48570,190,4.0,India,1
471,17397,Whitefield,12.757057,77.740094,Entire home/apt,Apartment,2024-02-01,2,Winter,2688,263,326,5,0.33,10,1,26880,93,4.4,India,0
471,17397,Whitefield,12.757057,77.740094,Entire home/apt,Apartment,2024-03-01,3,Spring,2732,263,326,5,0.59,18,4,49176,328,4.2,India,0
471,17397,Whitefield,12.757057,77.740094,Entire home/apt,Apartment,2024-04-01,4,Spring,3039,263,326,5,0.72,22,2,66858,229,5.0,India,0
471,17397,Whitefield,12.757057,77.740094,Entire home/apt,Apartment,2024-05-01,5,Spring,2205,263,326,5,0.43,13,5,28665,50,4.4,India,0
471,17397,Whitefield,12.757057,77.740094,Entire home/apt,Apartment,2024-06-01,6,Summer,2802,263,326,5,0.31,9,2,25218,228,4.1,India,0
471,17397,Whitefield,12.757057,77.740094,Entire home/apt,Apartment,2024-07-01,7,Monsoon,2465,263,326,5,0.57,18,2,44370,246,4.7,India,0
471,17397,Whitefield,12.757057,77.740094,Entire home/apt,Apartment,2024-08-01,8,Monsoon,2527,263,326,5,0.61,19,3,48013,65,4.6,Canada,0
471,17397,Whitefield,12.757057,77.740094,Entire home/apt,Apartment,2024-09-01,9,Autumn,2721,263,326,5,0.66,20,4,54420,140,3.6,India,0
471,17397,Whitefield,12.757057,77.740094,Entire home/apt,Apartment,2024-10-01,10,Autumn,3018,263,326,5,0.23,7,2,21126,260,4.1,India,0
471,17397,Whitefield,12.757057,77.740094,Entire home/apt,Apartment,2024-11-01,11,Winter,2665,263,326,5,0.66,20,2,53300,72,3.3,USA,0
471,17397,Whitefield,12.757057,77.740094,Entire home/apt,Apartment,2024-12-01,12,Winter,3382,263,326,5,0.68,21,4,71022,217,4.9,India,0
472,39958,Indiranagar,12.701804,77.627927,Entire home/apt,Studio,2024-01-01,1,Winter,3205,254,217,3,0.54,17,4,54485,138,4.1,India,0
472,39958,Indiranagar,12.701804,77.627927,Entire home/apt,Studio,2024-02-01,2,Winter,2486,254,217,3,0.67,19,2,47234,181,4.6,India,0
472,39958,Indiranagar,12.701804,77.627927,Entire home/apt,Studio,2024-03-01,3,Spring,3027,254,217,3,0.63,20,4,60540,181,4.8,India,0
472,39958,Indiranagar,12.701804,77.627927,Entire home/apt,Studio,2024-04-01,4,Spring,3104,254,217,3,0.34,10,1,31040,107,4.2,USA,0
472,39958,Indiranagar,12.701804,77.627927,Entire home/apt,Studio,2024-05-01,5,Spring,2617,254,217,3,0.6,19,2,49723,297,4.2,India,0
472,39958,Indiranagar,12.701804,77.627927,Entire home/apt,Studio,2024-06-01,6,Summer,2845,254,217,3,0.9,27,2,76815,341,4.6,Australia,0
472,39958,Indiranagar,12.701804,77.627927,Entire home/apt,Studio,2024-07-01,7,Monsoon,2412,254,217,3,0.73,23,3,55476,226,3.8,India,0
472,39958,Indiranagar,12.701804,77.627927,Entire home/apt,Studio,2024-08-01,8,Monsoon,2401,254,217,3,0.75,23,3,55223,326,4.2,India,0
472,39958,Indiranagar,12.701804,77.627927,Entire home/apt,Studio,2024-09-01,9,Autumn,2418,254,217,3,0.57,17,2,41106,64,4.5,India,0
472,39958,Indiranagar,12.701804,77.627927,Entire home/apt,Studio,2024-10-01,10,Autumn,2482,254,217,3,0.91,28,3,69496,67,4.3,India,0
472,39958,Indiranagar,12.701804,77.627927,Entire home/apt,Studio,2024-11-01,11,Winter,2433,254,217,3,0.59,18,3,43794,130,4.9,India,0
472,39958,Indiranagar,12.701804,77.627927,Entire home/apt,Studio,2024-12-01,12,Winter,3331,254,217,3,0.67,21,3,69951,276,4.2,Germany,0
473,10973,Basavanagudi,13.008664,77.594931,Entire home/apt,Serviced Apartment,2024-01-01,1,Winter,6815,384,275,2,0.63,20,5,136300,120,4.8,UK,0
473,10973,Basavanagudi,13.008664,77.594931,Entire home/apt,Serviced Apartment,2024-02-01,2,Winter,5111,384,275,2,0.5,14,5,71554,220,5.0,India,0
473,10973,Basavanagudi,13.008664,77.594931,Entire home/apt,Serviced Apartment,2024-03-01,3,Spring,6124,384,275,2,0.4,12,2,73488,316,4.6,Canada,0
473,10973,Basavanagudi,13.008664,77.594931,Entire home/apt,Serviced Apartment,2024-04-01,4,Spring,5727,384,275,2,0.47,14,2,80178,239,4.6,USA,0
473,10973,Basavanagudi,13.008664,77.594931,Entire home/apt,Serviced Apartment,2024-05-01,5,Spring,5513,384,275,2,0.64,20,3,110260,221,4.4,India,0
473,10973,Basavanagudi,13.008664,77.594931,Entire home/apt,Serviced Apartment,2024-06-01,6,Summer,5387,384,275,2,0.52,16,4,86192,170,4.7,India,0
473,10973,Basavanagudi,13.008664,77.594931,Entire home/apt,Serviced Apartment,2024-07-01,7,Monsoon,5035,384,275,2,0.26,8,3,40280,183,4.8,USA,0
473,10973,Basavanagudi,13.008664,77.594931,Entire home/apt,Serviced Apartment,2024-08-01,8,Monsoon,4449,384,275,2,0.76,24,3,106776,277,4.2,India,0
473,10973,Basavanagudi,13.008664,77.594931,Entire home/apt,Serviced Apartment,2024-09-01,9,Autumn,5042,384,275,2,0.68,20,3,100840,223,4.6,USA,0
473,10973,Basavanagudi,13.008664,77.594931,Entire home/apt,Serviced Apartment,2024-10-01,10,Autumn,5086,384,275,2,0.38,12,2,61032,207,4.4,UK,1
473,10973,Basavanagudi,13.008664,77.594931,Entire home/apt,Serviced Apartment,2024-11-01,11,Winter,5045,384,275,2,0.41,12,3,60540,203,4.5,India,0
473,10973,Basavanagudi,13.008664,77.594931,Entire home/apt,Serviced Apartment,2024-12-01,12,Winter,6413,384,275,2,0.64,20,3,128260,86,5.0,India,0
474,93577,Yeshwanthpur,12.994846,77.474046,Entire home/apt,Independent House,2024-01-01,1,Winter,4554,319,364,2,0.38,12,2,54648,179,5.0,India,0
474,93577,Yeshwanthpur,12.994846,77.474046,Entire home/apt,Independent House,2024-02-01,2,Winter,3535,319,364,2,0.69,20,2,70700,339,5.0,UAE,0
474,93577,Yeshwanthpur,12.994846,77.474046,Entire home/apt,Independent House,2024-03-01,3,Spring,3709,319,364,2,0.47,15,2,55635,153,4.9,India,0
474,93577,Yeshwanthpur,12.994846,77.474046,Entire home/apt,Independent House,2024-04-01,4,Spring,3879,319,364,2,0.72,22,3,85338,96,4.5,India,0
474,93577,Yeshwanthpur,12.994846,77.474046,Entire home/apt,Independent House,2024-05-01,5,Spring,3178,319,364,2,0.59,18,2,57204,92,4.9,India,0
474,93577,Yeshwanthpur,12.994846,77.474046,Entire home/apt,Independent House,2024-06-01,6,Summer,3525,319,364,2,0.49,15,1,52875,86,4.6,Germany,0
474,93577,Yeshwanthpur,12.994846,77.474046,Entire home/apt,Independent House,2024-07-01,7,Monsoon,2727,319,364,2,0.7,22,2,59994,140,4.2,India,0
474,93577,Yeshwanthpur,12.994846,77.474046,Entire home/apt,Independent House,2024-08-01,8,Monsoon,3145,319,364,2,0.38,12,3,37740,89,4.9,India,0
474,93577,Yeshwanthpur,12.994846,77.474046,Entire home/apt,Independent House,2024-09-01,9,Autumn,3385,319,364,2,0.44,13,3,44005,310,4.8,USA,0
474,93577,Yeshwanthpur,12.994846,77.474046,Entire home/apt,Independent House,2024-10-01,10,Autumn,3203,319,364,2,0.67,21,2,67263,87,4.4,France,0
474,93577,Yeshwanthpur,12.994846,77.474046,Entire home/apt,Independent House,2024-11-01,11,Winter,2977,319,364,2,0.41,12,2,35724,204,4.3,India,0
474,93577,Yeshwanthpur,12.994846,77.474046,Entire home/apt,Independent House,2024-12-01,12,Winter,4424,319,364,2,0.69,21,4,92904,175,5.0,France,1
475,86115,Rajajinagar,12.872123,77.505533,Entire home/apt,Villa,2024-01-01,1,Winter,6818,219,100,1,0.48,15,3,102270,314,4.2,India,0
475,86115,Rajajinagar,12.872123,77.505533,Entire home/apt,Villa,2024-02-01,2,Winter,5116,219,100,1,0.54,16,1,81856,112,4.0,India,0
475,86115,Rajajinagar,12.872123,77.505533,Entire home/apt,Villa,2024-03-01,3,Spring,6026,219,100,1,0.86,27,3,162702,275,4.3,India,0
475,86115,Rajajinagar,12.872123,77.505533,Entire home/apt,Villa,2024-04-01,4,Spring,6070,219,100,1,0.68,20,2,121400,152,4.6,France,0
475,86115,Rajajinagar,12.872123,77.505533,Entire home/apt,Villa,2024-05-01,5,Spring,5542,219,100,1,0.49,15,1,83130,303,4.4,India,0
475,86115,Rajajinagar,12.872123,77.505533,Entire home/apt,Villa,2024-06-01,6,Summer,5292,219,100,1,0.67,20,4,105840,23,3.8,India,0
475,86115,Rajajinagar,12.872123,77.505533,Entire home/apt,Villa,2024-07-01,7,Monsoon,5129,219,100,1,0.33,10,1,51290,270,4.9,India,0
475,86115,Rajajinagar,12.872123,77.505533,Entire home/apt,Villa,2024-08-01,8,Monsoon,4865,219,100,1,0.36,11,2,53515,19,4.7,India,0
475,86115,Rajajinagar,12.872123,77.505533,Entire home/apt,Villa,2024-09-01,9,Autumn,5669,219,100,1,0.48,14,2,79366,56,4.8,UAE,0
475,86115,Rajajinagar,12.872123,77.505533,Entire home/apt,Villa,2024-10-01,10,Autumn,5027,219,100,1,0.34,11,3,55297,28,5.0,India,0
475,86115,Rajajinagar,12.872123,77.505533,Entire home/apt,Villa,2024-11-01,11,Winter,5440,219,100,1,0.26,8,2,43520,144,4.2,India,0
475,86115,Rajajinagar,12.872123,77.505533,Entire home/apt,Villa,2024-12-01,12,Winter,6671,219,100,1,0.52,16,3,106736,181,4.4,India,0
476,39919,Electronic City,12.769386,77.531413,Entire home/apt,Serviced Apartment,2024-01-01,1,Winter,4913,289,155,2,0.66,20,3,98260,105,4.7,Netherlands,0
476,39919,Electronic City,12.769386,77.531413,Entire home/apt,Serviced Apartment,2024-02-01,2,Winter,3947,289,155,2,0.54,16,3,63152,58,4.0,India,0
476,39919,Electronic City,12.769386,77.531413,Entire home/apt,Serviced Apartment,2024-03-01,3,Spring,4326,289,155,2,0.62,19,4,82194,316,4.6,India,0
476,39919,Electronic City,12.769386,77.531413,Entire home/apt,Serviced Apartment,2024-04-01,4,Spring,3959,289,155,2,0.51,15,3,59385,222,4.8,India,0
476,39919,Electronic City,12.769386,77.531413,Entire home/apt,Serviced Apartment,2024-05-01,5,Spring,3910,289,155,2,0.72,22,4,86020,50,4.8,India,0
476,39919,Electronic City,12.769386,77.531413,Entire home/apt,Serviced Apartment,2024-06-01,6,Summer,3827,289,155,2,0.62,19,2,72713,147,4.4,India,0
476,39919,Electronic City,12.769386,77.531413,Entire home/apt,Serviced Apartment,2024-07-01,7,Monsoon,3584,289,155,2,0.54,17,3,60928,235,4.6,India,0
476,39919,Electronic City,12.769386,77.531413,Entire home/apt,Serviced Apartment,2024-08-01,8,Monsoon,3182,289,155,2,0.5,16,2,50912,198,4.4,India,0
476,39919,Electronic City,12.769386,77.531413,Entire home/apt,Serviced Apartment,2024-09-01,9,Autumn,3554,289,155,2,0.72,22,2,78188,215,4.0,UAE,0
476,39919,Electronic City,12.769386,77.531413,Entire home/apt,Serviced Apartment,2024-10-01,10,Autumn,3733,289,155,2,0.62,19,3,70927,216,3.8,Australia,0
476,39919,Electronic City,12.769386,77.531413,Entire home/apt,Serviced Apartment,2024-11-01,11,Winter,3626,289,155,2,0.64,19,2,68894,149,4.7,India,0
476,39919,Electronic City,12.769386,77.531413,Entire home/apt,Serviced Apartment,2024-12-01,12,Winter,4602,289,155,2,0.7,22,5,101244,142,4.5,Singapore,0
477,72047,Yeshwanthpur,13.043339,77.480026,Entire home/apt,Apartment,2024-01-01,1,Winter,4580,337,124,5,0.46,14,3,64120,289,4.3,India,0
477,72047,Yeshwanthpur,13.043339,77.480026,Entire home/apt,Apartment,2024-02-01,2,Winter,3383,337,124,5,0.51,15,2,50745,86,5.0,India,0
477,72047,Yeshwanthpur,13.043339,77.480026,Entire home/apt,Apartment,2024-03-01,3,Spring,3981,337,124,5,0.39,12,2,47772,157,4.3,India,0
477,72047,Yeshwanthpur,13.043339,77.480026,Entire home/apt,Apartment,2024-04-01,4,Spring,3941,337,124,5,0.42,13,2,51233,254,4.2,India,0
477,72047,Yeshwanthpur,13.043339,77.480026,Entire home/apt,Apartment,2024-05-01,5,Spring,3784,337,124,5,0.47,15,2,56760,219,4.9,UK,0
477,72047,Yeshwanthpur,13.043339,77.480026,Entire home/apt,Apartment,2024-06-01,6,Summer,3767,337,124,5,0.45,14,3,52738,256,4.1,France,0
477,72047,Yeshwanthpur,13.043339,77.480026,Entire home/apt,Apartment,2024-07-01,7,Monsoon,3109,337,124,5,0.39,12,3,37308,229,4.5,India,0
477,72047,Yeshwanthpur,13.043339,77.480026,Entire home/apt,Apartment,2024-08-01,8,Monsoon,3123,337,124,5,0.61,19,5,59337,84,5.0,India,0
477,72047,Yeshwanthpur,13.043339,77.480026,Entire home/apt,Apartment,2024-09-01,9,Autumn,3679,337,124,5,0.63,19,2,69901,274,3.7,India,0
477,72047,Yeshwanthpur,13.043339,77.480026,Entire home/apt,Apartment,2024-10-01,10,Autumn,3604,337,124,5,0.82,25,2,90100,70,3.3,India,0
477,72047,Yeshwanthpur,13.043339,77.480026,Entire home/apt,Apartment,2024-11-01,11,Winter,3653,337,124,5,0.53,16,2,58448,239,4.2,India,0
477,72047,Yeshwanthpur,13.043339,77.480026,Entire home/apt,Apartment,2024-12-01,12,Winter,4555,337,124,5,0.81,25,3,113875,136,4.8,India,1
478,10421,Richmond Town,12.835561,77.600258,Entire home/apt,Villa,2024-01-01,1,Winter,3845,158,326,3,0.66,20,2,76900,200,4.3,USA,0
478,10421,Richmond Town,12.835561,77.600258,Entire home/apt,Villa,2024-02-01,2,Winter,2996,158,326,3,0.95,28,3,83888,308,4.9,India,0
478,10421,Richmond Town,12.835561,77.600258,Entire home/apt,Villa,2024-03-01,3,Spring,3589,158,326,3,0.31,10,3,35890,297,4.2,UK,0
478,10421,Richmond Town,12.835561,77.600258,Entire home/apt,Villa,2024-04-01,4,Spring,3373,158,326,3,0.38,11,2,37103,39,5.0,India,0
478,10421,Richmond Town,12.835561,77.600258,Entire home/apt,Villa,2024-05-01,5,Spring,3336,158,326,3,0.45,14,2,46704,156,5.0,India,0
478,10421,Richmond Town,12.835561,77.600258,Entire home/apt,Villa,2024-06-01,6,Summer,3054,158,326,3,0.92,28,3,85512,210,4.6,USA,0
478,10421,Richmond Town,12.835561,77.600258,Entire home/apt,Villa,2024-07-01,7,Monsoon,2863,158,326,3,0.74,23,2,65849,233,5.0,India,0
478,10421,Richmond Town,12.835561,77.600258,Entire home/apt,Villa,2024-08-01,8,Monsoon,2850,158,326,3,0.51,16,4,45600,134,4.7,India,0
478,10421,Richmond Town,12.835561,77.600258,Entire home/apt,Villa,2024-09-01,9,Autumn,2891,158,326,3,0.55,16,2,46256,202,4.1,USA,0
478,10421,Richmond Town,12.835561,77.600258,Entire home/apt,Villa,2024-10-01,10,Autumn,2698,158,326,3,0.54,17,1,45866,231,5.0,Australia,0
478,10421,Richmond Town,12.835561,77.600258,Entire home/apt,Villa,2024-11-01,11,Winter,3239,158,326,3,0.52,16,2,51824,212,5.0,India,0
478,10421,Richmond Town,12.835561,77.600258,Entire home/apt,Villa,2024-12-01,12,Winter,3704,158,326,3,0.24,7,2,25928,239,3.6,India,0
479,40649,Malleshwaram,12.921381,77.692741,Shared room,Apartment,2024-01-01,1,Winter,2476,422,268,3,0.6,19,4,47044,44,5.0,India,0
479,40649,Malleshwaram,12.921381,77.692741,Shared room,Apartment,2024-02-01,2,Winter,1862,422,268,3,0.6,17,3,31654,292,4.7,India,0
479,40649,Malleshwaram,12.921381,77.692741,Shared room,Apartment,2024-03-01,3,Spring,2118,422,268,3,0.73,23,1,48714,231,4.4,India,0
479,40649,Malleshwaram,12.921381,77.692741,Shared room,Apartment,2024-04-01,4,Spring,2214,422,268,3,0.85,26,3,57564,295,4.7,Australia,0
479,40649,Malleshwaram,12.921381,77.692741,Shared room,Apartment,2024-05-01,5,Spring,2267,422,268,3,0.73,23,1,52141,264,4.2,India,0
479,40649,Malleshwaram,12.921381,77.692741,Shared room,Apartment,2024-06-01,6,Summer,2331,422,268,3,0.45,14,1,32634,232,4.3,India,0
479,40649,Malleshwaram,12.921381,77.692741,Shared room,Apartment,2024-07-01,7,Monsoon,1819,422,268,3,0.44,14,4,25466,197,4.8,India,0
479,40649,Malleshwaram,12.921381,77.692741,Shared room,Apartment,2024-08-01,8,Monsoon,1926,422,268,3,0.45,14,5,26964,186,4.8,India,0
479,40649,Malleshwaram,12.921381,77.692741,Shared room,Apartment,2024-09-01,9,Autumn,2027,422,268,3,0.48,14,4,28378,17,4.5,India,0
479,40649,Malleshwaram,12.921381,77.692741,Shared room,Apartment,2024-10-01,10,Autumn,2174,422,268,3,0.59,18,1,39132,126,4.4,India,0
479,40649,Malleshwaram,12.921381,77.692741,Shared room,Apartment,2024-11-01,11,Winter,2251,422,268,3,0.5,15,3,33765,125,4.2,India,0
479,40649,Malleshwaram,12.921381,77.692741,Shared room,Apartment,2024-12-01,12,Winter,2309,422,268,3,0.68,21,2,48489,330,4.5,India,0
480,63025,Marathahalli,12.980337,77.716299,Entire home/apt,Independent House,2024-01-01,1,Winter,4596,456,173,2,0.38,12,2,55152,243,4.5,UAE,0
480,63025,Marathahalli,12.980337,77.716299,Entire home/apt,Independent House,2024-02-01,2,Winter,3814,456,173,2,0.55,16,3,61024,314,5.0,India,0
480,63025,Marathahalli,12.980337,77.716299,Entire home/apt,Independent House,2024-03-01,3,Spring,3631,456,173,2,0.75,23,3,83513,260,4.8,India,0
480,63025,Marathahalli,12.980337,77.716299,Entire home/apt,Independent House,2024-04-01,4,Spring,4219,456,173,2,0.1,3,2,12657,111,5.0,India,0
480,63025,Marathahalli,12.980337,77.716299,Entire home/apt,Independent House,2024-05-01,5,Spring,3548,456,173,2,0.51,16,2,56768,306,4.4,Germany,0
480,63025,Marathahalli,12.980337,77.716299,Entire home/apt,Independent House,2024-06-01,6,Summer,3834,456,173,2,0.68,20,1,76680,241,4.9,UK,0
480,63025,Marathahalli,12.980337,77.716299,Entire home/apt,Independent House,2024-07-01,7,Monsoon,3540,456,173,2,0.62,19,3,67260,104,4.7,India,0
480,63025,Marathahalli,12.980337,77.716299,Entire home/apt,Independent House,2024-08-01,8,Monsoon,3159,456,173,2,0.47,15,4,47385,263,4.9,India,0
480,63025,Marathahalli,12.980337,77.716299,Entire home/apt,Independent House,2024-09-01,9,Autumn,3920,456,173,2,0.69,21,4,82320,257,4.3,UK,0
480,63025,Marathahalli,12.980337,77.716299,Entire home/apt,Independent House,2024-10-01,10,Autumn,3935,456,173,2,0.41,13,5,51155,12,4.9,USA,0
480,63025,Marathahalli,12.980337,77.716299,Entire home/apt,Independent House,2024-11-01,11,Winter,3701,456,173,2,0.84,25,5,92525,165,3.9,Australia,0
480,63025,Marathahalli,12.980337,77.716299,Entire home/apt,Independent House,2024-12-01,12,Winter,5043,456,173,2,0.53,16,4,80688,326,4.3,India,0
481,25459,Electronic City,12.723473,77.644374,Entire home/apt,Apartment,2024-01-01,1,Winter,4652,195,359,5,0.49,15,3,69780,226,4.2,India,0
481,25459,Electronic City,12.723473,77.644374,Entire home/apt,Apartment,2024-02-01,2,Winter,3830,195,359,5,0.46,13,2,49790,31,4.2,UK,0
481,25459,Electronic City,12.723473,77.644374,Entire home/apt,Apartment,2024-03-01,3,Spring,3832,195,359,5,0.52,16,2,61312,83,5.0,India,0
481,25459,Electronic City,12.723473,77.644374,Entire home/apt,Apartment,2024-04-01,4,Spring,3937,195,359,5,0.49,15,5,59055,7,4.6,India,0
481,25459,Electronic City,12.723473,77.644374,Entire home/apt,Apartment,2024-05-01,5,Spring,3659,195,359,5,0.93,29,4,106111,297,4.4,India,0
481,25459,Electronic City,12.723473,77.644374,Entire home/apt,Apartment,2024-06-01,6,Summer,3800,195,359,5,0.74,22,3,83600,260,4.9,France,0
481,25459,Electronic City,12.723473,77.644374,Entire home/apt,Apartment,2024-07-01,7,Monsoon,3405,195,359,5,0.58,18,1,61290,290,5.0,Germany,0
481,25459,Electronic City,12.723473,77.644374,Entire home/apt,Apartment,2024-08-01,8,Monsoon,3340,195,359,5,0.53,16,4,53440,251,4.2,India,0
481,25459,Electronic City,12.723473,77.644374,Entire home/apt,Apartment,2024-09-01,9,Autumn,3388,195,359,5,0.72,22,2,74536,165,3.6,Canada,0
481,25459,Electronic City,12.723473,77.644374,Entire home/apt,Apartment,2024-10-01,10,Autumn,3732,195,359,5,0.57,18,3,67176,119,5.0,India,0
481,25459,Electronic City,12.723473,77.644374,Entire home/apt,Apartment,2024-11-01,11,Winter,3367,195,359,5,0.46,14,4,47138,3,4.4,India,0
481,25459,Electronic City,12.723473,77.644374,Entire home/apt,Apartment,2024-12-01,12,Winter,4627,195,359,5,0.52,16,4,74032,157,4.5,India,0
482,86980,Basavanagudi,12.763094,77.511874,Entire home/apt,Studio,2024-01-01,1,Winter,2021,353,200,1,0.57,18,3,36378,121,4.3,Canada,0
482,86980,Basavanagudi,12.763094,77.511874,Entire home/apt,Studio,2024-02-01,2,Winter,2191,353,200,1,0.83,24,5,52584,307,4.4,India,0
482,86980,Basavanagudi,12.763094,77.511874,Entire home/apt,Studio,2024-03-01,3,Spring,2464,353,200,1,0.52,16,2,39424,183,4.1,UK,0
482,86980,Basavanagudi,12.763094,77.511874,Entire home/apt,Studio,2024-04-01,4,Spring,2535,353,200,1,0.65,20,3,50700,214,4.5,India,0
482,86980,Basavanagudi,12.763094,77.511874,Entire home/apt,Studio,2024-05-01,5,Spring,2125,353,200,1,0.61,19,5,40375,306,4.5,India,0
482,86980,Basavanagudi,12.763094,77.511874,Entire home/apt,Studio,2024-06-01,6,Summer,1723,353,200,1,0.53,16,3,27568,275,4.7,India,0
482,86980,Basavanagudi,12.763094,77.511874,Entire home/apt,Studio,2024-07-01,7,Monsoon,1765,353,200,1,0.71,22,1,38830,132,4.7,Netherlands,0
482,86980,Basavanagudi,12.763094,77.511874,Entire home/apt,Studio,2024-08-01,8,Monsoon,1614,353,200,1,0.37,11,3,17754,139,4.4,India,0
482,86980,Basavanagudi,12.763094,77.511874,Entire home/apt,Studio,2024-09-01,9,Autumn,1884,353,200,1,0.62,19,4,35796,142,4.2,India,0
482,86980,Basavanagudi,12.763094,77.511874,Entire home/apt,Studio,2024-10-01,10,Autumn,1865,353,200,1,0.73,23,2,42895,27,4.6,India,0
482,86980,Basavanagudi,12.763094,77.511874,Entire home/apt,Studio,2024-11-01,11,Winter,1848,353,200,1,0.57,17,3,31416,38,5.0,India,0
482,86980,Basavanagudi,12.763094,77.511874,Entire home/apt,Studio,2024-12-01,12,Winter,2543,353,200,1,0.66,20,3,50860,212,4.2,India,0
483,10731,Malleshwaram,12.953607,77.736154,Entire home/apt,Independent House,2024-01-01,1,Winter,5755,647,138,3,0.35,11,4,63305,270,4.6,India,0
483,10731,Malleshwaram,12.953607,77.736154,Entire home/apt,Independent House,2024-02-01,2,Winter,4906,647,138,3,0.51,15,4,73590,26,4.1,India,0
483,10731,Malleshwaram,12.953607,77.736154,Entire home/apt,Independent House,2024-03-01,3,Spring,5183,647,138,3,0.62,19,3,98477,129,4.3,Singapore,0
483,10731,Malleshwaram,12.953607,77.736154,Entire home/apt,Independent House,2024-04-01,4,Spring,5325,647,138,3,0.7,21,3,111825,336,4.6,India,0
483,10731,Malleshwaram,12.953607,77.736154,Entire home/apt,Independent House,2024-05-01,5,Spring,4726,647,138,3,0.65,20,4,94520,261,4.2,India,0
483,10731,Malleshwaram,12.953607,77.736154,Entire home/apt,Independent House,2024-06-01,6,Summer,4541,647,138,3,0.49,15,1,68115,229,4.3,UK,0
483,10731,Malleshwaram,12.953607,77.736154,Entire home/apt,Independent House,2024-07-01,7,Monsoon,4097,647,138,3,0.8,25,2,102425,27,5.0,UAE,0
483,10731,Malleshwaram,12.953607,77.736154,Entire home/apt,Independent House,2024-08-01,8,Monsoon,4187,647,138,3,0.54,17,5,71179,211,4.4,India,0
483,10731,Malleshwaram,12.953607,77.736154,Entire home/apt,Independent House,2024-09-01,9,Autumn,4952,647,138,3,0.72,22,1,108944,24,3.8,India,0
483,10731,Malleshwaram,12.953607,77.736154,Entire home/apt,Independent House,2024-10-01,10,Autumn,4826,647,138,3,0.33,10,3,48260,276,5.0,India,0
483,10731,Malleshwaram,12.953607,77.736154,Entire home/apt,Independent House,2024-11-01,11,Winter,4819,647,138,3,0.41,12,4,57828,33,4.4,India,0
483,10731,Malleshwaram,12.953607,77.736154,Entire home/apt,Independent House,2024-12-01,12,Winter,5856,647,138,3,0.61,19,2,111264,270,4.9,India,0
484,82124,HSR Layout,12.960513,77.681118,Private room,Studio,2024-01-01,1,Winter,2973,575,247,1,0.4,12,3,35676,9,4.5,India,0
484,82124,HSR Layout,12.960513,77.681118,Private room,Studio,2024-02-01,2,Winter,2464,575,247,1,0.71,21,3,51744,173,4.4,Canada,0
484,82124,HSR Layout,12.960513,77.681118,Private room,Studio,2024-03-01,3,Spring,2496,575,247,1,0.98,30,2,74880,331,4.5,India,0
484,82124,HSR Layout,12.960513,77.681118,Private room,Studio,2024-04-01,4,Spring,2208,575,247,1,0.55,16,2,35328,38,4.6,India,0
484,82124,HSR Layout,12.960513,77.681118,Private room,Studio,2024-05-01,5,Spring,2018,575,247,1,0.59,18,1,36324,303,4.0,India,0
484,82124,HSR Layout,12.960513,77.681118,Private room,Studio,2024-06-01,6,Summer,1989,575,247,1,0.64,19,3,37791,197,3.8,Australia,0
484,82124,HSR Layout,12.960513,77.681118,Private room,Studio,2024-07-01,7,Monsoon,2089,575,247,1,0.23,7,2,14623,241,3.8,India,0
484,82124,HSR Layout,12.960513,77.681118,Private room,Studio,2024-08-01,8,Monsoon,1810,575,247,1,0.57,18,2,32580,285,5.0,India,0
484,82124,HSR Layout,12.960513,77.681118,Private room,Studio,2024-09-01,9,Autumn,2133,575,247,1,0.49,15,2,31995,8,4.7,India,0
484,82124,HSR Layout,12.960513,77.681118,Private room,Studio,2024-10-01,10,Autumn,1948,575,247,1,0.55,17,2,33116,29,4.0,India,0
484,82124,HSR Layout,12.960513,77.681118,Private room,Studio,2024-11-01,11,Winter,2138,575,247,1,0.51,15,5,32070,215,4.2,India,0
484,82124,HSR Layout,12.960513,77.681118,Private room,Studio,2024-12-01,12,Winter,2685,575,247,1,0.55,17,4,45645,135,5.0,India,0
485,87969,Malleshwaram,12.952086,77.505164,Entire home/apt,Studio,2024-01-01,1,Winter,1814,288,328,1,0.66,20,1,36280,5,4.8,USA,0
485,87969,Malleshwaram,12.952086,77.505164,Entire home/apt,Studio,2024-02-01,2,Winter,1674,288,328,1,0.42,12,3,20088,336,4.9,India,0
485,87969,Malleshwaram,12.952086,77.505164,Entire home/apt,Studio,2024-03-01,3,Spring,1424,288,328,1,0.27,8,2,11392,191,4.0,India,0
485,87969,Malleshwaram,12.952086,77.505164,Entire home/apt,Studio,2024-04-01,4,Spring,1724,288,328,1,0.63,19,3,32756,299,3.3,India,0
485,87969,Malleshwaram,12.952086,77.505164,Entire home/apt,Studio,2024-05-01,5,Spring,1837,288,328,1,0.55,17,4,31229,114,3.9,India,0
485,87969,Malleshwaram,12.952086,77.505164,Entire home/apt,Studio,2024-06-01,6,Summer,1593,288,328,1,0.69,21,2,33453,93,4.7,India,0
485,87969,Malleshwaram,12.952086,77.505164,Entire home/apt,Studio,2024-07-01,7,Monsoon,1634,288,328,1,0.32,10,2,16340,231,4.3,India,0
485,87969,Malleshwaram,12.952086,77.505164,Entire home/apt,Studio,2024-08-01,8,Monsoon,1231,288,328,1,0.79,24,4,29544,30,4.8,India,0
485,87969,Malleshwaram,12.952086,77.505164,Entire home/apt,Studio,2024-09-01,9,Autumn,2142,288,328,1,0.46,14,2,29988,229,4.2,India,0
485,87969,Malleshwaram,12.952086,77.505164,Entire home/apt,Studio,2024-10-01,10,Autumn,1545,288,328,1,0.74,23,4,35535,150,4.4,India,0
485,87969,Malleshwaram,12.952086,77.505164,Entire home/apt,Studio,2024-11-01,11,Winter,1597,288,328,1,0.54,16,4,25552,157,4.5,India,0
485,87969,Malleshwaram,12.952086,77.505164,Entire home/apt,Studio,2024-12-01,12,Winter,1836,288,328,1,0.51,16,2,29376,217,4.4,India,0
486,79833,Electronic City,13.015909,77.683665,Entire home/apt,Apartment,2024-01-01,1,Winter,4714,441,204,5,0.47,15,4,70710,139,4.3,Australia,0
486,79833,Electronic City,13.015909,77.683665,Entire home/apt,Apartment,2024-02-01,2,Winter,3325,441,204,5,0.63,18,3,59850,60,4.3,India,0
486,79833,Electronic City,13.015909,77.683665,Entire home/apt,Apartment,2024-03-01,3,Spring,3886,441,204,5,0.77,24,3,93264,231,3.5,Netherlands,0
486,79833,Electronic City,13.015909,77.683665,Entire home/apt,Apartment,2024-04-01,4,Spring,3937,441,204,5,0.53,16,2,62992,189,4.7,India,0
486,79833,Electronic City,13.015909,77.683665,Entire home/apt,Apartment,2024-05-01,5,Spring,3311,441,204,5,0.78,24,3,79464,210,4.9,India,0
486,79833,Electronic City,13.015909,77.683665,Entire home/apt,Apartment,2024-06-01,6,Summer,3603,441,204,5,0.72,22,2,79266,65,4.2,India,0
486,79833,Electronic City,13.015909,77.683665,Entire home/apt,Apartment,2024-07-01,7,Monsoon,3018,441,204,5,0.71,22,1,66396,206,4.2,Germany,0
486,79833,Electronic City,13.015909,77.683665,Entire home/apt,Apartment,2024-08-01,8,Monsoon,3430,441,204,5,0.55,17,3,58310,319,4.7,Netherlands,0
486,79833,Electronic City,13.015909,77.683665,Entire home/apt,Apartment,2024-09-01,9,Autumn,3909,441,204,5,0.49,15,2,58635,299,4.5,India,0
486,79833,Electronic City,13.015909,77.683665,Entire home/apt,Apartment,2024-10-01,10,Autumn,3700,441,204,5,0.74,23,2,85100,158,4.4,India,0
486,79833,Electronic City,13.015909,77.683665,Entire home/apt,Apartment,2024-11-01,11,Winter,3387,441,204,5,0.57,17,4,57579,341,5.0,UAE,0
486,79833,Electronic City,13.015909,77.683665,Entire home/apt,Apartment,2024-12-01,12,Winter,4307,441,204,5,0.61,19,2,81833,25,4.3,Canada,0
487,78738,Malleshwaram,12.773808,77.738374,Entire home/apt,Independent House,2024-01-01,1,Winter,5232,323,85,5,0.38,12,2,62784,37,3.7,Canada,0
487,78738,Malleshwaram,12.773808,77.738374,Entire home/apt,Independent House,2024-02-01,2,Winter,4180,323,85,5,0.65,19,3,79420,208,5.0,India,0
487,78738,Malleshwaram,12.773808,77.738374,Entire home/apt,Independent House,2024-03-01,3,Spring,4917,323,85,5,0.61,19,4,93423,193,4.4,India,0
487,78738,Malleshwaram,12.773808,77.738374,Entire home/apt,Independent House,2024-04-01,4,Spring,4934,323,85,5,0.57,17,3,83878,307,5.0,India,0
487,78738,Malleshwaram,12.773808,77.738374,Entire home/apt,Independent House,2024-05-01,5,Spring,4327,323,85,5,0.73,23,2,99521,308,4.8,Germany,0
487,78738,Malleshwaram,12.773808,77.738374,Entire home/apt,Independent House,2024-06-01,6,Summer,4493,323,85,5,0.23,7,3,31451,126,4.9,India,0
487,78738,Malleshwaram,12.773808,77.738374,Entire home/apt,Independent House,2024-07-01,7,Monsoon,3886,323,85,5,0.46,14,3,54404,244,3.9,Singapore,0
487,78738,Malleshwaram,12.773808,77.738374,Entire home/apt,Independent House,2024-08-01,8,Monsoon,3910,323,85,5,0.53,16,2,62560,263,4.0,India,0
487,78738,Malleshwaram,12.773808,77.738374,Entire home/apt,Independent House,2024-09-01,9,Autumn,4052,323,85,5,0.6,18,2,72936,312,4.8,India,0
487,78738,Malleshwaram,12.773808,77.738374,Entire home/apt,Independent House,2024-10-01,10,Autumn,4384,323,85,5,0.7,22,4,96448,222,4.5,India,0
487,78738,Malleshwaram,12.773808,77.738374,Entire home/apt,Independent House,2024-11-01,11,Winter,4336,323,85,5,0.39,12,2,52032,88,3.9,India,0
487,78738,Malleshwaram,12.773808,77.738374,Entire home/apt,Independent House,2024-12-01,12,Winter,5802,323,85,5,0.7,22,4,127644,128,3.9,UAE,0
488,22536,Yeshwanthpur,12.780057,77.608364,Entire home/apt,Studio,2024-01-01,1,Winter,4553,284,123,2,0.5,16,5,72848,206,4.7,India,1
488,22536,Yeshwanthpur,12.780057,77.608364,Entire home/apt,Studio,2024-02-01,2,Winter,3849,284,123,2,0.62,18,1,69282,152,4.5,India,0
488,22536,Yeshwanthpur,12.780057,77.608364,Entire home/apt,Studio,2024-03-01,3,Spring,4023,284,123,2,0.7,22,5,88506,238,4.7,UAE,0
488,22536,Yeshwanthpur,12.780057,77.608364,Entire home/apt,Studio,2024-04-01,4,Spring,4068,284,123,2,0.55,16,2,65088,315,4.6,USA,0
488,22536,Yeshwanthpur,12.780057,77.608364,Entire home/apt,Studio,2024-05-01,5,Spring,3593,284,123,2,0.68,21,4,75453,156,4.1,USA,0
488,22536,Yeshwanthpur,12.780057,77.608364,Entire home/apt,Studio,2024-06-01,6,Summer,3604,284,123,2,0.65,20,3,72080,17,4.0,Singapore,0
488,22536,Yeshwanthpur,12.780057,77.608364,Entire home/apt,Studio,2024-07-01,7,Monsoon,3003,284,123,2,0.57,18,3,54054,288,3.8,India,0
488,22536,Yeshwanthpur,12.780057,77.608364,Entire home/apt,Studio,2024-08-01,8,Monsoon,3058,284,123,2,0.67,21,2,64218,8,4.4,India,0
488,22536,Yeshwanthpur,12.780057,77.608364,Entire home/apt,Studio,2024-09-01,9,Autumn,3943,284,123,2,0.38,11,4,43373,253,4.5,India,0
488,22536,Yeshwanthpur,12.780057,77.608364,Entire home/apt,Studio,2024-10-01,10,Autumn,3765,284,123,2,0.38,12,4,45180,278,4.9,India,1
488,22536,Yeshwanthpur,12.780057,77.608364,Entire home/apt,Studio,2024-11-01,11,Winter,3788,284,123,2,0.32,10,3,37880,222,4.5,India,0
488,22536,Yeshwanthpur,12.780057,77.608364,Entire home/apt,Studio,2024-12-01,12,Winter,4684,284,123,2,0.47,15,4,70260,196,3.9,India,0
489,97441,Jayanagar,12.818741,77.453407,Entire home/apt,Independent House,2024-01-01,1,Winter,4715,631,108,2,0.78,24,2,113160,118,4.2,India,0
489,97441,Jayanagar,12.818741,77.453407,Entire home/apt,Independent House,2024-02-01,2,Winter,3877,631,108,2,0.66,19,5,73663,219,4.5,India,0
489,97441,Jayanagar,12.818741,77.453407,Entire home/apt,Independent House,2024-03-01,3,Spring,4158,631,108,2,0.65,20,4,83160,318,5.0,Canada,0
489,97441,Jayanagar,12.818741,77.453407,Entire home/apt,Independent House,2024-04-01,4,Spring,4277,631,108,2,0.47,14,3,59878,317,4.4,India,0
489,97441,Jayanagar,12.818741,77.453407,Entire home/apt,Independent House,2024-05-01,5,Spring,4337,631,108,2,0.56,17,4,73729,291,4.3,Canada,0
489,97441,Jayanagar,12.818741,77.453407,Entire home/apt,Independent House,2024-06-01,6,Summer,3605,631,108,2,0.27,8,4,28840,279,4.6,UAE,0
489,97441,Jayanagar,12.818741,77.453407,Entire home/apt,Independent House,2024-07-01,7,Monsoon,3580,631,108,2,0.48,15,5,53700,17,4.5,India,0
489,97441,Jayanagar,12.818741,77.453407,Entire home/apt,Independent House,2024-08-01,8,Monsoon,3216,631,108,2,0.56,17,4,54672,205,4.7,India,0
489,97441,Jayanagar,12.818741,77.453407,Entire home/apt,Independent House,2024-09-01,9,Autumn,3727,631,108,2,0.8,24,4,89448,43,4.2,India,0
489,97441,Jayanagar,12.818741,77.453407,Entire home/apt,Independent House,2024-10-01,10,Autumn,3890,631,108,2,0.67,21,2,81690,321,4.5,UAE,0
489,97441,Jayanagar,12.818741,77.453407,Entire home/apt,Independent House,2024-11-01,11,Winter,3797,631,108,2,0.33,10,2,37970,51,5.0,UAE,0
489,97441,Jayanagar,12.818741,77.453407,Entire home/apt,Independent House,2024-12-01,12,Winter,4759,631,108,2,0.62,19,2,90421,170,4.8,Netherlands,0
490,95411,Basavanagudi,13.03983,77.452018,Entire home/apt,Villa,2024-01-01,1,Winter,3698,270,331,3,0.4,12,2,44376,83,5.0,India,0
490,95411,Basavanagudi,13.03983,77.452018,Entire home/apt,Villa,2024-02-01,2,Winter,2598,270,331,3,0.39,11,3,28578,246,4.6,India,0
490,95411,Basavanagudi,13.03983,77.452018,Entire home/apt,Villa,2024-03-01,3,Spring,3461,270,331,3,0.28,9,2,31149,207,4.4,India,0
490,95411,Basavanagudi,13.03983,77.452018,Entire home/apt,Villa,2024-04-01,4,Spring,3115,270,331,3,0.58,17,1,52955,250,4.7,India,0
490,95411,Basavanagudi,13.03983,77.452018,Entire home/apt,Villa,2024-05-01,5,Spring,2603,270,331,3,0.48,15,3,39045,37,4.4,India,0
490,95411,Basavanagudi,13.03983,77.452018,Entire home/apt,Villa,2024-06-01,6,Summer,2521,270,331,3,0.56,17,5,42857,31,4.3,India,0
490,95411,Basavanagudi,13.03983,77.452018,Entire home/apt,Villa,2024-07-01,7,Monsoon,2377,270,331,3,0.62,19,1,45163,294,3.8,UK,0
490,95411,Basavanagudi,13.03983,77.452018,Entire home/apt,Villa,2024-08-01,8,Monsoon,2426,270,331,3,0.92,29,2,70354,23,4.1,India,0
490,95411,Basavanagudi,13.03983,77.452018,Entire home/apt,Villa,2024-09-01,9,Autumn,3003,270,331,3,0.58,17,2,51051,318,4.3,USA,0
490,95411,Basavanagudi,13.03983,77.452018,Entire home/apt,Villa,2024-10-01,10,Autumn,2482,270,331,3,0.59,18,3,44676,36,5.0,India,0
490,95411,Basavanagudi,13.03983,77.452018,Entire home/apt,Villa,2024-11-01,11,Winter,2669,270,331,3,0.56,17,2,45373,235,4.9,India,0
490,95411,Basavanagudi,13.03983,77.452018,Entire home/apt,Villa,2024-12-01,12,Winter,3500,270,331,3,0.34,11,2,38500,94,4.5,Germany,0
491,50699,Bellandur,13.038651,77.535983,Entire home/apt,Villa,2024-01-01,1,Winter,6094,294,332,5,0.64,20,1,121880,273,4.4,India,0
491,50699,Bellandur,13.038651,77.535983,Entire home/apt,Villa,2024-02-01,2,Winter,4949,294,332,5,0.33,10,2,49490,33,4.9,UAE,0
491,50699,Bellandur,13.038651,77.535983,Entire home/apt,Villa,2024-03-01,3,Spring,5699,294,332,5,0.45,14,4,79786,240,4.5,India,0
491,50699,Bellandur,13.038651,77.535983,Entire home/apt,Villa,2024-04-01,4,Spring,5717,294,332,5,0.6,18,1,102906,311,4.4,India,0
491,50699,Bellandur,13.038651,77.535983,Entire home/apt,Villa,2024-05-01,5,Spring,5075,294,332,5,0.51,16,2,81200,17,4.7,Netherlands,0
491,50699,Bellandur,13.038651,77.535983,Entire home/apt,Villa,2024-06-01,6,Summer,5322,294,332,5,0.57,17,3,90474,182,5.0,India,0
491,50699,Bellandur,13.038651,77.535983,Entire home/apt,Villa,2024-07-01,7,Monsoon,4928,294,332,5,0.71,22,3,108416,336,4.4,India,0
491,50699,Bellandur,13.038651,77.535983,Entire home/apt,Villa,2024-08-01,8,Monsoon,4826,294,332,5,0.52,16,3,77216,177,4.8,India,0
491,50699,Bellandur,13.038651,77.535983,Entire home/apt,Villa,2024-09-01,9,Autumn,5292,294,332,5,0.62,19,2,100548,98,4.6,Netherlands,0
491,50699,Bellandur,13.038651,77.535983,Entire home/apt,Villa,2024-10-01,10,Autumn,5311,294,332,5,0.99,31,1,164641,37,4.2,India,0
491,50699,Bellandur,13.038651,77.535983,Entire home/apt,Villa,2024-11-01,11,Winter,5179,294,332,5,0.69,21,1,108759,177,4.3,India,0
491,50699,Bellandur,13.038651,77.535983,Entire home/apt,Villa,2024-12-01,12,Winter,6584,294,332,5,0.42,13,1,85592,48,4.7,India,0
492,44153,Bellandur,12.987325,77.635746,Entire home/apt,Independent House,2024-01-01,1,Winter,5273,252,139,5,0.31,10,1,52730,251,4.2,France,1
492,44153,Bellandur,12.987325,77.635746,Entire home/apt,Independent House,2024-02-01,2,Winter,4072,252,139,5,0.41,12,2,48864,300,3.8,India,0
492,44153,Bellandur,12.987325,77.635746,Entire home/apt,Independent House,2024-03-01,3,Spring,4454,252,139,5,0.69,21,4,93534,6,5.0,USA,0
492,44153,Bellandur,12.987325,77.635746,Entire home/apt,Independent House,2024-04-01,4,Spring,4406,252,139,5,0.7,21,2,92526,159,4.8,India,0
492,44153,Bellandur,12.987325,77.635746,Entire home/apt,Independent House,2024-05-01,5,Spring,4348,252,139,5,0.53,16,2,69568,9,3.8,Netherlands,0
492,44153,Bellandur,12.987325,77.635746,Entire home/apt,Independent House,2024-06-01,6,Summer,4119,252,139,5,0.43,13,2,53547,279,4.2,India,0
492,44153,Bellandur,12.987325,77.635746,Entire home/apt,Independent House,2024-07-01,7,Monsoon,3634,252,139,5,0.53,16,1,58144,276,4.6,India,0
492,44153,Bellandur,12.987325,77.635746,Entire home/apt,Independent House,2024-08-01,8,Monsoon,3834,252,139,5,0.53,16,2,61344,195,4.7,India,0
492,44153,Bellandur,12.987325,77.635746,Entire home/apt,Independent House,2024-09-01,9,Autumn,4107,252,139,5,0.73,22,2,90354,20,4.4,India,0
492,44153,Bellandur,12.987325,77.635746,Entire home/apt,Independent House,2024-10-01,10,Autumn,4090,252,139,5,0.53,16,2,65440,278,4.4,India,0
492,44153,Bellandur,12.987325,77.635746,Entire home/apt,Independent House,2024-11-01,11,Winter,3949,252,139,5,0.45,14,2,55286,10,4.8,India,0
492,44153,Bellandur,12.987325,77.635746,Entire home/apt,Independent House,2024-12-01,12,Winter,4915,252,139,5,0.54,17,3,83555,6,4.9,India,0
493,89702,Yeshwanthpur,12.736217,77.720389,Entire home/apt,Serviced Apartment,2024-01-01,1,Winter,3727,424,185,2,0.4,12,3,44724,175,3.9,USA,0
493,89702,Yeshwanthpur,12.736217,77.720389,Entire home/apt,Serviced Apartment,2024-02-01,2,Winter,3338,424,185,2,0.39,11,1,36718,97,4.8,India,0
493,89702,Yeshwanthpur,12.736217,77.720389,Entire home/apt,Serviced Apartment,2024-03-01,3,Spring,3184,424,185,2,0.75,23,2,73232,134,5.0,Australia,0
493,89702,Yeshwanthpur,12.736217,77.720389,Entire home/apt,Serviced Apartment,2024-04-01,4,Spring,3046,424,185,2,0.39,12,3,36552,259,4.8,UAE,0
493,89702,Yeshwanthpur,12.736217,77.720389,Entire home/apt,Serviced Apartment,2024-05-01,5,Spring,3178,424,185,2,0.67,21,3,66738,221,4.3,India,0
493,89702,Yeshwanthpur,12.736217,77.720389,Entire home/apt,Serviced Apartment,2024-06-01,6,Summer,3473,424,185,2,0.57,17,3,59041,309,4.0,India,0
493,89702,Yeshwanthpur,12.736217,77.720389,Entire home/apt,Serviced Apartment,2024-07-01,7,Monsoon,2718,424,185,2,0.38,12,5,32616,21,5.0,India,0
493,89702,Yeshwanthpur,12.736217,77.720389,Entire home/apt,Serviced Apartment,2024-08-01,8,Monsoon,2636,424,185,2,0.63,20,1,52720,347,4.3,USA,0
493,89702,Yeshwanthpur,12.736217,77.720389,Entire home/apt,Serviced Apartment,2024-09-01,9,Autumn,2953,424,185,2,0.27,8,3,23624,314,4.7,India,0
493,89702,Yeshwanthpur,12.736217,77.720389,Entire home/apt,Serviced Apartment,2024-10-01,10,Autumn,3335,424,185,2,0.42,13,4,43355,322,3.9,Singapore,0
493,89702,Yeshwanthpur,12.736217,77.720389,Entire home/apt,Serviced Apartment,2024-11-01,11,Winter,3236,424,185,2,0.31,9,2,29124,47,5.0,India,0
493,89702,Yeshwanthpur,12.736217,77.720389,Entire home/apt,Serviced Apartment,2024-12-01,12,Winter,3665,424,185,2,0.39,12,4,43980,74,4.6,Germany,0
494,22615,Yeshwanthpur,12.914846,77.616063,Entire home/apt,Villa,2024-01-01,1,Winter,2887,193,163,5,0.19,6,2,17322,336,5.0,India,0
494,22615,Yeshwanthpur,12.914846,77.616063,Entire home/apt,Villa,2024-02-01,2,Winter,2262,193,163,5,0.36,10,2,22620,151,4.1,Netherlands,0
494,22615,Yeshwanthpur,12.914846,77.616063,Entire home/apt,Villa,2024-03-01,3,Spring,2677,193,163,5,0.65,20,3,53540,344,5.0,Netherlands,0
494,22615,Yeshwanthpur,12.914846,77.616063,Entire home/apt,Villa,2024-04-01,4,Spring,2343,193,163,5,0.6,18,2,42174,160,4.7,India,0
494,22615,Yeshwanthpur,12.914846,77.616063,Entire home/apt,Villa,2024-05-01,5,Spring,2393,193,163,5,0.73,23,4,55039,347,4.2,India,0
494,22615,Yeshwanthpur,12.914846,77.616063,Entire home/apt,Villa,2024-06-01,6,Summer,2232,193,163,5,0.47,14,2,31248,139,4.5,India,0
494,22615,Yeshwanthpur,12.914846,77.616063,Entire home/apt,Villa,2024-07-01,7,Monsoon,2167,193,163,5,0.31,10,2,21670,245,4.9,USA,0
494,22615,Yeshwanthpur,12.914846,77.616063,Entire home/apt,Villa,2024-08-01,8,Monsoon,1801,193,163,5,0.51,16,5,28816,29,5.0,Singapore,0
494,22615,Yeshwanthpur,12.914846,77.616063,Entire home/apt,Villa,2024-09-01,9,Autumn,2319,193,163,5,0.61,18,3,41742,347,4.0,UK,0
494,22615,Yeshwanthpur,12.914846,77.616063,Entire home/apt,Villa,2024-10-01,10,Autumn,2046,193,163,5,0.7,22,4,45012,100,4.3,India,0
494,22615,Yeshwanthpur,12.914846,77.616063,Entire home/apt,Villa,2024-11-01,11,Winter,2156,193,163,5,0.7,21,2,45276,37,4.1,France,0
494,22615,Yeshwanthpur,12.914846,77.616063,Entire home/apt,Villa,2024-12-01,12,Winter,2870,193,163,5,0.56,17,3,48790,124,4.5,India,0
495,73690,Malleshwaram,13.099121,77.489681,Entire home/apt,Independent House,2024-01-01,1,Winter,3381,213,247,5,0.6,19,4,64239,186,4.2,India,1
495,73690,Malleshwaram,13.099121,77.489681,Entire home/apt,Independent House,2024-02-01,2,Winter,3070,213,247,5,0.49,14,3,42980,37,4.1,USA,0
495,73690,Malleshwaram,13.099121,77.489681,Entire home/apt,Independent House,2024-03-01,3,Spring,3117,213,247,5,0.47,15,2,46755,66,4.9,India,0
495,73690,Malleshwaram,13.099121,77.489681,Entire home/apt,Independent House,2024-04-01,4,Spring,3091,213,247,5,0.49,15,4,46365,229,5.0,India,0
495,73690,Malleshwaram,13.099121,77.489681,Entire home/apt,Independent House,2024-05-01,5,Spring,2978,213,247,5,0.78,24,4,71472,264,5.0,India,0
495,73690,Malleshwaram,13.099121,77.489681,Entire home/apt,Independent House,2024-06-01,6,Summer,2700,213,247,5,0.68,20,2,54000,26,5.0,India,0
495,73690,Malleshwaram,13.099121,77.489681,Entire home/apt,Independent House,2024-07-01,7,Monsoon,2895,213,247,5,0.68,21,1,60795,202,4.9,India,0
495,73690,Malleshwaram,13.099121,77.489681,Entire home/apt,Independent House,2024-08-01,8,Monsoon,2529,213,247,5,0.4,12,4,30348,189,4.4,India,0
495,73690,Malleshwaram,13.099121,77.489681,Entire home/apt,Independent House,2024-09-01,9,Autumn,2545,213,247,5,0.73,22,3,55990,328,4.4,India,0
495,73690,Malleshwaram,13.099121,77.489681,Entire home/apt,Independent House,2024-10-01,10,Autumn,3135,213,247,5,0.34,11,3,34485,136,4.9,France,0
495,73690,Malleshwaram,13.099121,77.489681,Entire home/apt,Independent House,2024-11-01,11,Winter,2779,213,247,5,0.34,10,3,27790,5,5.0,Australia,0
495,73690,Malleshwaram,13.099121,77.489681,Entire home/apt,Independent House,2024-12-01,12,Winter,3817,213,247,5,0.56,17,3,64889,303,4.5,India,0
496,41097,Indiranagar,12.757265,77.490577,Entire home/apt,Villa,2024-01-01,1,Winter,4875,329,160,2,0.54,17,3,82875,235,5.0,UK,0
496,41097,Indiranagar,12.757265,77.490577,Entire home/apt,Villa,2024-02-01,2,Winter,4561,329,160,2,0.83,24,3,109464,187,4.7,India,0
496,41097,Indiranagar,12.757265,77.490577,Entire home/apt,Villa,2024-03-01,3,Spring,4362,329,160,2,0.48,15,2,65430,332,4.2,France,0
496,41097,Indiranagar,12.757265,77.490577,Entire home/apt,Villa,2024-04-01,4,Spring,4319,329,160,2,0.92,28,5,120932,21,5.0,India,0
496,41097,Indiranagar,12.757265,77.490577,Entire home/apt,Villa,2024-05-01,5,Spring,4176,329,160,2,0.46,14,3,58464,220,4.9,India,0
496,41097,Indiranagar,12.757265,77.490577,Entire home/apt,Villa,2024-06-01,6,Summer,3980,329,160,2,0.28,8,4,31840,237,4.6,India,0
496,41097,Indiranagar,12.757265,77.490577,Entire home/apt,Villa,2024-07-01,7,Monsoon,3456,329,160,2,0.48,15,4,51840,252,4.4,UAE,0
496,41097,Indiranagar,12.757265,77.490577,Entire home/apt,Villa,2024-08-01,8,Monsoon,3525,329,160,2,0.59,18,3,63450,131,4.5,Germany,0
496,41097,Indiranagar,12.757265,77.490577,Entire home/apt,Villa,2024-09-01,9,Autumn,3652,329,160,2,0.83,25,5,91300,302,4.1,Canada,0
496,41097,Indiranagar,12.757265,77.490577,Entire home/apt,Villa,2024-10-01,10,Autumn,3837,329,160,2,0.55,17,1,65229,146,4.5,USA,0
496,41097,Indiranagar,12.757265,77.490577,Entire home/apt,Villa,2024-11-01,11,Winter,4318,329,160,2,0.64,19,2,82042,146,4.7,UAE,0
496,41097,Indiranagar,12.757265,77.490577,Entire home/apt,Villa,2024-12-01,12,Winter,5087,329,160,2,0.63,20,2,101740,46,4.6,India,1
497,83539,Whitefield,12.987347,77.628573,Entire home/apt,Villa,2024-01-01,1,Winter,1707,262,351,2,0.99,31,2,52917,144,4.0,UK,0
497,83539,Whitefield,12.987347,77.628573,Entire home/apt,Villa,2024-02-01,2,Winter,1264,262,351,2,0.47,14,2,17696,85,5.0,India,0
497,83539,Whitefield,12.987347,77.628573,Entire home/apt,Villa,2024-03-01,3,Spring,1028,262,351,2,0.65,20,3,20560,76,3.9,India,0
497,83539,Whitefield,12.987347,77.628573,Entire home/apt,Villa,2024-04-01,4,Spring,1235,262,351,2,0.55,16,3,19760,26,4.9,India,0
497,83539,Whitefield,12.987347,77.628573,Entire home/apt,Villa,2024-05-01,5,Spring,965,262,351,2,0.66,20,2,19300,6,4.5,India,0
497,83539,Whitefield,12.987347,77.628573,Entire home/apt,Villa,2024-06-01,6,Summer,1234,262,351,2,0.7,21,4,25914,52,4.0,Germany,0
497,83539,Whitefield,12.987347,77.628573,Entire home/apt,Villa,2024-07-01,7,Monsoon,1224,262,351,2,0.47,15,4,18360,158,4.9,India,0
497,83539,Whitefield,12.987347,77.628573,Entire home/apt,Villa,2024-08-01,8,Monsoon,1128,262,351,2,0.53,16,1,18048,5,4.3,India,0
497,83539,Whitefield,12.987347,77.628573,Entire home/apt,Villa,2024-09-01,9,Autumn,1344,262,351,2,0.75,22,4,29568,78,4.3,UK,0
497,83539,Whitefield,12.987347,77.628573,Entire home/apt,Villa,2024-10-01,10,Autumn,954,262,351,2,0.66,20,4,19080,207,3.9,India,0
497,83539,Whitefield,12.987347,77.628573,Entire home/apt,Villa,2024-11-01,11,Winter,919,262,351,2,0.4,12,3,11028,32,4.3,India,0
497,83539,Whitefield,12.987347,77.628573,Entire home/apt,Villa,2024-12-01,12,Winter,1208,262,351,2,0.27,8,2,9664,36,4.0,India,0
498,10572,MG Road,12.876488,77.653817,Entire home/apt,Apartment,2024-01-01,1,Winter,5269,109,296,5,0.86,27,4,142263,161,4.5,India,0
498,10572,MG Road,12.876488,77.653817,Entire home/apt,Apartment,2024-02-01,2,Winter,4338,109,296,5,0.43,12,2,52056,31,5.0,India,0
498,10572,MG Road,12.876488,77.653817,Entire home/apt,Apartment,2024-03-01,3,Spring,4589,109,296,5,0.54,17,2,78013,154,5.0,India,0
498,10572,MG Road,12.876488,77.653817,Entire home/apt,Apartment,2024-04-01,4,Spring,4661,109,296,5,0.58,17,2,79237,167,4.4,India,0
498,10572,MG Road,12.876488,77.653817,Entire home/apt,Apartment,2024-05-01,5,Spring,4216,109,296,5,0.63,20,3,84320,28,4.7,USA,0
498,10572,MG Road,12.876488,77.653817,Entire home/apt,Apartment,2024-06-01,6,Summer,4142,109,296,5,0.46,14,5,57988,187,4.3,India,0
498,10572,MG Road,12.876488,77.653817,Entire home/apt,Apartment,2024-07-01,7,Monsoon,3563,109,296,5,0.33,10,3,35630,163,4.6,India,0
498,10572,MG Road,12.876488,77.653817,Entire home/apt,Apartment,2024-08-01,8,Monsoon,4030,109,296,5,0.7,22,5,88660,239,3.5,India,0
498,10572,MG Road,12.876488,77.653817,Entire home/apt,Apartment,2024-09-01,9,Autumn,4221,109,296,5,0.41,12,2,50652,235,4.6,India,0
498,10572,MG Road,12.876488,77.653817,Entire home/apt,Apartment,2024-10-01,10,Autumn,4187,109,296,5,0.66,20,4,83740,40,4.5,UK,0
498,10572,MG Road,12.876488,77.653817,Entire home/apt,Apartment,2024-11-01,11,Winter,3891,109,296,5,0.43,13,3,50583,272,4.5,India,0
498,10572,MG Road,12.876488,77.653817,Entire home/apt,Apartment,2024-12-01,12,Winter,5355,109,296,5,0.36,11,5,58905,153,3.9,Australia,0
499,38155,Kalyan Nagar,12.832039,77.715552,Entire home/apt,Independent House,2024-01-01,1,Winter,4125,89,245,5,0.45,14,2,57750,343,4.3,India,0
499,38155,Kalyan Nagar,12.832039,77.715552,Entire home/apt,Independent House,2024-02-01,2,Winter,3392,89,245,5,0.41,12,5,40704,191,4.5,India,0
499,38155,Kalyan Nagar,12.832039,77.715552,Entire home/apt,Independent House,2024-03-01,3,Spring,3779,89,245,5,0.52,16,1,60464,95,4.3,Netherlands,0
499,38155,Kalyan Nagar,12.832039,77.715552,Entire home/apt,Independent House,2024-04-01,4,Spring,3956,89,245,5,0.65,20,5,79120,244,4.8,Australia,0
499,38155,Kalyan Nagar,12.832039,77.715552,Entire home/apt,Independent House,2024-05-01,5,Spring,3824,89,245,5,0.64,20,4,76480,45,4.6,India,0
499,38155,Kalyan Nagar,12.832039,77.715552,Entire home/apt,Independent House,2024-06-01,6,Summer,3481,89,245,5,0.46,14,2,48734,3,4.1,Germany,0
499,38155,Kalyan Nagar,12.832039,77.715552,Entire home/apt,Independent House,2024-07-01,7,Monsoon,3210,89,245,5,0.62,19,2,60990,95,4.2,India,0
499,38155,Kalyan Nagar,12.832039,77.715552,Entire home/apt,Independent House,2024-08-01,8,Monsoon,3203,89,245,5,0.41,13,3,41639,221,4.6,India,0
499,38155,Kalyan Nagar,12.832039,77.715552,Entire home/apt,Independent House,2024-09-01,9,Autumn,3458,89,245,5,0.4,12,2,41496,73,4.2,India,0
499,38155,Kalyan Nagar,12.832039,77.715552,Entire home/apt,Independent House,2024-10-01,10,Autumn,3667,89,245,5,0.5,16,3,58672,245,4.3,India,0
499,38155,Kalyan Nagar,12.832039,77.715552,Entire home/apt,Independent House,2024-11-01,11,Winter,3619,89,245,5,0.45,14,2,50666,207,5.0,India,0
499,38155,Kalyan Nagar,12.832039,77.715552,Entire home/apt,Independent House,2024-12-01,12,Winter,4264,89,245,5,0.49,15,1,63960,287,3.9,UAE,0
500,31478,Malleshwaram,13.073909,77.718731,Entire home/apt,Studio,2024-01-01,1,Winter,4002,48,175,3,0.64,20,2,80040,242,4.8,UAE,0
500,31478,Malleshwaram,13.073909,77.718731,Entire home/apt,Studio,2024-02-01,2,Winter,3088,48,175,3,0.4,12,3,37056,114,4.2,USA,0
500,31478,Malleshwaram,13.073909,77.718731,Entire home/apt,Studio,2024-03-01,3,Spring,3697,48,175,3,0.74,23,4,85031,333,4.5,India,0
500,31478,Malleshwaram,13.073909,77.718731,Entire home/apt,Studio,2024-04-01,4,Spring,3288,48,175,3,0.73,22,2,72336,93,4.2,India,0
500,31478,Malleshwaram,13.073909,77.718731,Entire home/apt,Studio,2024-05-01,5,Spring,3128,48,175,3,0.73,23,1,71944,0,4.2,India,0
500,31478,Malleshwaram,13.073909,77.718731,Entire home/apt,Studio,2024-06-01,6,Summer,3248,48,175,3,0.61,18,3,58464,116,4.5,UK,0
500,31478,Malleshwaram,13.073909,77.718731,Entire home/apt,Studio,2024-07-01,7,Monsoon,2576,48,175,3,0.42,13,2,33488,142,4.6,India,0
500,31478,Malleshwaram,13.073909,77.718731,Entire home/apt,Studio,2024-08-01,8,Monsoon,2490,48,175,3,0.55,17,2,42330,152,4.7,India,0
500,31478,Malleshwaram,13.073909,77.718731,Entire home/apt,Studio,2024-09-01,9,Autumn,3280,48,175,3,0.32,10,1,32800,302,5.0,India,0
500,31478,Malleshwaram,13.073909,77.718731,Entire home/apt,Studio,2024-10-01,10,Autumn,3422,48,175,3,0.59,18,4,61596,4,4.1,Germany,0
500,31478,Malleshwaram,13.073909,77.718731,Entire home/apt,Studio,2024-11-01,11,Winter,3018,48,175,3,0.52,16,4,48288,43,4.6,India,0
500,31478,Malleshwaram,13.073909,77.718731,Entire home/apt,Studio,2024-12-01,12,Winter,3857,48,175,3,0.57,18,2,69426,175,4.5,India,0
